stop_sequence,station,latitude,longitude,distance_km_to_centre,travel_min_to_centre,park_and_ride,rtb_area,year,bedrooms,property_type,avg_rent,dublin_avg,vs_dublin_pct
0,St. Stephen's Green,53.339072,-6.261333,0.0,0,No,"Charlemont Street, Dublin 2",2008,All bedrooms,All property types,1506.83,1271.28,18.5
0,St. Stephen's Green,53.339072,-6.261333,0.0,0,No,"Charlemont Street, Dublin 2",2008,All bedrooms,Apartment,1506.0,1266.06,19.0
0,St. Stephen's Green,53.339072,-6.261333,0.0,0,No,"Charlemont Street, Dublin 2",2008,Two bed,All property types,1555.48,1296.13,20.0
0,St. Stephen's Green,53.339072,-6.261333,0.0,0,No,"Charlemont Street, Dublin 2",2008,Two bed,Apartment,1555.67,1323.06,17.6
0,St. Stephen's Green,53.339072,-6.261333,0.0,0,No,"Charlemont Street, Dublin 2",2008,1 to 2 bed,All property types,1449.88,1147.99,26.3
0,St. Stephen's Green,53.339072,-6.261333,0.0,0,No,"Charlemont Street, Dublin 2",2008,1 to 2 bed,Apartment,1447.38,1230.06,17.7
0,St. Stephen's Green,53.339072,-6.261333,0.0,0,No,"Charlemont Street, Dublin 2",2008,1 to 3 bed,All property types,1506.83,1220.36,23.5
0,St. Stephen's Green,53.339072,-6.261333,0.0,0,No,"Charlemont Street, Dublin 2",2008,1 to 3 bed,Apartment,1506.0,1262.6,19.3
1,Harcourt,53.333358,-6.26265,0.64,2,No,"Charlemont Street, Dublin 2",2008,All bedrooms,All property types,1506.83,1271.28,18.5
1,Harcourt,53.333358,-6.26265,0.64,2,No,"Charlemont Street, Dublin 2",2008,All bedrooms,Apartment,1506.0,1266.06,19.0
1,Harcourt,53.333358,-6.26265,0.64,2,No,"Charlemont Street, Dublin 2",2008,Two bed,All property types,1555.48,1296.13,20.0
1,Harcourt,53.333358,-6.26265,0.64,2,No,"Charlemont Street, Dublin 2",2008,Two bed,Apartment,1555.67,1323.06,17.6
1,Harcourt,53.333358,-6.26265,0.64,2,No,"Charlemont Street, Dublin 2",2008,1 to 2 bed,All property types,1449.88,1147.99,26.3
1,Harcourt,53.333358,-6.26265,0.64,2,No,"Charlemont Street, Dublin 2",2008,1 to 2 bed,Apartment,1447.38,1230.06,17.7
1,Harcourt,53.333358,-6.26265,0.64,2,No,"Charlemont Street, Dublin 2",2008,1 to 3 bed,All property types,1506.83,1220.36,23.5
1,Harcourt,53.333358,-6.26265,0.64,2,No,"Charlemont Street, Dublin 2",2008,1 to 3 bed,Apartment,1506.0,1262.6,19.3
2,Charlemont,53.330669,-6.258683,0.95,4,No,"Charlemont Street, Dublin 2",2008,All bedrooms,All property types,1506.83,1271.28,18.5
2,Charlemont,53.330669,-6.258683,0.95,4,No,"Charlemont Street, Dublin 2",2008,All bedrooms,Apartment,1506.0,1266.06,19.0
2,Charlemont,53.330669,-6.258683,0.95,4,No,"Charlemont Street, Dublin 2",2008,Two bed,All property types,1555.48,1296.13,20.0
2,Charlemont,53.330669,-6.258683,0.95,4,No,"Charlemont Street, Dublin 2",2008,Two bed,Apartment,1555.67,1323.06,17.6
2,Charlemont,53.330669,-6.258683,0.95,4,No,"Charlemont Street, Dublin 2",2008,1 to 2 bed,All property types,1449.88,1147.99,26.3
2,Charlemont,53.330669,-6.258683,0.95,4,No,"Charlemont Street, Dublin 2",2008,1 to 2 bed,Apartment,1447.38,1230.06,17.7
2,Charlemont,53.330669,-6.258683,0.95,4,No,"Charlemont Street, Dublin 2",2008,1 to 3 bed,All property types,1506.83,1220.36,23.5
2,Charlemont,53.330669,-6.258683,0.95,4,No,"Charlemont Street, Dublin 2",2008,1 to 3 bed,Apartment,1506.0,1262.6,19.3
3,Ranelagh,53.326433,-6.256203,1.45,7,No,"Ranelagh, Dublin 6",2008,All bedrooms,All property types,1214.98,1271.28,-4.4
3,Ranelagh,53.326433,-6.256203,1.45,7,No,"Ranelagh, Dublin 6",2008,All bedrooms,Semi detached house,1868.64,1429.18,30.7
3,Ranelagh,53.326433,-6.256203,1.45,7,No,"Ranelagh, Dublin 6",2008,All bedrooms,Terrace house,1904.55,1380.59,38.0
3,Ranelagh,53.326433,-6.256203,1.45,7,No,"Ranelagh, Dublin 6",2008,All bedrooms,Apartment,1205.32,1266.06,-4.8
3,Ranelagh,53.326433,-6.256203,1.45,7,No,"Ranelagh, Dublin 6",2008,All bedrooms,Other flats,760.69,778.08,-2.2
3,Ranelagh,53.326433,-6.256203,1.45,7,No,"Ranelagh, Dublin 6",2008,One bed,All property types,808.83,922.96,-12.4
3,Ranelagh,53.326433,-6.256203,1.45,7,No,"Ranelagh, Dublin 6",2008,One bed,Apartment,1042.97,1051.21,-0.8
3,Ranelagh,53.326433,-6.256203,1.45,7,No,"Ranelagh, Dublin 6",2008,One bed,Other flats,705.24,697.54,1.1
3,Ranelagh,53.326433,-6.256203,1.45,7,No,"Ranelagh, Dublin 6",2008,Two bed,All property types,1281.97,1296.13,-1.1
3,Ranelagh,53.326433,-6.256203,1.45,7,No,"Ranelagh, Dublin 6",2008,Two bed,Terrace house,1572.8,1235.19,27.3
3,Ranelagh,53.326433,-6.256203,1.45,7,No,"Ranelagh, Dublin 6",2008,Two bed,Apartment,1307.66,1323.06,-1.2
3,Ranelagh,53.326433,-6.256203,1.45,7,No,"Ranelagh, Dublin 6",2008,Two bed,Other flats,995.61,1044.01,-4.6
3,Ranelagh,53.326433,-6.256203,1.45,7,No,"Ranelagh, Dublin 6",2008,Three bed,All property types,1963.97,1437.56,36.6
3,Ranelagh,53.326433,-6.256203,1.45,7,No,"Ranelagh, Dublin 6",2008,Three bed,Semi detached house,2035.71,1368.08,48.8
3,Ranelagh,53.326433,-6.256203,1.45,7,No,"Ranelagh, Dublin 6",2008,Three bed,Terrace house,1989.86,1418.08,40.3
3,Ranelagh,53.326433,-6.256203,1.45,7,No,"Ranelagh, Dublin 6",2008,1 to 2 bed,All property types,974.03,1147.99,-15.2
3,Ranelagh,53.326433,-6.256203,1.45,7,No,"Ranelagh, Dublin 6",2008,1 to 2 bed,Semi detached house,1145.42,1159.28,-1.2
3,Ranelagh,53.326433,-6.256203,1.45,7,No,"Ranelagh, Dublin 6",2008,1 to 2 bed,Terrace house,1499.0,1203.36,24.6
3,Ranelagh,53.326433,-6.256203,1.45,7,No,"Ranelagh, Dublin 6",2008,1 to 2 bed,Apartment,1169.4,1230.06,-4.9
3,Ranelagh,53.326433,-6.256203,1.45,7,No,"Ranelagh, Dublin 6",2008,1 to 2 bed,Other flats,756.3,758.27,-0.3
3,Ranelagh,53.326433,-6.256203,1.45,7,No,"Ranelagh, Dublin 6",2008,1 to 3 bed,All property types,1099.11,1220.36,-9.9
3,Ranelagh,53.326433,-6.256203,1.45,7,No,"Ranelagh, Dublin 6",2008,1 to 3 bed,Semi detached house,1499.52,1317.88,13.8
3,Ranelagh,53.326433,-6.256203,1.45,7,No,"Ranelagh, Dublin 6",2008,1 to 3 bed,Terrace house,1759.08,1317.42,33.5
3,Ranelagh,53.326433,-6.256203,1.45,7,No,"Ranelagh, Dublin 6",2008,1 to 3 bed,Apartment,1199.42,1262.6,-5.0
3,Ranelagh,53.326433,-6.256203,1.45,7,No,"Ranelagh, Dublin 6",2008,1 to 3 bed,Other flats,758.23,774.06,-2.0
3,Ranelagh,53.326433,-6.256203,1.45,7,No,"Ranelagh, Dublin 6",2008,Four plus bed,All property types,2388.72,1784.78,33.8
3,Ranelagh,53.326433,-6.256203,1.45,7,No,"Ranelagh, Dublin 6",2008,Four plus bed,Semi detached house,2642.03,1736.48,52.1
3,Ranelagh,53.326433,-6.256203,1.45,7,No,"Ranelagh, Dublin 6",2008,Four plus bed,Terrace house,2310.67,1778.75,29.9
4,Beechwood,53.320822,-6.254653,2.08,9,No,"Ranelagh, Dublin 6",2008,All bedrooms,All property types,1214.98,1271.28,-4.4
4,Beechwood,53.320822,-6.254653,2.08,9,No,"Ranelagh, Dublin 6",2008,All bedrooms,Semi detached house,1868.64,1429.18,30.7
4,Beechwood,53.320822,-6.254653,2.08,9,No,"Ranelagh, Dublin 6",2008,All bedrooms,Terrace house,1904.55,1380.59,38.0
4,Beechwood,53.320822,-6.254653,2.08,9,No,"Ranelagh, Dublin 6",2008,All bedrooms,Apartment,1205.32,1266.06,-4.8
4,Beechwood,53.320822,-6.254653,2.08,9,No,"Ranelagh, Dublin 6",2008,All bedrooms,Other flats,760.69,778.08,-2.2
4,Beechwood,53.320822,-6.254653,2.08,9,No,"Ranelagh, Dublin 6",2008,One bed,All property types,808.83,922.96,-12.4
4,Beechwood,53.320822,-6.254653,2.08,9,No,"Ranelagh, Dublin 6",2008,One bed,Apartment,1042.97,1051.21,-0.8
4,Beechwood,53.320822,-6.254653,2.08,9,No,"Ranelagh, Dublin 6",2008,One bed,Other flats,705.24,697.54,1.1
4,Beechwood,53.320822,-6.254653,2.08,9,No,"Ranelagh, Dublin 6",2008,Two bed,All property types,1281.97,1296.13,-1.1
4,Beechwood,53.320822,-6.254653,2.08,9,No,"Ranelagh, Dublin 6",2008,Two bed,Terrace house,1572.8,1235.19,27.3
4,Beechwood,53.320822,-6.254653,2.08,9,No,"Ranelagh, Dublin 6",2008,Two bed,Apartment,1307.66,1323.06,-1.2
4,Beechwood,53.320822,-6.254653,2.08,9,No,"Ranelagh, Dublin 6",2008,Two bed,Other flats,995.61,1044.01,-4.6
4,Beechwood,53.320822,-6.254653,2.08,9,No,"Ranelagh, Dublin 6",2008,Three bed,All property types,1963.97,1437.56,36.6
4,Beechwood,53.320822,-6.254653,2.08,9,No,"Ranelagh, Dublin 6",2008,Three bed,Semi detached house,2035.71,1368.08,48.8
4,Beechwood,53.320822,-6.254653,2.08,9,No,"Ranelagh, Dublin 6",2008,Three bed,Terrace house,1989.86,1418.08,40.3
4,Beechwood,53.320822,-6.254653,2.08,9,No,"Ranelagh, Dublin 6",2008,1 to 2 bed,All property types,974.03,1147.99,-15.2
4,Beechwood,53.320822,-6.254653,2.08,9,No,"Ranelagh, Dublin 6",2008,1 to 2 bed,Semi detached house,1145.42,1159.28,-1.2
4,Beechwood,53.320822,-6.254653,2.08,9,No,"Ranelagh, Dublin 6",2008,1 to 2 bed,Terrace house,1499.0,1203.36,24.6
4,Beechwood,53.320822,-6.254653,2.08,9,No,"Ranelagh, Dublin 6",2008,1 to 2 bed,Apartment,1169.4,1230.06,-4.9
4,Beechwood,53.320822,-6.254653,2.08,9,No,"Ranelagh, Dublin 6",2008,1 to 2 bed,Other flats,756.3,758.27,-0.3
4,Beechwood,53.320822,-6.254653,2.08,9,No,"Ranelagh, Dublin 6",2008,1 to 3 bed,All property types,1099.11,1220.36,-9.9
4,Beechwood,53.320822,-6.254653,2.08,9,No,"Ranelagh, Dublin 6",2008,1 to 3 bed,Semi detached house,1499.52,1317.88,13.8
4,Beechwood,53.320822,-6.254653,2.08,9,No,"Ranelagh, Dublin 6",2008,1 to 3 bed,Terrace house,1759.08,1317.42,33.5
4,Beechwood,53.320822,-6.254653,2.08,9,No,"Ranelagh, Dublin 6",2008,1 to 3 bed,Apartment,1199.42,1262.6,-5.0
4,Beechwood,53.320822,-6.254653,2.08,9,No,"Ranelagh, Dublin 6",2008,1 to 3 bed,Other flats,758.23,774.06,-2.0
4,Beechwood,53.320822,-6.254653,2.08,9,No,"Ranelagh, Dublin 6",2008,Four plus bed,All property types,2388.72,1784.78,33.8
4,Beechwood,53.320822,-6.254653,2.08,9,No,"Ranelagh, Dublin 6",2008,Four plus bed,Semi detached house,2642.03,1736.48,52.1
4,Beechwood,53.320822,-6.254653,2.08,9,No,"Ranelagh, Dublin 6",2008,Four plus bed,Terrace house,2310.67,1778.75,29.9
5,Cowper,53.316467,-6.253447,2.57,11,No,"Ranelagh, Dublin 6",2008,All bedrooms,All property types,1214.98,1271.28,-4.4
5,Cowper,53.316467,-6.253447,2.57,11,No,"Ranelagh, Dublin 6",2008,All bedrooms,Semi detached house,1868.64,1429.18,30.7
5,Cowper,53.316467,-6.253447,2.57,11,No,"Ranelagh, Dublin 6",2008,All bedrooms,Terrace house,1904.55,1380.59,38.0
5,Cowper,53.316467,-6.253447,2.57,11,No,"Ranelagh, Dublin 6",2008,All bedrooms,Apartment,1205.32,1266.06,-4.8
5,Cowper,53.316467,-6.253447,2.57,11,No,"Ranelagh, Dublin 6",2008,All bedrooms,Other flats,760.69,778.08,-2.2
5,Cowper,53.316467,-6.253447,2.57,11,No,"Ranelagh, Dublin 6",2008,One bed,All property types,808.83,922.96,-12.4
5,Cowper,53.316467,-6.253447,2.57,11,No,"Ranelagh, Dublin 6",2008,One bed,Apartment,1042.97,1051.21,-0.8
5,Cowper,53.316467,-6.253447,2.57,11,No,"Ranelagh, Dublin 6",2008,One bed,Other flats,705.24,697.54,1.1
5,Cowper,53.316467,-6.253447,2.57,11,No,"Ranelagh, Dublin 6",2008,Two bed,All property types,1281.97,1296.13,-1.1
5,Cowper,53.316467,-6.253447,2.57,11,No,"Ranelagh, Dublin 6",2008,Two bed,Terrace house,1572.8,1235.19,27.3
5,Cowper,53.316467,-6.253447,2.57,11,No,"Ranelagh, Dublin 6",2008,Two bed,Apartment,1307.66,1323.06,-1.2
5,Cowper,53.316467,-6.253447,2.57,11,No,"Ranelagh, Dublin 6",2008,Two bed,Other flats,995.61,1044.01,-4.6
5,Cowper,53.316467,-6.253447,2.57,11,No,"Ranelagh, Dublin 6",2008,Three bed,All property types,1963.97,1437.56,36.6
5,Cowper,53.316467,-6.253447,2.57,11,No,"Ranelagh, Dublin 6",2008,Three bed,Semi detached house,2035.71,1368.08,48.8
5,Cowper,53.316467,-6.253447,2.57,11,No,"Ranelagh, Dublin 6",2008,Three bed,Terrace house,1989.86,1418.08,40.3
5,Cowper,53.316467,-6.253447,2.57,11,No,"Ranelagh, Dublin 6",2008,1 to 2 bed,All property types,974.03,1147.99,-15.2
5,Cowper,53.316467,-6.253447,2.57,11,No,"Ranelagh, Dublin 6",2008,1 to 2 bed,Semi detached house,1145.42,1159.28,-1.2
5,Cowper,53.316467,-6.253447,2.57,11,No,"Ranelagh, Dublin 6",2008,1 to 2 bed,Terrace house,1499.0,1203.36,24.6
5,Cowper,53.316467,-6.253447,2.57,11,No,"Ranelagh, Dublin 6",2008,1 to 2 bed,Apartment,1169.4,1230.06,-4.9
5,Cowper,53.316467,-6.253447,2.57,11,No,"Ranelagh, Dublin 6",2008,1 to 2 bed,Other flats,756.3,758.27,-0.3
5,Cowper,53.316467,-6.253447,2.57,11,No,"Ranelagh, Dublin 6",2008,1 to 3 bed,All property types,1099.11,1220.36,-9.9
5,Cowper,53.316467,-6.253447,2.57,11,No,"Ranelagh, Dublin 6",2008,1 to 3 bed,Semi detached house,1499.52,1317.88,13.8
5,Cowper,53.316467,-6.253447,2.57,11,No,"Ranelagh, Dublin 6",2008,1 to 3 bed,Terrace house,1759.08,1317.42,33.5
5,Cowper,53.316467,-6.253447,2.57,11,No,"Ranelagh, Dublin 6",2008,1 to 3 bed,Apartment,1199.42,1262.6,-5.0
5,Cowper,53.316467,-6.253447,2.57,11,No,"Ranelagh, Dublin 6",2008,1 to 3 bed,Other flats,758.23,774.06,-2.0
5,Cowper,53.316467,-6.253447,2.57,11,No,"Ranelagh, Dublin 6",2008,Four plus bed,All property types,2388.72,1784.78,33.8
5,Cowper,53.316467,-6.253447,2.57,11,No,"Ranelagh, Dublin 6",2008,Four plus bed,Semi detached house,2642.03,1736.48,52.1
5,Cowper,53.316467,-6.253447,2.57,11,No,"Ranelagh, Dublin 6",2008,Four plus bed,Terrace house,2310.67,1778.75,29.9
6,Milltown,53.309917,-6.251728,3.3,13,No,"Milltown, Dublin 6",2008,All bedrooms,All property types,1571.02,1271.28,23.6
6,Milltown,53.309917,-6.251728,3.3,13,No,"Milltown, Dublin 6",2008,All bedrooms,Semi detached house,1876.48,1429.18,31.3
6,Milltown,53.309917,-6.251728,3.3,13,No,"Milltown, Dublin 6",2008,All bedrooms,Terrace house,1621.49,1380.59,17.4
6,Milltown,53.309917,-6.251728,3.3,13,No,"Milltown, Dublin 6",2008,All bedrooms,Apartment,1506.23,1266.06,19.0
6,Milltown,53.309917,-6.251728,3.3,13,No,"Milltown, Dublin 6",2008,One bed,All property types,1265.08,922.96,37.1
6,Milltown,53.309917,-6.251728,3.3,13,No,"Milltown, Dublin 6",2008,One bed,Apartment,1261.22,1051.21,20.0
6,Milltown,53.309917,-6.251728,3.3,13,No,"Milltown, Dublin 6",2008,Two bed,All property types,1527.85,1296.13,17.9
6,Milltown,53.309917,-6.251728,3.3,13,No,"Milltown, Dublin 6",2008,Two bed,Apartment,1547.6,1323.06,17.0
6,Milltown,53.309917,-6.251728,3.3,13,No,"Milltown, Dublin 6",2008,Three bed,All property types,1767.06,1437.56,22.9
6,Milltown,53.309917,-6.251728,3.3,13,No,"Milltown, Dublin 6",2008,Three bed,Apartment,1705.39,1604.79,6.3
6,Milltown,53.309917,-6.251728,3.3,13,No,"Milltown, Dublin 6",2008,1 to 2 bed,All property types,1465.97,1147.99,27.7
6,Milltown,53.309917,-6.251728,3.3,13,No,"Milltown, Dublin 6",2008,1 to 2 bed,Apartment,1473.48,1230.06,19.8
6,Milltown,53.309917,-6.251728,3.3,13,No,"Milltown, Dublin 6",2008,1 to 3 bed,All property types,1520.64,1220.36,24.6
6,Milltown,53.309917,-6.251728,3.3,13,No,"Milltown, Dublin 6",2008,1 to 3 bed,Terrace house,1553.17,1317.42,17.9
6,Milltown,53.309917,-6.251728,3.3,13,No,"Milltown, Dublin 6",2008,1 to 3 bed,Apartment,1502.17,1262.6,19.0
7,Windy Arbour,53.301558,-6.250708,4.23,15,No,"Churchtown, Dublin 14",2008,All bedrooms,All property types,1609.69,1271.28,26.6
7,Windy Arbour,53.301558,-6.250708,4.23,15,No,"Churchtown, Dublin 14",2008,All bedrooms,Semi detached house,1790.87,1429.18,25.3
7,Windy Arbour,53.301558,-6.250708,4.23,15,No,"Churchtown, Dublin 14",2008,All bedrooms,Terrace house,1518.78,1380.59,10.0
7,Windy Arbour,53.301558,-6.250708,4.23,15,No,"Churchtown, Dublin 14",2008,All bedrooms,Apartment,1307.35,1266.06,3.3
7,Windy Arbour,53.301558,-6.250708,4.23,15,No,"Churchtown, Dublin 14",2008,Two bed,All property types,1357.68,1296.13,4.7
7,Windy Arbour,53.301558,-6.250708,4.23,15,No,"Churchtown, Dublin 14",2008,Three bed,All property types,1601.14,1437.56,11.4
7,Windy Arbour,53.301558,-6.250708,4.23,15,No,"Churchtown, Dublin 14",2008,Three bed,Semi detached house,1620.71,1368.08,18.5
7,Windy Arbour,53.301558,-6.250708,4.23,15,No,"Churchtown, Dublin 14",2008,1 to 2 bed,All property types,1294.6,1147.99,12.8
7,Windy Arbour,53.301558,-6.250708,4.23,15,No,"Churchtown, Dublin 14",2008,1 to 2 bed,Apartment,1291.67,1230.06,5.0
7,Windy Arbour,53.301558,-6.250708,4.23,15,No,"Churchtown, Dublin 14",2008,1 to 3 bed,All property types,1452.01,1220.36,19.0
7,Windy Arbour,53.301558,-6.250708,4.23,15,No,"Churchtown, Dublin 14",2008,1 to 3 bed,Semi detached house,1588.13,1317.88,20.5
7,Windy Arbour,53.301558,-6.250708,4.23,15,No,"Churchtown, Dublin 14",2008,1 to 3 bed,Apartment,1307.35,1262.6,3.5
7,Windy Arbour,53.301558,-6.250708,4.23,15,No,"Churchtown, Dublin 14",2008,Four plus bed,All property types,2047.25,1784.78,14.7
8,Dundrum,53.292358,-6.245117,5.3,17,No,"Dundrum, Dublin 16",2008,All bedrooms,All property types,1511.46,1271.28,18.9
8,Dundrum,53.292358,-6.245117,5.3,17,No,"Dundrum, Dublin 16",2008,All bedrooms,Semi detached house,1661.98,1429.18,16.3
8,Dundrum,53.292358,-6.245117,5.3,17,No,"Dundrum, Dublin 16",2008,All bedrooms,Terrace house,1588.01,1380.59,15.0
8,Dundrum,53.292358,-6.245117,5.3,17,No,"Dundrum, Dublin 16",2008,All bedrooms,Apartment,1451.43,1266.06,14.6
8,Dundrum,53.292358,-6.245117,5.3,17,No,"Dundrum, Dublin 16",2008,One bed,All property types,1159.91,922.96,25.7
8,Dundrum,53.292358,-6.245117,5.3,17,No,"Dundrum, Dublin 16",2008,One bed,Apartment,1185.59,1051.21,12.8
8,Dundrum,53.292358,-6.245117,5.3,17,No,"Dundrum, Dublin 16",2008,Two bed,All property types,1466.63,1296.13,13.2
8,Dundrum,53.292358,-6.245117,5.3,17,No,"Dundrum, Dublin 16",2008,Two bed,Apartment,1477.68,1323.06,11.7
8,Dundrum,53.292358,-6.245117,5.3,17,No,"Dundrum, Dublin 16",2008,Three bed,All property types,1734.7,1437.56,20.7
8,Dundrum,53.292358,-6.245117,5.3,17,No,"Dundrum, Dublin 16",2008,Three bed,Semi detached house,1608.18,1368.08,17.6
8,Dundrum,53.292358,-6.245117,5.3,17,No,"Dundrum, Dublin 16",2008,Three bed,Terrace house,1740.18,1418.08,22.7
8,Dundrum,53.292358,-6.245117,5.3,17,No,"Dundrum, Dublin 16",2008,1 to 2 bed,All property types,1408.57,1147.99,22.7
8,Dundrum,53.292358,-6.245117,5.3,17,No,"Dundrum, Dublin 16",2008,1 to 2 bed,Apartment,1420.07,1230.06,15.4
8,Dundrum,53.292358,-6.245117,5.3,17,No,"Dundrum, Dublin 16",2008,1 to 3 bed,All property types,1475.29,1220.36,20.9
8,Dundrum,53.292358,-6.245117,5.3,17,No,"Dundrum, Dublin 16",2008,1 to 3 bed,Semi detached house,1569.55,1317.88,19.1
8,Dundrum,53.292358,-6.245117,5.3,17,No,"Dundrum, Dublin 16",2008,1 to 3 bed,Terrace house,1611.91,1317.42,22.4
8,Dundrum,53.292358,-6.245117,5.3,17,No,"Dundrum, Dublin 16",2008,1 to 3 bed,Apartment,1451.43,1262.6,15.0
8,Dundrum,53.292358,-6.245117,5.3,17,No,"Dundrum, Dublin 16",2008,Four plus bed,All property types,1827.21,1784.78,2.4
8,Dundrum,53.292358,-6.245117,5.3,17,No,"Dundrum, Dublin 16",2008,Four plus bed,Semi detached house,1772.91,1736.48,2.1
9,Balally,53.286106,-6.236772,6.11,19,Yes,"Dundrum, Dublin 16",2008,All bedrooms,All property types,1511.46,1271.28,18.9
9,Balally,53.286106,-6.236772,6.11,19,Yes,"Dundrum, Dublin 16",2008,All bedrooms,Semi detached house,1661.98,1429.18,16.3
9,Balally,53.286106,-6.236772,6.11,19,Yes,"Dundrum, Dublin 16",2008,All bedrooms,Terrace house,1588.01,1380.59,15.0
9,Balally,53.286106,-6.236772,6.11,19,Yes,"Dundrum, Dublin 16",2008,All bedrooms,Apartment,1451.43,1266.06,14.6
9,Balally,53.286106,-6.236772,6.11,19,Yes,"Dundrum, Dublin 16",2008,One bed,All property types,1159.91,922.96,25.7
9,Balally,53.286106,-6.236772,6.11,19,Yes,"Dundrum, Dublin 16",2008,One bed,Apartment,1185.59,1051.21,12.8
9,Balally,53.286106,-6.236772,6.11,19,Yes,"Dundrum, Dublin 16",2008,Two bed,All property types,1466.63,1296.13,13.2
9,Balally,53.286106,-6.236772,6.11,19,Yes,"Dundrum, Dublin 16",2008,Two bed,Apartment,1477.68,1323.06,11.7
9,Balally,53.286106,-6.236772,6.11,19,Yes,"Dundrum, Dublin 16",2008,Three bed,All property types,1734.7,1437.56,20.7
9,Balally,53.286106,-6.236772,6.11,19,Yes,"Dundrum, Dublin 16",2008,Three bed,Semi detached house,1608.18,1368.08,17.6
9,Balally,53.286106,-6.236772,6.11,19,Yes,"Dundrum, Dublin 16",2008,Three bed,Terrace house,1740.18,1418.08,22.7
9,Balally,53.286106,-6.236772,6.11,19,Yes,"Dundrum, Dublin 16",2008,1 to 2 bed,All property types,1408.57,1147.99,22.7
9,Balally,53.286106,-6.236772,6.11,19,Yes,"Dundrum, Dublin 16",2008,1 to 2 bed,Apartment,1420.07,1230.06,15.4
9,Balally,53.286106,-6.236772,6.11,19,Yes,"Dundrum, Dublin 16",2008,1 to 3 bed,All property types,1475.29,1220.36,20.9
9,Balally,53.286106,-6.236772,6.11,19,Yes,"Dundrum, Dublin 16",2008,1 to 3 bed,Semi detached house,1569.55,1317.88,19.1
9,Balally,53.286106,-6.236772,6.11,19,Yes,"Dundrum, Dublin 16",2008,1 to 3 bed,Terrace house,1611.91,1317.42,22.4
9,Balally,53.286106,-6.236772,6.11,19,Yes,"Dundrum, Dublin 16",2008,1 to 3 bed,Apartment,1451.43,1262.6,15.0
9,Balally,53.286106,-6.236772,6.11,19,Yes,"Dundrum, Dublin 16",2008,Four plus bed,All property types,1827.21,1784.78,2.4
9,Balally,53.286106,-6.236772,6.11,19,Yes,"Dundrum, Dublin 16",2008,Four plus bed,Semi detached house,1772.91,1736.48,2.1
10,Kilmacud,53.283008,-6.223886,6.71,21,No,"Stillorgan, Dublin",2008,All bedrooms,All property types,1569.16,1271.28,23.4
10,Kilmacud,53.283008,-6.223886,6.71,21,No,"Stillorgan, Dublin",2008,All bedrooms,Detached house,2133.19,1772.33,20.4
10,Kilmacud,53.283008,-6.223886,6.71,21,No,"Stillorgan, Dublin",2008,All bedrooms,Semi detached house,1724.05,1429.18,20.6
10,Kilmacud,53.283008,-6.223886,6.71,21,No,"Stillorgan, Dublin",2008,All bedrooms,Terrace house,1643.85,1380.59,19.1
10,Kilmacud,53.283008,-6.223886,6.71,21,No,"Stillorgan, Dublin",2008,All bedrooms,Apartment,1448.9,1266.06,14.4
10,Kilmacud,53.283008,-6.223886,6.71,21,No,"Stillorgan, Dublin",2008,One bed,All property types,1190.53,922.96,29.0
10,Kilmacud,53.283008,-6.223886,6.71,21,No,"Stillorgan, Dublin",2008,One bed,Apartment,1206.38,1051.21,14.8
10,Kilmacud,53.283008,-6.223886,6.71,21,No,"Stillorgan, Dublin",2008,Two bed,All property types,1459.51,1296.13,12.6
10,Kilmacud,53.283008,-6.223886,6.71,21,No,"Stillorgan, Dublin",2008,Two bed,Apartment,1474.13,1323.06,11.4
10,Kilmacud,53.283008,-6.223886,6.71,21,No,"Stillorgan, Dublin",2008,Three bed,All property types,1672.5,1437.56,16.3
10,Kilmacud,53.283008,-6.223886,6.71,21,No,"Stillorgan, Dublin",2008,Three bed,Semi detached house,1640.47,1368.08,19.9
10,Kilmacud,53.283008,-6.223886,6.71,21,No,"Stillorgan, Dublin",2008,Three bed,Apartment,1834.26,1604.79,14.3
10,Kilmacud,53.283008,-6.223886,6.71,21,No,"Stillorgan, Dublin",2008,1 to 2 bed,All property types,1387.58,1147.99,20.9
10,Kilmacud,53.283008,-6.223886,6.71,21,No,"Stillorgan, Dublin",2008,1 to 2 bed,Apartment,1401.95,1230.06,14.0
10,Kilmacud,53.283008,-6.223886,6.71,21,No,"Stillorgan, Dublin",2008,1 to 3 bed,All property types,1469.15,1220.36,20.4
10,Kilmacud,53.283008,-6.223886,6.71,21,No,"Stillorgan, Dublin",2008,1 to 3 bed,Semi detached house,1566.29,1317.88,18.8
10,Kilmacud,53.283008,-6.223886,6.71,21,No,"Stillorgan, Dublin",2008,1 to 3 bed,Terrace house,1521.62,1317.42,15.5
10,Kilmacud,53.283008,-6.223886,6.71,21,No,"Stillorgan, Dublin",2008,1 to 3 bed,Apartment,1443.59,1262.6,14.3
10,Kilmacud,53.283008,-6.223886,6.71,21,No,"Stillorgan, Dublin",2008,Four plus bed,All property types,2003.41,1784.78,12.2
10,Kilmacud,53.283008,-6.223886,6.71,21,No,"Stillorgan, Dublin",2008,Four plus bed,Detached house,2193.39,2077.28,5.6
10,Kilmacud,53.283008,-6.223886,6.71,21,No,"Stillorgan, Dublin",2008,Four plus bed,Semi detached house,1949.83,1736.48,12.3
11,Stillorgan,53.279311,-6.209919,7.47,22,Yes,"Stillorgan, Dublin",2008,All bedrooms,All property types,1569.16,1271.28,23.4
11,Stillorgan,53.279311,-6.209919,7.47,22,Yes,"Stillorgan, Dublin",2008,All bedrooms,Detached house,2133.19,1772.33,20.4
11,Stillorgan,53.279311,-6.209919,7.47,22,Yes,"Stillorgan, Dublin",2008,All bedrooms,Semi detached house,1724.05,1429.18,20.6
11,Stillorgan,53.279311,-6.209919,7.47,22,Yes,"Stillorgan, Dublin",2008,All bedrooms,Terrace house,1643.85,1380.59,19.1
11,Stillorgan,53.279311,-6.209919,7.47,22,Yes,"Stillorgan, Dublin",2008,All bedrooms,Apartment,1448.9,1266.06,14.4
11,Stillorgan,53.279311,-6.209919,7.47,22,Yes,"Stillorgan, Dublin",2008,One bed,All property types,1190.53,922.96,29.0
11,Stillorgan,53.279311,-6.209919,7.47,22,Yes,"Stillorgan, Dublin",2008,One bed,Apartment,1206.38,1051.21,14.8
11,Stillorgan,53.279311,-6.209919,7.47,22,Yes,"Stillorgan, Dublin",2008,Two bed,All property types,1459.51,1296.13,12.6
11,Stillorgan,53.279311,-6.209919,7.47,22,Yes,"Stillorgan, Dublin",2008,Two bed,Apartment,1474.13,1323.06,11.4
11,Stillorgan,53.279311,-6.209919,7.47,22,Yes,"Stillorgan, Dublin",2008,Three bed,All property types,1672.5,1437.56,16.3
11,Stillorgan,53.279311,-6.209919,7.47,22,Yes,"Stillorgan, Dublin",2008,Three bed,Semi detached house,1640.47,1368.08,19.9
11,Stillorgan,53.279311,-6.209919,7.47,22,Yes,"Stillorgan, Dublin",2008,Three bed,Apartment,1834.26,1604.79,14.3
11,Stillorgan,53.279311,-6.209919,7.47,22,Yes,"Stillorgan, Dublin",2008,1 to 2 bed,All property types,1387.58,1147.99,20.9
11,Stillorgan,53.279311,-6.209919,7.47,22,Yes,"Stillorgan, Dublin",2008,1 to 2 bed,Apartment,1401.95,1230.06,14.0
11,Stillorgan,53.279311,-6.209919,7.47,22,Yes,"Stillorgan, Dublin",2008,1 to 3 bed,All property types,1469.15,1220.36,20.4
11,Stillorgan,53.279311,-6.209919,7.47,22,Yes,"Stillorgan, Dublin",2008,1 to 3 bed,Semi detached house,1566.29,1317.88,18.8
11,Stillorgan,53.279311,-6.209919,7.47,22,Yes,"Stillorgan, Dublin",2008,1 to 3 bed,Terrace house,1521.62,1317.42,15.5
11,Stillorgan,53.279311,-6.209919,7.47,22,Yes,"Stillorgan, Dublin",2008,1 to 3 bed,Apartment,1443.59,1262.6,14.3
11,Stillorgan,53.279311,-6.209919,7.47,22,Yes,"Stillorgan, Dublin",2008,Four plus bed,All property types,2003.41,1784.78,12.2
11,Stillorgan,53.279311,-6.209919,7.47,22,Yes,"Stillorgan, Dublin",2008,Four plus bed,Detached house,2193.39,2077.28,5.6
11,Stillorgan,53.279311,-6.209919,7.47,22,Yes,"Stillorgan, Dublin",2008,Four plus bed,Semi detached house,1949.83,1736.48,12.3
12,Sandyford,53.277603,-6.204678,7.8,24,Yes,"Sandyford, Dublin 18",2008,All bedrooms,All property types,1456.24,1271.28,14.5
12,Sandyford,53.277603,-6.204678,7.8,24,Yes,"Sandyford, Dublin 18",2008,All bedrooms,Semi detached house,1560.66,1429.18,9.2
12,Sandyford,53.277603,-6.204678,7.8,24,Yes,"Sandyford, Dublin 18",2008,All bedrooms,Apartment,1431.79,1266.06,13.1
12,Sandyford,53.277603,-6.204678,7.8,24,Yes,"Sandyford, Dublin 18",2008,One bed,All property types,1262.28,922.96,36.8
12,Sandyford,53.277603,-6.204678,7.8,24,Yes,"Sandyford, Dublin 18",2008,One bed,Apartment,1264.28,1051.21,20.3
12,Sandyford,53.277603,-6.204678,7.8,24,Yes,"Sandyford, Dublin 18",2008,Two bed,All property types,1433.96,1296.13,10.6
12,Sandyford,53.277603,-6.204678,7.8,24,Yes,"Sandyford, Dublin 18",2008,Two bed,Apartment,1434.55,1323.06,8.4
12,Sandyford,53.277603,-6.204678,7.8,24,Yes,"Sandyford, Dublin 18",2008,Three bed,All property types,1574.83,1437.56,9.5
12,Sandyford,53.277603,-6.204678,7.8,24,Yes,"Sandyford, Dublin 18",2008,Three bed,Semi detached house,1433.82,1368.08,4.8
12,Sandyford,53.277603,-6.204678,7.8,24,Yes,"Sandyford, Dublin 18",2008,Three bed,Apartment,1667.92,1604.79,3.9
12,Sandyford,53.277603,-6.204678,7.8,24,Yes,"Sandyford, Dublin 18",2008,1 to 2 bed,All property types,1391.83,1147.99,21.2
12,Sandyford,53.277603,-6.204678,7.8,24,Yes,"Sandyford, Dublin 18",2008,1 to 2 bed,Apartment,1392.71,1230.06,13.2
12,Sandyford,53.277603,-6.204678,7.8,24,Yes,"Sandyford, Dublin 18",2008,1 to 3 bed,All property types,1431.18,1220.36,17.3
12,Sandyford,53.277603,-6.204678,7.8,24,Yes,"Sandyford, Dublin 18",2008,1 to 3 bed,Semi detached house,1421.14,1317.88,7.8
12,Sandyford,53.277603,-6.204678,7.8,24,Yes,"Sandyford, Dublin 18",2008,1 to 3 bed,Apartment,1428.86,1262.6,13.2
12,Sandyford,53.277603,-6.204678,7.8,24,Yes,"Sandyford, Dublin 18",2008,Four plus bed,All property types,1836.09,1784.78,2.9
12,Sandyford,53.277603,-6.204678,7.8,24,Yes,"Sandyford, Dublin 18",2008,Four plus bed,Semi detached house,1794.56,1736.48,3.3
13,Central Park,53.27015,-6.203764,8.57,26,No,"Leopardstown, Dublin 18",2008,All bedrooms,All property types,1599.26,1271.28,25.8
13,Central Park,53.27015,-6.203764,8.57,26,No,"Leopardstown, Dublin 18",2008,All bedrooms,Semi detached house,1593.74,1429.18,11.5
13,Central Park,53.27015,-6.203764,8.57,26,No,"Leopardstown, Dublin 18",2008,Three bed,All property types,1506.58,1437.56,4.8
13,Central Park,53.27015,-6.203764,8.57,26,No,"Leopardstown, Dublin 18",2008,Three bed,Semi detached house,1495.22,1368.08,9.3
13,Central Park,53.27015,-6.203764,8.57,26,No,"Leopardstown, Dublin 18",2008,1 to 3 bed,All property types,1502.09,1220.36,23.1
13,Central Park,53.27015,-6.203764,8.57,26,No,"Leopardstown, Dublin 18",2008,1 to 3 bed,Semi detached house,1499.71,1317.88,13.8
13,Central Park,53.27015,-6.203764,8.57,26,No,"Leopardstown, Dublin 18",2008,Four plus bed,All property types,1852.47,1784.78,3.8
14,Glencairn,53.266336,-6.209942,8.78,28,No,"Leopardstown, Dublin 18",2008,All bedrooms,All property types,1599.26,1271.28,25.8
14,Glencairn,53.266336,-6.209942,8.78,28,No,"Leopardstown, Dublin 18",2008,All bedrooms,Semi detached house,1593.74,1429.18,11.5
14,Glencairn,53.266336,-6.209942,8.78,28,No,"Leopardstown, Dublin 18",2008,Three bed,All property types,1506.58,1437.56,4.8
14,Glencairn,53.266336,-6.209942,8.78,28,No,"Leopardstown, Dublin 18",2008,Three bed,Semi detached house,1495.22,1368.08,9.3
14,Glencairn,53.266336,-6.209942,8.78,28,No,"Leopardstown, Dublin 18",2008,1 to 3 bed,All property types,1502.09,1220.36,23.1
14,Glencairn,53.266336,-6.209942,8.78,28,No,"Leopardstown, Dublin 18",2008,1 to 3 bed,Semi detached house,1499.71,1317.88,13.8
14,Glencairn,53.266336,-6.209942,8.78,28,No,"Leopardstown, Dublin 18",2008,Four plus bed,All property types,1852.47,1784.78,3.8
15,The Gallops,53.261164,-6.206022,9.41,29,No,"Leopardstown, Dublin 18",2008,All bedrooms,All property types,1599.26,1271.28,25.8
15,The Gallops,53.261164,-6.206022,9.41,29,No,"Leopardstown, Dublin 18",2008,All bedrooms,Semi detached house,1593.74,1429.18,11.5
15,The Gallops,53.261164,-6.206022,9.41,29,No,"Leopardstown, Dublin 18",2008,Three bed,All property types,1506.58,1437.56,4.8
15,The Gallops,53.261164,-6.206022,9.41,29,No,"Leopardstown, Dublin 18",2008,Three bed,Semi detached house,1495.22,1368.08,9.3
15,The Gallops,53.261164,-6.206022,9.41,29,No,"Leopardstown, Dublin 18",2008,1 to 3 bed,All property types,1502.09,1220.36,23.1
15,The Gallops,53.261164,-6.206022,9.41,29,No,"Leopardstown, Dublin 18",2008,1 to 3 bed,Semi detached house,1499.71,1317.88,13.8
15,The Gallops,53.261164,-6.206022,9.41,29,No,"Leopardstown, Dublin 18",2008,Four plus bed,All property types,1852.47,1784.78,3.8
16,Leopardstown Valley,53.258247,-6.198361,9.91,31,No,"Leopardstown, Dublin 18",2008,All bedrooms,All property types,1599.26,1271.28,25.8
16,Leopardstown Valley,53.258247,-6.198361,9.91,31,No,"Leopardstown, Dublin 18",2008,All bedrooms,Semi detached house,1593.74,1429.18,11.5
16,Leopardstown Valley,53.258247,-6.198361,9.91,31,No,"Leopardstown, Dublin 18",2008,Three bed,All property types,1506.58,1437.56,4.8
16,Leopardstown Valley,53.258247,-6.198361,9.91,31,No,"Leopardstown, Dublin 18",2008,Three bed,Semi detached house,1495.22,1368.08,9.3
16,Leopardstown Valley,53.258247,-6.198361,9.91,31,No,"Leopardstown, Dublin 18",2008,1 to 3 bed,All property types,1502.09,1220.36,23.1
16,Leopardstown Valley,53.258247,-6.198361,9.91,31,No,"Leopardstown, Dublin 18",2008,1 to 3 bed,Semi detached house,1499.71,1317.88,13.8
16,Leopardstown Valley,53.258247,-6.198361,9.91,31,No,"Leopardstown, Dublin 18",2008,Four plus bed,All property types,1852.47,1784.78,3.8
17,Ballyogan Wood,53.255047,-6.184475,10.65,33,No,"Carrickmines, Dublin 18",2008,All bedrooms,All property types,1585.89,1271.28,24.7
17,Ballyogan Wood,53.255047,-6.184475,10.65,33,No,"Carrickmines, Dublin 18",2008,All bedrooms,Apartment,1392.91,1266.06,10.0
17,Ballyogan Wood,53.255047,-6.184475,10.65,33,No,"Carrickmines, Dublin 18",2008,Two bed,All property types,1407.08,1296.13,8.6
17,Ballyogan Wood,53.255047,-6.184475,10.65,33,No,"Carrickmines, Dublin 18",2008,Two bed,Apartment,1383.48,1323.06,4.6
17,Ballyogan Wood,53.255047,-6.184475,10.65,33,No,"Carrickmines, Dublin 18",2008,1 to 2 bed,All property types,1375.36,1147.99,19.8
17,Ballyogan Wood,53.255047,-6.184475,10.65,33,No,"Carrickmines, Dublin 18",2008,1 to 2 bed,Apartment,1340.38,1230.06,9.0
17,Ballyogan Wood,53.255047,-6.184475,10.65,33,No,"Carrickmines, Dublin 18",2008,1 to 3 bed,All property types,1448.1,1220.36,18.7
17,Ballyogan Wood,53.255047,-6.184475,10.65,33,No,"Carrickmines, Dublin 18",2008,1 to 3 bed,Apartment,1392.91,1262.6,10.3
18,Racecourse,53.255367,-6.175161,10.93,34,No,"Leopardstown, Dublin 18",2008,All bedrooms,All property types,1599.26,1271.28,25.8
18,Racecourse,53.255367,-6.175161,10.93,34,No,"Leopardstown, Dublin 18",2008,All bedrooms,Semi detached house,1593.74,1429.18,11.5
18,Racecourse,53.255367,-6.175161,10.93,34,No,"Leopardstown, Dublin 18",2008,Three bed,All property types,1506.58,1437.56,4.8
18,Racecourse,53.255367,-6.175161,10.93,34,No,"Leopardstown, Dublin 18",2008,Three bed,Semi detached house,1495.22,1368.08,9.3
18,Racecourse,53.255367,-6.175161,10.93,34,No,"Leopardstown, Dublin 18",2008,1 to 3 bed,All property types,1502.09,1220.36,23.1
18,Racecourse,53.255367,-6.175161,10.93,34,No,"Leopardstown, Dublin 18",2008,1 to 3 bed,Semi detached house,1499.71,1317.88,13.8
18,Racecourse,53.255367,-6.175161,10.93,34,No,"Leopardstown, Dublin 18",2008,Four plus bed,All property types,1852.47,1784.78,3.8
19,Carrickmines,53.254033,-6.169908,11.24,36,Yes,"Carrickmines, Dublin 18",2008,All bedrooms,All property types,1585.89,1271.28,24.7
19,Carrickmines,53.254033,-6.169908,11.24,36,Yes,"Carrickmines, Dublin 18",2008,All bedrooms,Apartment,1392.91,1266.06,10.0
19,Carrickmines,53.254033,-6.169908,11.24,36,Yes,"Carrickmines, Dublin 18",2008,Two bed,All property types,1407.08,1296.13,8.6
19,Carrickmines,53.254033,-6.169908,11.24,36,Yes,"Carrickmines, Dublin 18",2008,Two bed,Apartment,1383.48,1323.06,4.6
19,Carrickmines,53.254033,-6.169908,11.24,36,Yes,"Carrickmines, Dublin 18",2008,1 to 2 bed,All property types,1375.36,1147.99,19.8
19,Carrickmines,53.254033,-6.169908,11.24,36,Yes,"Carrickmines, Dublin 18",2008,1 to 2 bed,Apartment,1340.38,1230.06,9.0
19,Carrickmines,53.254033,-6.169908,11.24,36,Yes,"Carrickmines, Dublin 18",2008,1 to 3 bed,All property types,1448.1,1220.36,18.7
19,Carrickmines,53.254033,-6.169908,11.24,36,Yes,"Carrickmines, Dublin 18",2008,1 to 3 bed,Apartment,1392.91,1262.6,10.3
20,Brennanstown,53.252619,-6.161597,11.68,37,No,"Cabinteely, Dublin 18",2008,All bedrooms,All property types,1417.59,1271.28,11.5
20,Brennanstown,53.252619,-6.161597,11.68,37,No,"Cabinteely, Dublin 18",2008,All bedrooms,Detached house,2037.9,1772.33,15.0
20,Brennanstown,53.252619,-6.161597,11.68,37,No,"Cabinteely, Dublin 18",2008,All bedrooms,Semi detached house,1459.04,1429.18,2.1
20,Brennanstown,53.252619,-6.161597,11.68,37,No,"Cabinteely, Dublin 18",2008,All bedrooms,Apartment,1326.55,1266.06,4.8
20,Brennanstown,53.252619,-6.161597,11.68,37,No,"Cabinteely, Dublin 18",2008,One bed,All property types,1097.78,922.96,18.9
20,Brennanstown,53.252619,-6.161597,11.68,37,No,"Cabinteely, Dublin 18",2008,One bed,Apartment,1103.41,1051.21,5.0
20,Brennanstown,53.252619,-6.161597,11.68,37,No,"Cabinteely, Dublin 18",2008,Two bed,All property types,1298.81,1296.13,0.2
20,Brennanstown,53.252619,-6.161597,11.68,37,No,"Cabinteely, Dublin 18",2008,Two bed,Apartment,1307.13,1323.06,-1.2
20,Brennanstown,53.252619,-6.161597,11.68,37,No,"Cabinteely, Dublin 18",2008,Three bed,All property types,1464.02,1437.56,1.8
20,Brennanstown,53.252619,-6.161597,11.68,37,No,"Cabinteely, Dublin 18",2008,Three bed,Semi detached house,1365.74,1368.08,-0.2
20,Brennanstown,53.252619,-6.161597,11.68,37,No,"Cabinteely, Dublin 18",2008,Three bed,Apartment,1523.07,1604.79,-5.1
20,Brennanstown,53.252619,-6.161597,11.68,37,No,"Cabinteely, Dublin 18",2008,1 to 2 bed,All property types,1256.53,1147.99,9.5
20,Brennanstown,53.252619,-6.161597,11.68,37,No,"Cabinteely, Dublin 18",2008,1 to 2 bed,Apartment,1263.41,1230.06,2.7
20,Brennanstown,53.252619,-6.161597,11.68,37,No,"Cabinteely, Dublin 18",2008,1 to 3 bed,All property types,1332.65,1220.36,9.2
20,Brennanstown,53.252619,-6.161597,11.68,37,No,"Cabinteely, Dublin 18",2008,1 to 3 bed,Semi detached house,1356.36,1317.88,2.9
20,Brennanstown,53.252619,-6.161597,11.68,37,No,"Cabinteely, Dublin 18",2008,1 to 3 bed,Apartment,1320.67,1262.6,4.6
20,Brennanstown,53.252619,-6.161597,11.68,37,No,"Cabinteely, Dublin 18",2008,Four plus bed,All property types,2028.4,1784.78,13.6
21,Laughanstown,53.250606,-6.155006,12.11,39,No,"Cabinteely, Dublin 18",2008,All bedrooms,All property types,1417.59,1271.28,11.5
21,Laughanstown,53.250606,-6.155006,12.11,39,No,"Cabinteely, Dublin 18",2008,All bedrooms,Detached house,2037.9,1772.33,15.0
21,Laughanstown,53.250606,-6.155006,12.11,39,No,"Cabinteely, Dublin 18",2008,All bedrooms,Semi detached house,1459.04,1429.18,2.1
21,Laughanstown,53.250606,-6.155006,12.11,39,No,"Cabinteely, Dublin 18",2008,All bedrooms,Apartment,1326.55,1266.06,4.8
21,Laughanstown,53.250606,-6.155006,12.11,39,No,"Cabinteely, Dublin 18",2008,One bed,All property types,1097.78,922.96,18.9
21,Laughanstown,53.250606,-6.155006,12.11,39,No,"Cabinteely, Dublin 18",2008,One bed,Apartment,1103.41,1051.21,5.0
21,Laughanstown,53.250606,-6.155006,12.11,39,No,"Cabinteely, Dublin 18",2008,Two bed,All property types,1298.81,1296.13,0.2
21,Laughanstown,53.250606,-6.155006,12.11,39,No,"Cabinteely, Dublin 18",2008,Two bed,Apartment,1307.13,1323.06,-1.2
21,Laughanstown,53.250606,-6.155006,12.11,39,No,"Cabinteely, Dublin 18",2008,Three bed,All property types,1464.02,1437.56,1.8
21,Laughanstown,53.250606,-6.155006,12.11,39,No,"Cabinteely, Dublin 18",2008,Three bed,Semi detached house,1365.74,1368.08,-0.2
21,Laughanstown,53.250606,-6.155006,12.11,39,No,"Cabinteely, Dublin 18",2008,Three bed,Apartment,1523.07,1604.79,-5.1
21,Laughanstown,53.250606,-6.155006,12.11,39,No,"Cabinteely, Dublin 18",2008,1 to 2 bed,All property types,1256.53,1147.99,9.5
21,Laughanstown,53.250606,-6.155006,12.11,39,No,"Cabinteely, Dublin 18",2008,1 to 2 bed,Apartment,1263.41,1230.06,2.7
21,Laughanstown,53.250606,-6.155006,12.11,39,No,"Cabinteely, Dublin 18",2008,1 to 3 bed,All property types,1332.65,1220.36,9.2
21,Laughanstown,53.250606,-6.155006,12.11,39,No,"Cabinteely, Dublin 18",2008,1 to 3 bed,Semi detached house,1356.36,1317.88,2.9
21,Laughanstown,53.250606,-6.155006,12.11,39,No,"Cabinteely, Dublin 18",2008,1 to 3 bed,Apartment,1320.67,1262.6,4.6
21,Laughanstown,53.250606,-6.155006,12.11,39,No,"Cabinteely, Dublin 18",2008,Four plus bed,All property types,2028.4,1784.78,13.6
22,Cherrywood,53.245333,-6.145853,12.94,41,No,"Cabinteely, Dublin 18",2008,All bedrooms,All property types,1417.59,1271.28,11.5
22,Cherrywood,53.245333,-6.145853,12.94,41,No,"Cabinteely, Dublin 18",2008,All bedrooms,Detached house,2037.9,1772.33,15.0
22,Cherrywood,53.245333,-6.145853,12.94,41,No,"Cabinteely, Dublin 18",2008,All bedrooms,Semi detached house,1459.04,1429.18,2.1
22,Cherrywood,53.245333,-6.145853,12.94,41,No,"Cabinteely, Dublin 18",2008,All bedrooms,Apartment,1326.55,1266.06,4.8
22,Cherrywood,53.245333,-6.145853,12.94,41,No,"Cabinteely, Dublin 18",2008,One bed,All property types,1097.78,922.96,18.9
22,Cherrywood,53.245333,-6.145853,12.94,41,No,"Cabinteely, Dublin 18",2008,One bed,Apartment,1103.41,1051.21,5.0
22,Cherrywood,53.245333,-6.145853,12.94,41,No,"Cabinteely, Dublin 18",2008,Two bed,All property types,1298.81,1296.13,0.2
22,Cherrywood,53.245333,-6.145853,12.94,41,No,"Cabinteely, Dublin 18",2008,Two bed,Apartment,1307.13,1323.06,-1.2
22,Cherrywood,53.245333,-6.145853,12.94,41,No,"Cabinteely, Dublin 18",2008,Three bed,All property types,1464.02,1437.56,1.8
22,Cherrywood,53.245333,-6.145853,12.94,41,No,"Cabinteely, Dublin 18",2008,Three bed,Semi detached house,1365.74,1368.08,-0.2
22,Cherrywood,53.245333,-6.145853,12.94,41,No,"Cabinteely, Dublin 18",2008,Three bed,Apartment,1523.07,1604.79,-5.1
22,Cherrywood,53.245333,-6.145853,12.94,41,No,"Cabinteely, Dublin 18",2008,1 to 2 bed,All property types,1256.53,1147.99,9.5
22,Cherrywood,53.245333,-6.145853,12.94,41,No,"Cabinteely, Dublin 18",2008,1 to 2 bed,Apartment,1263.41,1230.06,2.7
22,Cherrywood,53.245333,-6.145853,12.94,41,No,"Cabinteely, Dublin 18",2008,1 to 3 bed,All property types,1332.65,1220.36,9.2
22,Cherrywood,53.245333,-6.145853,12.94,41,No,"Cabinteely, Dublin 18",2008,1 to 3 bed,Semi detached house,1356.36,1317.88,2.9
22,Cherrywood,53.245333,-6.145853,12.94,41,No,"Cabinteely, Dublin 18",2008,1 to 3 bed,Apartment,1320.67,1262.6,4.6
22,Cherrywood,53.245333,-6.145853,12.94,41,No,"Cabinteely, Dublin 18",2008,Four plus bed,All property types,2028.4,1784.78,13.6
23,Brides Glen,53.242075,-6.142886,13.35,42,No,"Shankill, Dublin",2008,All bedrooms,All property types,1382.3,1271.28,8.7
23,Brides Glen,53.242075,-6.142886,13.35,42,No,"Shankill, Dublin",2008,All bedrooms,Semi detached house,1450.77,1429.18,1.5
23,Brides Glen,53.242075,-6.142886,13.35,42,No,"Shankill, Dublin",2008,All bedrooms,Apartment,1238.15,1266.06,-2.2
23,Brides Glen,53.242075,-6.142886,13.35,42,No,"Shankill, Dublin",2008,Two bed,All property types,1258.55,1296.13,-2.9
23,Brides Glen,53.242075,-6.142886,13.35,42,No,"Shankill, Dublin",2008,Two bed,Apartment,1276.59,1323.06,-3.5
23,Brides Glen,53.242075,-6.142886,13.35,42,No,"Shankill, Dublin",2008,Three bed,All property types,1427.31,1437.56,-0.7
23,Brides Glen,53.242075,-6.142886,13.35,42,No,"Shankill, Dublin",2008,Three bed,Semi detached house,1432.35,1368.08,4.7
23,Brides Glen,53.242075,-6.142886,13.35,42,No,"Shankill, Dublin",2008,1 to 2 bed,All property types,1240.19,1147.99,8.0
23,Brides Glen,53.242075,-6.142886,13.35,42,No,"Shankill, Dublin",2008,1 to 2 bed,Apartment,1236.12,1230.06,0.5
23,Brides Glen,53.242075,-6.142886,13.35,42,No,"Shankill, Dublin",2008,1 to 3 bed,All property types,1299.72,1220.36,6.5
23,Brides Glen,53.242075,-6.142886,13.35,42,No,"Shankill, Dublin",2008,1 to 3 bed,Semi detached house,1415.85,1317.88,7.4
23,Brides Glen,53.242075,-6.142886,13.35,42,No,"Shankill, Dublin",2008,1 to 3 bed,Apartment,1236.12,1262.6,-2.1
23,Brides Glen,53.242075,-6.142886,13.35,42,No,"Shankill, Dublin",2008,Four plus bed,All property types,1587.97,1784.78,-11.0
23,Brides Glen,53.242075,-6.142886,13.35,42,No,"Shankill, Dublin",2008,Four plus bed,Semi detached house,1486.56,1736.48,-14.4
0,St. Stephen's Green,53.339072,-6.261333,0.0,0,No,"Charlemont Street, Dublin 2",2009,All bedrooms,All property types,1366.88,1157.72,18.1
0,St. Stephen's Green,53.339072,-6.261333,0.0,0,No,"Charlemont Street, Dublin 2",2009,All bedrooms,Apartment,1364.33,1137.17,20.0
0,St. Stephen's Green,53.339072,-6.261333,0.0,0,No,"Charlemont Street, Dublin 2",2009,Two bed,All property types,1355.12,1168.57,16.0
0,St. Stephen's Green,53.339072,-6.261333,0.0,0,No,"Charlemont Street, Dublin 2",2009,Two bed,Apartment,1350.48,1184.78,14.0
0,St. Stephen's Green,53.339072,-6.261333,0.0,0,No,"Charlemont Street, Dublin 2",2009,1 to 2 bed,All property types,1287.41,1047.37,22.9
0,St. Stephen's Green,53.339072,-6.261333,0.0,0,No,"Charlemont Street, Dublin 2",2009,1 to 2 bed,Apartment,1282.64,1103.35,16.2
0,St. Stephen's Green,53.339072,-6.261333,0.0,0,No,"Charlemont Street, Dublin 2",2009,1 to 3 bed,All property types,1366.88,1112.52,22.9
0,St. Stephen's Green,53.339072,-6.261333,0.0,0,No,"Charlemont Street, Dublin 2",2009,1 to 3 bed,Apartment,1364.33,1133.76,20.3
1,Harcourt,53.333358,-6.26265,0.64,2,No,"Charlemont Street, Dublin 2",2009,All bedrooms,All property types,1366.88,1157.72,18.1
1,Harcourt,53.333358,-6.26265,0.64,2,No,"Charlemont Street, Dublin 2",2009,All bedrooms,Apartment,1364.33,1137.17,20.0
1,Harcourt,53.333358,-6.26265,0.64,2,No,"Charlemont Street, Dublin 2",2009,Two bed,All property types,1355.12,1168.57,16.0
1,Harcourt,53.333358,-6.26265,0.64,2,No,"Charlemont Street, Dublin 2",2009,Two bed,Apartment,1350.48,1184.78,14.0
1,Harcourt,53.333358,-6.26265,0.64,2,No,"Charlemont Street, Dublin 2",2009,1 to 2 bed,All property types,1287.41,1047.37,22.9
1,Harcourt,53.333358,-6.26265,0.64,2,No,"Charlemont Street, Dublin 2",2009,1 to 2 bed,Apartment,1282.64,1103.35,16.2
1,Harcourt,53.333358,-6.26265,0.64,2,No,"Charlemont Street, Dublin 2",2009,1 to 3 bed,All property types,1366.88,1112.52,22.9
1,Harcourt,53.333358,-6.26265,0.64,2,No,"Charlemont Street, Dublin 2",2009,1 to 3 bed,Apartment,1364.33,1133.76,20.3
2,Charlemont,53.330669,-6.258683,0.95,4,No,"Charlemont Street, Dublin 2",2009,All bedrooms,All property types,1366.88,1157.72,18.1
2,Charlemont,53.330669,-6.258683,0.95,4,No,"Charlemont Street, Dublin 2",2009,All bedrooms,Apartment,1364.33,1137.17,20.0
2,Charlemont,53.330669,-6.258683,0.95,4,No,"Charlemont Street, Dublin 2",2009,Two bed,All property types,1355.12,1168.57,16.0
2,Charlemont,53.330669,-6.258683,0.95,4,No,"Charlemont Street, Dublin 2",2009,Two bed,Apartment,1350.48,1184.78,14.0
2,Charlemont,53.330669,-6.258683,0.95,4,No,"Charlemont Street, Dublin 2",2009,1 to 2 bed,All property types,1287.41,1047.37,22.9
2,Charlemont,53.330669,-6.258683,0.95,4,No,"Charlemont Street, Dublin 2",2009,1 to 2 bed,Apartment,1282.64,1103.35,16.2
2,Charlemont,53.330669,-6.258683,0.95,4,No,"Charlemont Street, Dublin 2",2009,1 to 3 bed,All property types,1366.88,1112.52,22.9
2,Charlemont,53.330669,-6.258683,0.95,4,No,"Charlemont Street, Dublin 2",2009,1 to 3 bed,Apartment,1364.33,1133.76,20.3
3,Ranelagh,53.326433,-6.256203,1.45,7,No,"Ranelagh, Dublin 6",2009,All bedrooms,All property types,1167.08,1157.72,0.8
3,Ranelagh,53.326433,-6.256203,1.45,7,No,"Ranelagh, Dublin 6",2009,All bedrooms,Semi detached house,1711.2,1298.32,31.8
3,Ranelagh,53.326433,-6.256203,1.45,7,No,"Ranelagh, Dublin 6",2009,All bedrooms,Terrace house,1819.02,1257.82,44.6
3,Ranelagh,53.326433,-6.256203,1.45,7,No,"Ranelagh, Dublin 6",2009,All bedrooms,Apartment,1074.65,1137.17,-5.5
3,Ranelagh,53.326433,-6.256203,1.45,7,No,"Ranelagh, Dublin 6",2009,All bedrooms,Other flats,719.86,724.96,-0.7
3,Ranelagh,53.326433,-6.256203,1.45,7,No,"Ranelagh, Dublin 6",2009,One bed,All property types,750.05,848.8,-11.6
3,Ranelagh,53.326433,-6.256203,1.45,7,No,"Ranelagh, Dublin 6",2009,One bed,Semi detached house,826.54,797.07,3.7
3,Ranelagh,53.326433,-6.256203,1.45,7,No,"Ranelagh, Dublin 6",2009,One bed,Apartment,911.23,940.93,-3.2
3,Ranelagh,53.326433,-6.256203,1.45,7,No,"Ranelagh, Dublin 6",2009,One bed,Other flats,663.68,655.56,1.2
3,Ranelagh,53.326433,-6.256203,1.45,7,No,"Ranelagh, Dublin 6",2009,Two bed,All property types,1204.88,1168.57,3.1
3,Ranelagh,53.326433,-6.256203,1.45,7,No,"Ranelagh, Dublin 6",2009,Two bed,Semi detached house,1399.54,1144.72,22.3
3,Ranelagh,53.326433,-6.256203,1.45,7,No,"Ranelagh, Dublin 6",2009,Two bed,Terrace house,1436.13,1136.61,26.4
3,Ranelagh,53.326433,-6.256203,1.45,7,No,"Ranelagh, Dublin 6",2009,Two bed,Apartment,1186.45,1184.78,0.1
3,Ranelagh,53.326433,-6.256203,1.45,7,No,"Ranelagh, Dublin 6",2009,Two bed,Other flats,953.48,958.27,-0.5
3,Ranelagh,53.326433,-6.256203,1.45,7,No,"Ranelagh, Dublin 6",2009,Three bed,All property types,1828.62,1305.34,40.1
3,Ranelagh,53.326433,-6.256203,1.45,7,No,"Ranelagh, Dublin 6",2009,Three bed,Semi detached house,1966.0,1246.64,57.7
3,Ranelagh,53.326433,-6.256203,1.45,7,No,"Ranelagh, Dublin 6",2009,Three bed,Terrace house,1872.99,1285.32,45.7
3,Ranelagh,53.326433,-6.256203,1.45,7,No,"Ranelagh, Dublin 6",2009,1 to 2 bed,All property types,915.84,1047.37,-12.6
3,Ranelagh,53.326433,-6.256203,1.45,7,No,"Ranelagh, Dublin 6",2009,1 to 2 bed,Semi detached house,1147.67,1059.37,8.3
3,Ranelagh,53.326433,-6.256203,1.45,7,No,"Ranelagh, Dublin 6",2009,1 to 2 bed,Terrace house,1391.83,1108.39,25.6
3,Ranelagh,53.326433,-6.256203,1.45,7,No,"Ranelagh, Dublin 6",2009,1 to 2 bed,Apartment,1041.56,1103.35,-5.6
3,Ranelagh,53.326433,-6.256203,1.45,7,No,"Ranelagh, Dublin 6",2009,1 to 2 bed,Other flats,713.84,708.68,0.7
3,Ranelagh,53.326433,-6.256203,1.45,7,No,"Ranelagh, Dublin 6",2009,1 to 3 bed,All property types,1048.91,1112.52,-5.7
3,Ranelagh,53.326433,-6.256203,1.45,7,No,"Ranelagh, Dublin 6",2009,1 to 3 bed,Semi detached house,1472.84,1201.19,22.6
3,Ranelagh,53.326433,-6.256203,1.45,7,No,"Ranelagh, Dublin 6",2009,1 to 3 bed,Terrace house,1655.94,1202.75,37.7
3,Ranelagh,53.326433,-6.256203,1.45,7,No,"Ranelagh, Dublin 6",2009,1 to 3 bed,Apartment,1069.77,1133.76,-5.6
3,Ranelagh,53.326433,-6.256203,1.45,7,No,"Ranelagh, Dublin 6",2009,1 to 3 bed,Other flats,718.29,722.4,-0.6
3,Ranelagh,53.326433,-6.256203,1.45,7,No,"Ranelagh, Dublin 6",2009,Four plus bed,All property types,2271.9,1633.65,39.1
3,Ranelagh,53.326433,-6.256203,1.45,7,No,"Ranelagh, Dublin 6",2009,Four plus bed,Semi detached house,2377.72,1579.54,50.5
3,Ranelagh,53.326433,-6.256203,1.45,7,No,"Ranelagh, Dublin 6",2009,Four plus bed,Terrace house,2230.08,1626.16,37.1
4,Beechwood,53.320822,-6.254653,2.08,9,No,"Ranelagh, Dublin 6",2009,All bedrooms,All property types,1167.08,1157.72,0.8
4,Beechwood,53.320822,-6.254653,2.08,9,No,"Ranelagh, Dublin 6",2009,All bedrooms,Semi detached house,1711.2,1298.32,31.8
4,Beechwood,53.320822,-6.254653,2.08,9,No,"Ranelagh, Dublin 6",2009,All bedrooms,Terrace house,1819.02,1257.82,44.6
4,Beechwood,53.320822,-6.254653,2.08,9,No,"Ranelagh, Dublin 6",2009,All bedrooms,Apartment,1074.65,1137.17,-5.5
4,Beechwood,53.320822,-6.254653,2.08,9,No,"Ranelagh, Dublin 6",2009,All bedrooms,Other flats,719.86,724.96,-0.7
4,Beechwood,53.320822,-6.254653,2.08,9,No,"Ranelagh, Dublin 6",2009,One bed,All property types,750.05,848.8,-11.6
4,Beechwood,53.320822,-6.254653,2.08,9,No,"Ranelagh, Dublin 6",2009,One bed,Semi detached house,826.54,797.07,3.7
4,Beechwood,53.320822,-6.254653,2.08,9,No,"Ranelagh, Dublin 6",2009,One bed,Apartment,911.23,940.93,-3.2
4,Beechwood,53.320822,-6.254653,2.08,9,No,"Ranelagh, Dublin 6",2009,One bed,Other flats,663.68,655.56,1.2
4,Beechwood,53.320822,-6.254653,2.08,9,No,"Ranelagh, Dublin 6",2009,Two bed,All property types,1204.88,1168.57,3.1
4,Beechwood,53.320822,-6.254653,2.08,9,No,"Ranelagh, Dublin 6",2009,Two bed,Semi detached house,1399.54,1144.72,22.3
4,Beechwood,53.320822,-6.254653,2.08,9,No,"Ranelagh, Dublin 6",2009,Two bed,Terrace house,1436.13,1136.61,26.4
4,Beechwood,53.320822,-6.254653,2.08,9,No,"Ranelagh, Dublin 6",2009,Two bed,Apartment,1186.45,1184.78,0.1
4,Beechwood,53.320822,-6.254653,2.08,9,No,"Ranelagh, Dublin 6",2009,Two bed,Other flats,953.48,958.27,-0.5
4,Beechwood,53.320822,-6.254653,2.08,9,No,"Ranelagh, Dublin 6",2009,Three bed,All property types,1828.62,1305.34,40.1
4,Beechwood,53.320822,-6.254653,2.08,9,No,"Ranelagh, Dublin 6",2009,Three bed,Semi detached house,1966.0,1246.64,57.7
4,Beechwood,53.320822,-6.254653,2.08,9,No,"Ranelagh, Dublin 6",2009,Three bed,Terrace house,1872.99,1285.32,45.7
4,Beechwood,53.320822,-6.254653,2.08,9,No,"Ranelagh, Dublin 6",2009,1 to 2 bed,All property types,915.84,1047.37,-12.6
4,Beechwood,53.320822,-6.254653,2.08,9,No,"Ranelagh, Dublin 6",2009,1 to 2 bed,Semi detached house,1147.67,1059.37,8.3
4,Beechwood,53.320822,-6.254653,2.08,9,No,"Ranelagh, Dublin 6",2009,1 to 2 bed,Terrace house,1391.83,1108.39,25.6
4,Beechwood,53.320822,-6.254653,2.08,9,No,"Ranelagh, Dublin 6",2009,1 to 2 bed,Apartment,1041.56,1103.35,-5.6
4,Beechwood,53.320822,-6.254653,2.08,9,No,"Ranelagh, Dublin 6",2009,1 to 2 bed,Other flats,713.84,708.68,0.7
4,Beechwood,53.320822,-6.254653,2.08,9,No,"Ranelagh, Dublin 6",2009,1 to 3 bed,All property types,1048.91,1112.52,-5.7
4,Beechwood,53.320822,-6.254653,2.08,9,No,"Ranelagh, Dublin 6",2009,1 to 3 bed,Semi detached house,1472.84,1201.19,22.6
4,Beechwood,53.320822,-6.254653,2.08,9,No,"Ranelagh, Dublin 6",2009,1 to 3 bed,Terrace house,1655.94,1202.75,37.7
4,Beechwood,53.320822,-6.254653,2.08,9,No,"Ranelagh, Dublin 6",2009,1 to 3 bed,Apartment,1069.77,1133.76,-5.6
4,Beechwood,53.320822,-6.254653,2.08,9,No,"Ranelagh, Dublin 6",2009,1 to 3 bed,Other flats,718.29,722.4,-0.6
4,Beechwood,53.320822,-6.254653,2.08,9,No,"Ranelagh, Dublin 6",2009,Four plus bed,All property types,2271.9,1633.65,39.1
4,Beechwood,53.320822,-6.254653,2.08,9,No,"Ranelagh, Dublin 6",2009,Four plus bed,Semi detached house,2377.72,1579.54,50.5
4,Beechwood,53.320822,-6.254653,2.08,9,No,"Ranelagh, Dublin 6",2009,Four plus bed,Terrace house,2230.08,1626.16,37.1
5,Cowper,53.316467,-6.253447,2.57,11,No,"Ranelagh, Dublin 6",2009,All bedrooms,All property types,1167.08,1157.72,0.8
5,Cowper,53.316467,-6.253447,2.57,11,No,"Ranelagh, Dublin 6",2009,All bedrooms,Semi detached house,1711.2,1298.32,31.8
5,Cowper,53.316467,-6.253447,2.57,11,No,"Ranelagh, Dublin 6",2009,All bedrooms,Terrace house,1819.02,1257.82,44.6
5,Cowper,53.316467,-6.253447,2.57,11,No,"Ranelagh, Dublin 6",2009,All bedrooms,Apartment,1074.65,1137.17,-5.5
5,Cowper,53.316467,-6.253447,2.57,11,No,"Ranelagh, Dublin 6",2009,All bedrooms,Other flats,719.86,724.96,-0.7
5,Cowper,53.316467,-6.253447,2.57,11,No,"Ranelagh, Dublin 6",2009,One bed,All property types,750.05,848.8,-11.6
5,Cowper,53.316467,-6.253447,2.57,11,No,"Ranelagh, Dublin 6",2009,One bed,Semi detached house,826.54,797.07,3.7
5,Cowper,53.316467,-6.253447,2.57,11,No,"Ranelagh, Dublin 6",2009,One bed,Apartment,911.23,940.93,-3.2
5,Cowper,53.316467,-6.253447,2.57,11,No,"Ranelagh, Dublin 6",2009,One bed,Other flats,663.68,655.56,1.2
5,Cowper,53.316467,-6.253447,2.57,11,No,"Ranelagh, Dublin 6",2009,Two bed,All property types,1204.88,1168.57,3.1
5,Cowper,53.316467,-6.253447,2.57,11,No,"Ranelagh, Dublin 6",2009,Two bed,Semi detached house,1399.54,1144.72,22.3
5,Cowper,53.316467,-6.253447,2.57,11,No,"Ranelagh, Dublin 6",2009,Two bed,Terrace house,1436.13,1136.61,26.4
5,Cowper,53.316467,-6.253447,2.57,11,No,"Ranelagh, Dublin 6",2009,Two bed,Apartment,1186.45,1184.78,0.1
5,Cowper,53.316467,-6.253447,2.57,11,No,"Ranelagh, Dublin 6",2009,Two bed,Other flats,953.48,958.27,-0.5
5,Cowper,53.316467,-6.253447,2.57,11,No,"Ranelagh, Dublin 6",2009,Three bed,All property types,1828.62,1305.34,40.1
5,Cowper,53.316467,-6.253447,2.57,11,No,"Ranelagh, Dublin 6",2009,Three bed,Semi detached house,1966.0,1246.64,57.7
5,Cowper,53.316467,-6.253447,2.57,11,No,"Ranelagh, Dublin 6",2009,Three bed,Terrace house,1872.99,1285.32,45.7
5,Cowper,53.316467,-6.253447,2.57,11,No,"Ranelagh, Dublin 6",2009,1 to 2 bed,All property types,915.84,1047.37,-12.6
5,Cowper,53.316467,-6.253447,2.57,11,No,"Ranelagh, Dublin 6",2009,1 to 2 bed,Semi detached house,1147.67,1059.37,8.3
5,Cowper,53.316467,-6.253447,2.57,11,No,"Ranelagh, Dublin 6",2009,1 to 2 bed,Terrace house,1391.83,1108.39,25.6
5,Cowper,53.316467,-6.253447,2.57,11,No,"Ranelagh, Dublin 6",2009,1 to 2 bed,Apartment,1041.56,1103.35,-5.6
5,Cowper,53.316467,-6.253447,2.57,11,No,"Ranelagh, Dublin 6",2009,1 to 2 bed,Other flats,713.84,708.68,0.7
5,Cowper,53.316467,-6.253447,2.57,11,No,"Ranelagh, Dublin 6",2009,1 to 3 bed,All property types,1048.91,1112.52,-5.7
5,Cowper,53.316467,-6.253447,2.57,11,No,"Ranelagh, Dublin 6",2009,1 to 3 bed,Semi detached house,1472.84,1201.19,22.6
5,Cowper,53.316467,-6.253447,2.57,11,No,"Ranelagh, Dublin 6",2009,1 to 3 bed,Terrace house,1655.94,1202.75,37.7
5,Cowper,53.316467,-6.253447,2.57,11,No,"Ranelagh, Dublin 6",2009,1 to 3 bed,Apartment,1069.77,1133.76,-5.6
5,Cowper,53.316467,-6.253447,2.57,11,No,"Ranelagh, Dublin 6",2009,1 to 3 bed,Other flats,718.29,722.4,-0.6
5,Cowper,53.316467,-6.253447,2.57,11,No,"Ranelagh, Dublin 6",2009,Four plus bed,All property types,2271.9,1633.65,39.1
5,Cowper,53.316467,-6.253447,2.57,11,No,"Ranelagh, Dublin 6",2009,Four plus bed,Semi detached house,2377.72,1579.54,50.5
5,Cowper,53.316467,-6.253447,2.57,11,No,"Ranelagh, Dublin 6",2009,Four plus bed,Terrace house,2230.08,1626.16,37.1
6,Milltown,53.309917,-6.251728,3.3,13,No,"Milltown, Dublin 6",2009,All bedrooms,All property types,1417.4,1157.72,22.4
6,Milltown,53.309917,-6.251728,3.3,13,No,"Milltown, Dublin 6",2009,All bedrooms,Semi detached house,1636.19,1298.32,26.0
6,Milltown,53.309917,-6.251728,3.3,13,No,"Milltown, Dublin 6",2009,All bedrooms,Terrace house,1518.53,1257.82,20.7
6,Milltown,53.309917,-6.251728,3.3,13,No,"Milltown, Dublin 6",2009,All bedrooms,Apartment,1351.58,1137.17,18.9
6,Milltown,53.309917,-6.251728,3.3,13,No,"Milltown, Dublin 6",2009,One bed,All property types,1114.62,848.8,31.3
6,Milltown,53.309917,-6.251728,3.3,13,No,"Milltown, Dublin 6",2009,One bed,Apartment,1137.1,940.93,20.8
6,Milltown,53.309917,-6.251728,3.3,13,No,"Milltown, Dublin 6",2009,Two bed,All property types,1376.46,1168.57,17.8
6,Milltown,53.309917,-6.251728,3.3,13,No,"Milltown, Dublin 6",2009,Two bed,Terrace house,1309.27,1136.61,15.2
6,Milltown,53.309917,-6.251728,3.3,13,No,"Milltown, Dublin 6",2009,Two bed,Apartment,1393.54,1184.78,17.6
6,Milltown,53.309917,-6.251728,3.3,13,No,"Milltown, Dublin 6",2009,Three bed,All property types,1587.2,1305.34,21.6
6,Milltown,53.309917,-6.251728,3.3,13,No,"Milltown, Dublin 6",2009,Three bed,Apartment,1546.36,1442.16,7.2
6,Milltown,53.309917,-6.251728,3.3,13,No,"Milltown, Dublin 6",2009,1 to 2 bed,All property types,1306.55,1047.37,24.7
6,Milltown,53.309917,-6.251728,3.3,13,No,"Milltown, Dublin 6",2009,1 to 2 bed,Terrace house,1311.43,1108.39,18.3
6,Milltown,53.309917,-6.251728,3.3,13,No,"Milltown, Dublin 6",2009,1 to 2 bed,Apartment,1316.99,1103.35,19.4
6,Milltown,53.309917,-6.251728,3.3,13,No,"Milltown, Dublin 6",2009,1 to 3 bed,All property types,1363.91,1112.52,22.6
6,Milltown,53.309917,-6.251728,3.3,13,No,"Milltown, Dublin 6",2009,1 to 3 bed,Semi detached house,1363.21,1201.19,13.5
6,Milltown,53.309917,-6.251728,3.3,13,No,"Milltown, Dublin 6",2009,1 to 3 bed,Terrace house,1401.77,1202.75,16.5
6,Milltown,53.309917,-6.251728,3.3,13,No,"Milltown, Dublin 6",2009,1 to 3 bed,Apartment,1350.84,1133.76,19.1
6,Milltown,53.309917,-6.251728,3.3,13,No,"Milltown, Dublin 6",2009,Four plus bed,All property types,2068.41,1633.65,26.6
7,Windy Arbour,53.301558,-6.250708,4.23,15,No,"Churchtown, Dublin 14",2009,All bedrooms,All property types,1476.01,1157.72,27.5
7,Windy Arbour,53.301558,-6.250708,4.23,15,No,"Churchtown, Dublin 14",2009,All bedrooms,Semi detached house,1557.09,1298.32,19.9
7,Windy Arbour,53.301558,-6.250708,4.23,15,No,"Churchtown, Dublin 14",2009,All bedrooms,Terrace house,1453.64,1257.82,15.6
7,Windy Arbour,53.301558,-6.250708,4.23,15,No,"Churchtown, Dublin 14",2009,All bedrooms,Apartment,1213.75,1137.17,6.7
7,Windy Arbour,53.301558,-6.250708,4.23,15,No,"Churchtown, Dublin 14",2009,Two bed,All property types,1238.89,1168.57,6.0
7,Windy Arbour,53.301558,-6.250708,4.23,15,No,"Churchtown, Dublin 14",2009,Two bed,Apartment,1253.33,1184.78,5.8
7,Windy Arbour,53.301558,-6.250708,4.23,15,No,"Churchtown, Dublin 14",2009,Three bed,All property types,1432.46,1305.34,9.7
7,Windy Arbour,53.301558,-6.250708,4.23,15,No,"Churchtown, Dublin 14",2009,Three bed,Semi detached house,1408.85,1246.64,13.0
7,Windy Arbour,53.301558,-6.250708,4.23,15,No,"Churchtown, Dublin 14",2009,1 to 2 bed,All property types,1199.26,1047.37,14.5
7,Windy Arbour,53.301558,-6.250708,4.23,15,No,"Churchtown, Dublin 14",2009,1 to 2 bed,Apartment,1207.26,1103.35,9.4
7,Windy Arbour,53.301558,-6.250708,4.23,15,No,"Churchtown, Dublin 14",2009,1 to 3 bed,All property types,1319.1,1112.52,18.6
7,Windy Arbour,53.301558,-6.250708,4.23,15,No,"Churchtown, Dublin 14",2009,1 to 3 bed,Semi detached house,1363.5,1201.19,13.5
7,Windy Arbour,53.301558,-6.250708,4.23,15,No,"Churchtown, Dublin 14",2009,1 to 3 bed,Terrace house,1412.11,1202.75,17.4
7,Windy Arbour,53.301558,-6.250708,4.23,15,No,"Churchtown, Dublin 14",2009,1 to 3 bed,Apartment,1213.75,1133.76,7.1
7,Windy Arbour,53.301558,-6.250708,4.23,15,No,"Churchtown, Dublin 14",2009,Four plus bed,All property types,1886.82,1633.65,15.5
7,Windy Arbour,53.301558,-6.250708,4.23,15,No,"Churchtown, Dublin 14",2009,Four plus bed,Semi detached house,1912.0,1579.54,21.0
8,Dundrum,53.292358,-6.245117,5.3,17,No,"Dundrum, Dublin 16",2009,All bedrooms,All property types,1372.24,1157.72,18.5
8,Dundrum,53.292358,-6.245117,5.3,17,No,"Dundrum, Dublin 16",2009,All bedrooms,Detached house,1811.33,1621.59,11.7
8,Dundrum,53.292358,-6.245117,5.3,17,No,"Dundrum, Dublin 16",2009,All bedrooms,Semi detached house,1565.08,1298.32,20.5
8,Dundrum,53.292358,-6.245117,5.3,17,No,"Dundrum, Dublin 16",2009,All bedrooms,Terrace house,1418.86,1257.82,12.8
8,Dundrum,53.292358,-6.245117,5.3,17,No,"Dundrum, Dublin 16",2009,All bedrooms,Apartment,1301.79,1137.17,14.5
8,Dundrum,53.292358,-6.245117,5.3,17,No,"Dundrum, Dublin 16",2009,One bed,All property types,1057.85,848.8,24.6
8,Dundrum,53.292358,-6.245117,5.3,17,No,"Dundrum, Dublin 16",2009,One bed,Apartment,1070.21,940.93,13.7
8,Dundrum,53.292358,-6.245117,5.3,17,No,"Dundrum, Dublin 16",2009,Two bed,All property types,1324.39,1168.57,13.3
8,Dundrum,53.292358,-6.245117,5.3,17,No,"Dundrum, Dublin 16",2009,Two bed,Terrace house,1257.39,1136.61,10.6
8,Dundrum,53.292358,-6.245117,5.3,17,No,"Dundrum, Dublin 16",2009,Two bed,Apartment,1334.04,1184.78,12.6
8,Dundrum,53.292358,-6.245117,5.3,17,No,"Dundrum, Dublin 16",2009,Three bed,All property types,1546.13,1305.34,18.4
8,Dundrum,53.292358,-6.245117,5.3,17,No,"Dundrum, Dublin 16",2009,Three bed,Semi detached house,1440.68,1246.64,15.6
8,Dundrum,53.292358,-6.245117,5.3,17,No,"Dundrum, Dublin 16",2009,Three bed,Terrace house,1581.96,1285.32,23.1
8,Dundrum,53.292358,-6.245117,5.3,17,No,"Dundrum, Dublin 16",2009,Three bed,Apartment,1746.58,1442.16,21.1
8,Dundrum,53.292358,-6.245117,5.3,17,No,"Dundrum, Dublin 16",2009,1 to 2 bed,All property types,1270.0,1047.37,21.3
8,Dundrum,53.292358,-6.245117,5.3,17,No,"Dundrum, Dublin 16",2009,1 to 2 bed,Terrace house,1257.39,1108.39,13.4
8,Dundrum,53.292358,-6.245117,5.3,17,No,"Dundrum, Dublin 16",2009,1 to 2 bed,Apartment,1277.17,1103.35,15.8
8,Dundrum,53.292358,-6.245117,5.3,17,No,"Dundrum, Dublin 16",2009,1 to 3 bed,All property types,1326.42,1112.52,19.2
8,Dundrum,53.292358,-6.245117,5.3,17,No,"Dundrum, Dublin 16",2009,1 to 3 bed,Semi detached house,1407.81,1201.19,17.2
8,Dundrum,53.292358,-6.245117,5.3,17,No,"Dundrum, Dublin 16",2009,1 to 3 bed,Terrace house,1431.63,1202.75,19.0
8,Dundrum,53.292358,-6.245117,5.3,17,No,"Dundrum, Dublin 16",2009,1 to 3 bed,Apartment,1302.43,1133.76,14.9
8,Dundrum,53.292358,-6.245117,5.3,17,No,"Dundrum, Dublin 16",2009,Four plus bed,All property types,1790.0,1633.65,9.6
8,Dundrum,53.292358,-6.245117,5.3,17,No,"Dundrum, Dublin 16",2009,Four plus bed,Semi detached house,1806.37,1579.54,14.4
9,Balally,53.286106,-6.236772,6.11,19,Yes,"Dundrum, Dublin 16",2009,All bedrooms,All property types,1372.24,1157.72,18.5
9,Balally,53.286106,-6.236772,6.11,19,Yes,"Dundrum, Dublin 16",2009,All bedrooms,Detached house,1811.33,1621.59,11.7
9,Balally,53.286106,-6.236772,6.11,19,Yes,"Dundrum, Dublin 16",2009,All bedrooms,Semi detached house,1565.08,1298.32,20.5
9,Balally,53.286106,-6.236772,6.11,19,Yes,"Dundrum, Dublin 16",2009,All bedrooms,Terrace house,1418.86,1257.82,12.8
9,Balally,53.286106,-6.236772,6.11,19,Yes,"Dundrum, Dublin 16",2009,All bedrooms,Apartment,1301.79,1137.17,14.5
9,Balally,53.286106,-6.236772,6.11,19,Yes,"Dundrum, Dublin 16",2009,One bed,All property types,1057.85,848.8,24.6
9,Balally,53.286106,-6.236772,6.11,19,Yes,"Dundrum, Dublin 16",2009,One bed,Apartment,1070.21,940.93,13.7
9,Balally,53.286106,-6.236772,6.11,19,Yes,"Dundrum, Dublin 16",2009,Two bed,All property types,1324.39,1168.57,13.3
9,Balally,53.286106,-6.236772,6.11,19,Yes,"Dundrum, Dublin 16",2009,Two bed,Terrace house,1257.39,1136.61,10.6
9,Balally,53.286106,-6.236772,6.11,19,Yes,"Dundrum, Dublin 16",2009,Two bed,Apartment,1334.04,1184.78,12.6
9,Balally,53.286106,-6.236772,6.11,19,Yes,"Dundrum, Dublin 16",2009,Three bed,All property types,1546.13,1305.34,18.4
9,Balally,53.286106,-6.236772,6.11,19,Yes,"Dundrum, Dublin 16",2009,Three bed,Semi detached house,1440.68,1246.64,15.6
9,Balally,53.286106,-6.236772,6.11,19,Yes,"Dundrum, Dublin 16",2009,Three bed,Terrace house,1581.96,1285.32,23.1
9,Balally,53.286106,-6.236772,6.11,19,Yes,"Dundrum, Dublin 16",2009,Three bed,Apartment,1746.58,1442.16,21.1
9,Balally,53.286106,-6.236772,6.11,19,Yes,"Dundrum, Dublin 16",2009,1 to 2 bed,All property types,1270.0,1047.37,21.3
9,Balally,53.286106,-6.236772,6.11,19,Yes,"Dundrum, Dublin 16",2009,1 to 2 bed,Terrace house,1257.39,1108.39,13.4
9,Balally,53.286106,-6.236772,6.11,19,Yes,"Dundrum, Dublin 16",2009,1 to 2 bed,Apartment,1277.17,1103.35,15.8
9,Balally,53.286106,-6.236772,6.11,19,Yes,"Dundrum, Dublin 16",2009,1 to 3 bed,All property types,1326.42,1112.52,19.2
9,Balally,53.286106,-6.236772,6.11,19,Yes,"Dundrum, Dublin 16",2009,1 to 3 bed,Semi detached house,1407.81,1201.19,17.2
9,Balally,53.286106,-6.236772,6.11,19,Yes,"Dundrum, Dublin 16",2009,1 to 3 bed,Terrace house,1431.63,1202.75,19.0
9,Balally,53.286106,-6.236772,6.11,19,Yes,"Dundrum, Dublin 16",2009,1 to 3 bed,Apartment,1302.43,1133.76,14.9
9,Balally,53.286106,-6.236772,6.11,19,Yes,"Dundrum, Dublin 16",2009,Four plus bed,All property types,1790.0,1633.65,9.6
9,Balally,53.286106,-6.236772,6.11,19,Yes,"Dundrum, Dublin 16",2009,Four plus bed,Semi detached house,1806.37,1579.54,14.4
10,Kilmacud,53.283008,-6.223886,6.71,21,No,"Stillorgan, Dublin",2009,All bedrooms,All property types,1419.23,1157.72,22.6
10,Kilmacud,53.283008,-6.223886,6.71,21,No,"Stillorgan, Dublin",2009,All bedrooms,Detached house,1834.72,1621.59,13.1
10,Kilmacud,53.283008,-6.223886,6.71,21,No,"Stillorgan, Dublin",2009,All bedrooms,Semi detached house,1563.82,1298.32,20.4
10,Kilmacud,53.283008,-6.223886,6.71,21,No,"Stillorgan, Dublin",2009,All bedrooms,Terrace house,1486.3,1257.82,18.2
10,Kilmacud,53.283008,-6.223886,6.71,21,No,"Stillorgan, Dublin",2009,All bedrooms,Apartment,1311.4,1137.17,15.3
10,Kilmacud,53.283008,-6.223886,6.71,21,No,"Stillorgan, Dublin",2009,One bed,All property types,1067.39,848.8,25.8
10,Kilmacud,53.283008,-6.223886,6.71,21,No,"Stillorgan, Dublin",2009,One bed,Apartment,1082.02,940.93,15.0
10,Kilmacud,53.283008,-6.223886,6.71,21,No,"Stillorgan, Dublin",2009,Two bed,All property types,1312.5,1168.57,12.3
10,Kilmacud,53.283008,-6.223886,6.71,21,No,"Stillorgan, Dublin",2009,Two bed,Apartment,1319.99,1184.78,11.4
10,Kilmacud,53.283008,-6.223886,6.71,21,No,"Stillorgan, Dublin",2009,Three bed,All property types,1540.86,1305.34,18.0
10,Kilmacud,53.283008,-6.223886,6.71,21,No,"Stillorgan, Dublin",2009,Three bed,Semi detached house,1494.97,1246.64,19.9
10,Kilmacud,53.283008,-6.223886,6.71,21,No,"Stillorgan, Dublin",2009,Three bed,Terrace house,1529.77,1285.32,19.0
10,Kilmacud,53.283008,-6.223886,6.71,21,No,"Stillorgan, Dublin",2009,Three bed,Apartment,1637.93,1442.16,13.6
10,Kilmacud,53.283008,-6.223886,6.71,21,No,"Stillorgan, Dublin",2009,1 to 2 bed,All property types,1251.22,1047.37,19.5
10,Kilmacud,53.283008,-6.223886,6.71,21,No,"Stillorgan, Dublin",2009,1 to 2 bed,Apartment,1259.32,1103.35,14.1
10,Kilmacud,53.283008,-6.223886,6.71,21,No,"Stillorgan, Dublin",2009,1 to 3 bed,All property types,1341.11,1112.52,20.5
10,Kilmacud,53.283008,-6.223886,6.71,21,No,"Stillorgan, Dublin",2009,1 to 3 bed,Semi detached house,1453.75,1201.19,21.0
10,Kilmacud,53.283008,-6.223886,6.71,21,No,"Stillorgan, Dublin",2009,1 to 3 bed,Terrace house,1394.43,1202.75,15.9
10,Kilmacud,53.283008,-6.223886,6.71,21,No,"Stillorgan, Dublin",2009,1 to 3 bed,Apartment,1302.12,1133.76,14.8
10,Kilmacud,53.283008,-6.223886,6.71,21,No,"Stillorgan, Dublin",2009,Four plus bed,All property types,1815.3,1633.65,11.1
10,Kilmacud,53.283008,-6.223886,6.71,21,No,"Stillorgan, Dublin",2009,Four plus bed,Detached house,1923.78,1898.73,1.3
10,Kilmacud,53.283008,-6.223886,6.71,21,No,"Stillorgan, Dublin",2009,Four plus bed,Semi detached house,1776.32,1579.54,12.5
11,Stillorgan,53.279311,-6.209919,7.47,22,Yes,"Stillorgan, Dublin",2009,All bedrooms,All property types,1419.23,1157.72,22.6
11,Stillorgan,53.279311,-6.209919,7.47,22,Yes,"Stillorgan, Dublin",2009,All bedrooms,Detached house,1834.72,1621.59,13.1
11,Stillorgan,53.279311,-6.209919,7.47,22,Yes,"Stillorgan, Dublin",2009,All bedrooms,Semi detached house,1563.82,1298.32,20.4
11,Stillorgan,53.279311,-6.209919,7.47,22,Yes,"Stillorgan, Dublin",2009,All bedrooms,Terrace house,1486.3,1257.82,18.2
11,Stillorgan,53.279311,-6.209919,7.47,22,Yes,"Stillorgan, Dublin",2009,All bedrooms,Apartment,1311.4,1137.17,15.3
11,Stillorgan,53.279311,-6.209919,7.47,22,Yes,"Stillorgan, Dublin",2009,One bed,All property types,1067.39,848.8,25.8
11,Stillorgan,53.279311,-6.209919,7.47,22,Yes,"Stillorgan, Dublin",2009,One bed,Apartment,1082.02,940.93,15.0
11,Stillorgan,53.279311,-6.209919,7.47,22,Yes,"Stillorgan, Dublin",2009,Two bed,All property types,1312.5,1168.57,12.3
11,Stillorgan,53.279311,-6.209919,7.47,22,Yes,"Stillorgan, Dublin",2009,Two bed,Apartment,1319.99,1184.78,11.4
11,Stillorgan,53.279311,-6.209919,7.47,22,Yes,"Stillorgan, Dublin",2009,Three bed,All property types,1540.86,1305.34,18.0
11,Stillorgan,53.279311,-6.209919,7.47,22,Yes,"Stillorgan, Dublin",2009,Three bed,Semi detached house,1494.97,1246.64,19.9
11,Stillorgan,53.279311,-6.209919,7.47,22,Yes,"Stillorgan, Dublin",2009,Three bed,Terrace house,1529.77,1285.32,19.0
11,Stillorgan,53.279311,-6.209919,7.47,22,Yes,"Stillorgan, Dublin",2009,Three bed,Apartment,1637.93,1442.16,13.6
11,Stillorgan,53.279311,-6.209919,7.47,22,Yes,"Stillorgan, Dublin",2009,1 to 2 bed,All property types,1251.22,1047.37,19.5
11,Stillorgan,53.279311,-6.209919,7.47,22,Yes,"Stillorgan, Dublin",2009,1 to 2 bed,Apartment,1259.32,1103.35,14.1
11,Stillorgan,53.279311,-6.209919,7.47,22,Yes,"Stillorgan, Dublin",2009,1 to 3 bed,All property types,1341.11,1112.52,20.5
11,Stillorgan,53.279311,-6.209919,7.47,22,Yes,"Stillorgan, Dublin",2009,1 to 3 bed,Semi detached house,1453.75,1201.19,21.0
11,Stillorgan,53.279311,-6.209919,7.47,22,Yes,"Stillorgan, Dublin",2009,1 to 3 bed,Terrace house,1394.43,1202.75,15.9
11,Stillorgan,53.279311,-6.209919,7.47,22,Yes,"Stillorgan, Dublin",2009,1 to 3 bed,Apartment,1302.12,1133.76,14.8
11,Stillorgan,53.279311,-6.209919,7.47,22,Yes,"Stillorgan, Dublin",2009,Four plus bed,All property types,1815.3,1633.65,11.1
11,Stillorgan,53.279311,-6.209919,7.47,22,Yes,"Stillorgan, Dublin",2009,Four plus bed,Detached house,1923.78,1898.73,1.3
11,Stillorgan,53.279311,-6.209919,7.47,22,Yes,"Stillorgan, Dublin",2009,Four plus bed,Semi detached house,1776.32,1579.54,12.5
12,Sandyford,53.277603,-6.204678,7.8,24,Yes,"Sandyford, Dublin 18",2009,All bedrooms,All property types,1293.2,1157.72,11.7
12,Sandyford,53.277603,-6.204678,7.8,24,Yes,"Sandyford, Dublin 18",2009,All bedrooms,Semi detached house,1396.11,1298.32,7.5
12,Sandyford,53.277603,-6.204678,7.8,24,Yes,"Sandyford, Dublin 18",2009,All bedrooms,Terrace house,1351.32,1257.82,7.4
12,Sandyford,53.277603,-6.204678,7.8,24,Yes,"Sandyford, Dublin 18",2009,All bedrooms,Apartment,1273.45,1137.17,12.0
12,Sandyford,53.277603,-6.204678,7.8,24,Yes,"Sandyford, Dublin 18",2009,One bed,All property types,1054.62,848.8,24.2
12,Sandyford,53.277603,-6.204678,7.8,24,Yes,"Sandyford, Dublin 18",2009,One bed,Apartment,1071.13,940.93,13.8
12,Sandyford,53.277603,-6.204678,7.8,24,Yes,"Sandyford, Dublin 18",2009,Two bed,All property types,1287.0,1168.57,10.1
12,Sandyford,53.277603,-6.204678,7.8,24,Yes,"Sandyford, Dublin 18",2009,Two bed,Apartment,1288.93,1184.78,8.8
12,Sandyford,53.277603,-6.204678,7.8,24,Yes,"Sandyford, Dublin 18",2009,Three bed,All property types,1436.86,1305.34,10.1
12,Sandyford,53.277603,-6.204678,7.8,24,Yes,"Sandyford, Dublin 18",2009,Three bed,Semi detached house,1328.71,1246.64,6.6
12,Sandyford,53.277603,-6.204678,7.8,24,Yes,"Sandyford, Dublin 18",2009,Three bed,Terrace house,1378.17,1285.32,7.2
12,Sandyford,53.277603,-6.204678,7.8,24,Yes,"Sandyford, Dublin 18",2009,Three bed,Apartment,1510.25,1442.16,4.7
12,Sandyford,53.277603,-6.204678,7.8,24,Yes,"Sandyford, Dublin 18",2009,1 to 2 bed,All property types,1229.22,1047.37,17.4
12,Sandyford,53.277603,-6.204678,7.8,24,Yes,"Sandyford, Dublin 18",2009,1 to 2 bed,Apartment,1236.55,1103.35,12.1
12,Sandyford,53.277603,-6.204678,7.8,24,Yes,"Sandyford, Dublin 18",2009,1 to 3 bed,All property types,1271.71,1112.52,14.3
12,Sandyford,53.277603,-6.204678,7.8,24,Yes,"Sandyford, Dublin 18",2009,1 to 3 bed,Semi detached house,1255.79,1201.19,4.5
12,Sandyford,53.277603,-6.204678,7.8,24,Yes,"Sandyford, Dublin 18",2009,1 to 3 bed,Terrace house,1349.84,1202.75,12.2
12,Sandyford,53.277603,-6.204678,7.8,24,Yes,"Sandyford, Dublin 18",2009,1 to 3 bed,Apartment,1271.3,1133.76,12.1
12,Sandyford,53.277603,-6.204678,7.8,24,Yes,"Sandyford, Dublin 18",2009,Four plus bed,All property types,1640.32,1633.65,0.4
12,Sandyford,53.277603,-6.204678,7.8,24,Yes,"Sandyford, Dublin 18",2009,Four plus bed,Semi detached house,1617.37,1579.54,2.4
13,Central Park,53.27015,-6.203764,8.57,26,No,"Leopardstown, Dublin 18",2009,All bedrooms,All property types,1394.18,1157.72,20.4
13,Central Park,53.27015,-6.203764,8.57,26,No,"Leopardstown, Dublin 18",2009,All bedrooms,Semi detached house,1424.05,1298.32,9.7
13,Central Park,53.27015,-6.203764,8.57,26,No,"Leopardstown, Dublin 18",2009,All bedrooms,Apartment,1272.46,1137.17,11.9
13,Central Park,53.27015,-6.203764,8.57,26,No,"Leopardstown, Dublin 18",2009,Two bed,All property types,1282.71,1168.57,9.8
13,Central Park,53.27015,-6.203764,8.57,26,No,"Leopardstown, Dublin 18",2009,Two bed,Apartment,1271.7,1184.78,7.3
13,Central Park,53.27015,-6.203764,8.57,26,No,"Leopardstown, Dublin 18",2009,Three bed,All property types,1347.89,1305.34,3.3
13,Central Park,53.27015,-6.203764,8.57,26,No,"Leopardstown, Dublin 18",2009,Three bed,Semi detached house,1333.76,1246.64,7.0
13,Central Park,53.27015,-6.203764,8.57,26,No,"Leopardstown, Dublin 18",2009,1 to 2 bed,All property types,1253.04,1047.37,19.6
13,Central Park,53.27015,-6.203764,8.57,26,No,"Leopardstown, Dublin 18",2009,1 to 2 bed,Apartment,1243.09,1103.35,12.7
13,Central Park,53.27015,-6.203764,8.57,26,No,"Leopardstown, Dublin 18",2009,1 to 3 bed,All property types,1316.65,1112.52,18.3
13,Central Park,53.27015,-6.203764,8.57,26,No,"Leopardstown, Dublin 18",2009,1 to 3 bed,Semi detached house,1338.33,1201.19,11.4
13,Central Park,53.27015,-6.203764,8.57,26,No,"Leopardstown, Dublin 18",2009,1 to 3 bed,Apartment,1257.97,1133.76,11.0
13,Central Park,53.27015,-6.203764,8.57,26,No,"Leopardstown, Dublin 18",2009,Four plus bed,All property types,1674.61,1633.65,2.5
13,Central Park,53.27015,-6.203764,8.57,26,No,"Leopardstown, Dublin 18",2009,Four plus bed,Semi detached house,1654.12,1579.54,4.7
14,Glencairn,53.266336,-6.209942,8.78,28,No,"Leopardstown, Dublin 18",2009,All bedrooms,All property types,1394.18,1157.72,20.4
14,Glencairn,53.266336,-6.209942,8.78,28,No,"Leopardstown, Dublin 18",2009,All bedrooms,Semi detached house,1424.05,1298.32,9.7
14,Glencairn,53.266336,-6.209942,8.78,28,No,"Leopardstown, Dublin 18",2009,All bedrooms,Apartment,1272.46,1137.17,11.9
14,Glencairn,53.266336,-6.209942,8.78,28,No,"Leopardstown, Dublin 18",2009,Two bed,All property types,1282.71,1168.57,9.8
14,Glencairn,53.266336,-6.209942,8.78,28,No,"Leopardstown, Dublin 18",2009,Two bed,Apartment,1271.7,1184.78,7.3
14,Glencairn,53.266336,-6.209942,8.78,28,No,"Leopardstown, Dublin 18",2009,Three bed,All property types,1347.89,1305.34,3.3
14,Glencairn,53.266336,-6.209942,8.78,28,No,"Leopardstown, Dublin 18",2009,Three bed,Semi detached house,1333.76,1246.64,7.0
14,Glencairn,53.266336,-6.209942,8.78,28,No,"Leopardstown, Dublin 18",2009,1 to 2 bed,All property types,1253.04,1047.37,19.6
14,Glencairn,53.266336,-6.209942,8.78,28,No,"Leopardstown, Dublin 18",2009,1 to 2 bed,Apartment,1243.09,1103.35,12.7
14,Glencairn,53.266336,-6.209942,8.78,28,No,"Leopardstown, Dublin 18",2009,1 to 3 bed,All property types,1316.65,1112.52,18.3
14,Glencairn,53.266336,-6.209942,8.78,28,No,"Leopardstown, Dublin 18",2009,1 to 3 bed,Semi detached house,1338.33,1201.19,11.4
14,Glencairn,53.266336,-6.209942,8.78,28,No,"Leopardstown, Dublin 18",2009,1 to 3 bed,Apartment,1257.97,1133.76,11.0
14,Glencairn,53.266336,-6.209942,8.78,28,No,"Leopardstown, Dublin 18",2009,Four plus bed,All property types,1674.61,1633.65,2.5
14,Glencairn,53.266336,-6.209942,8.78,28,No,"Leopardstown, Dublin 18",2009,Four plus bed,Semi detached house,1654.12,1579.54,4.7
15,The Gallops,53.261164,-6.206022,9.41,29,No,"Leopardstown, Dublin 18",2009,All bedrooms,All property types,1394.18,1157.72,20.4
15,The Gallops,53.261164,-6.206022,9.41,29,No,"Leopardstown, Dublin 18",2009,All bedrooms,Semi detached house,1424.05,1298.32,9.7
15,The Gallops,53.261164,-6.206022,9.41,29,No,"Leopardstown, Dublin 18",2009,All bedrooms,Apartment,1272.46,1137.17,11.9
15,The Gallops,53.261164,-6.206022,9.41,29,No,"Leopardstown, Dublin 18",2009,Two bed,All property types,1282.71,1168.57,9.8
15,The Gallops,53.261164,-6.206022,9.41,29,No,"Leopardstown, Dublin 18",2009,Two bed,Apartment,1271.7,1184.78,7.3
15,The Gallops,53.261164,-6.206022,9.41,29,No,"Leopardstown, Dublin 18",2009,Three bed,All property types,1347.89,1305.34,3.3
15,The Gallops,53.261164,-6.206022,9.41,29,No,"Leopardstown, Dublin 18",2009,Three bed,Semi detached house,1333.76,1246.64,7.0
15,The Gallops,53.261164,-6.206022,9.41,29,No,"Leopardstown, Dublin 18",2009,1 to 2 bed,All property types,1253.04,1047.37,19.6
15,The Gallops,53.261164,-6.206022,9.41,29,No,"Leopardstown, Dublin 18",2009,1 to 2 bed,Apartment,1243.09,1103.35,12.7
15,The Gallops,53.261164,-6.206022,9.41,29,No,"Leopardstown, Dublin 18",2009,1 to 3 bed,All property types,1316.65,1112.52,18.3
15,The Gallops,53.261164,-6.206022,9.41,29,No,"Leopardstown, Dublin 18",2009,1 to 3 bed,Semi detached house,1338.33,1201.19,11.4
15,The Gallops,53.261164,-6.206022,9.41,29,No,"Leopardstown, Dublin 18",2009,1 to 3 bed,Apartment,1257.97,1133.76,11.0
15,The Gallops,53.261164,-6.206022,9.41,29,No,"Leopardstown, Dublin 18",2009,Four plus bed,All property types,1674.61,1633.65,2.5
15,The Gallops,53.261164,-6.206022,9.41,29,No,"Leopardstown, Dublin 18",2009,Four plus bed,Semi detached house,1654.12,1579.54,4.7
16,Leopardstown Valley,53.258247,-6.198361,9.91,31,No,"Leopardstown, Dublin 18",2009,All bedrooms,All property types,1394.18,1157.72,20.4
16,Leopardstown Valley,53.258247,-6.198361,9.91,31,No,"Leopardstown, Dublin 18",2009,All bedrooms,Semi detached house,1424.05,1298.32,9.7
16,Leopardstown Valley,53.258247,-6.198361,9.91,31,No,"Leopardstown, Dublin 18",2009,All bedrooms,Apartment,1272.46,1137.17,11.9
16,Leopardstown Valley,53.258247,-6.198361,9.91,31,No,"Leopardstown, Dublin 18",2009,Two bed,All property types,1282.71,1168.57,9.8
16,Leopardstown Valley,53.258247,-6.198361,9.91,31,No,"Leopardstown, Dublin 18",2009,Two bed,Apartment,1271.7,1184.78,7.3
16,Leopardstown Valley,53.258247,-6.198361,9.91,31,No,"Leopardstown, Dublin 18",2009,Three bed,All property types,1347.89,1305.34,3.3
16,Leopardstown Valley,53.258247,-6.198361,9.91,31,No,"Leopardstown, Dublin 18",2009,Three bed,Semi detached house,1333.76,1246.64,7.0
16,Leopardstown Valley,53.258247,-6.198361,9.91,31,No,"Leopardstown, Dublin 18",2009,1 to 2 bed,All property types,1253.04,1047.37,19.6
16,Leopardstown Valley,53.258247,-6.198361,9.91,31,No,"Leopardstown, Dublin 18",2009,1 to 2 bed,Apartment,1243.09,1103.35,12.7
16,Leopardstown Valley,53.258247,-6.198361,9.91,31,No,"Leopardstown, Dublin 18",2009,1 to 3 bed,All property types,1316.65,1112.52,18.3
16,Leopardstown Valley,53.258247,-6.198361,9.91,31,No,"Leopardstown, Dublin 18",2009,1 to 3 bed,Semi detached house,1338.33,1201.19,11.4
16,Leopardstown Valley,53.258247,-6.198361,9.91,31,No,"Leopardstown, Dublin 18",2009,1 to 3 bed,Apartment,1257.97,1133.76,11.0
16,Leopardstown Valley,53.258247,-6.198361,9.91,31,No,"Leopardstown, Dublin 18",2009,Four plus bed,All property types,1674.61,1633.65,2.5
16,Leopardstown Valley,53.258247,-6.198361,9.91,31,No,"Leopardstown, Dublin 18",2009,Four plus bed,Semi detached house,1654.12,1579.54,4.7
17,Ballyogan Wood,53.255047,-6.184475,10.65,33,No,"Carrickmines, Dublin 18",2009,All bedrooms,All property types,1337.64,1157.72,15.5
17,Ballyogan Wood,53.255047,-6.184475,10.65,33,No,"Carrickmines, Dublin 18",2009,All bedrooms,Apartment,1229.25,1137.17,8.1
17,Ballyogan Wood,53.255047,-6.184475,10.65,33,No,"Carrickmines, Dublin 18",2009,Two bed,All property types,1224.01,1168.57,4.7
17,Ballyogan Wood,53.255047,-6.184475,10.65,33,No,"Carrickmines, Dublin 18",2009,Two bed,Apartment,1210.74,1184.78,2.2
17,Ballyogan Wood,53.255047,-6.184475,10.65,33,No,"Carrickmines, Dublin 18",2009,Three bed,All property types,1495.31,1305.34,14.6
17,Ballyogan Wood,53.255047,-6.184475,10.65,33,No,"Carrickmines, Dublin 18",2009,1 to 2 bed,All property types,1181.9,1047.37,12.8
17,Ballyogan Wood,53.255047,-6.184475,10.65,33,No,"Carrickmines, Dublin 18",2009,1 to 2 bed,Apartment,1168.5,1103.35,5.9
17,Ballyogan Wood,53.255047,-6.184475,10.65,33,No,"Carrickmines, Dublin 18",2009,1 to 3 bed,All property types,1261.92,1112.52,13.4
17,Ballyogan Wood,53.255047,-6.184475,10.65,33,No,"Carrickmines, Dublin 18",2009,1 to 3 bed,Apartment,1229.25,1133.76,8.4
18,Racecourse,53.255367,-6.175161,10.93,34,No,"Leopardstown, Dublin 18",2009,All bedrooms,All property types,1394.18,1157.72,20.4
18,Racecourse,53.255367,-6.175161,10.93,34,No,"Leopardstown, Dublin 18",2009,All bedrooms,Semi detached house,1424.05,1298.32,9.7
18,Racecourse,53.255367,-6.175161,10.93,34,No,"Leopardstown, Dublin 18",2009,All bedrooms,Apartment,1272.46,1137.17,11.9
18,Racecourse,53.255367,-6.175161,10.93,34,No,"Leopardstown, Dublin 18",2009,Two bed,All property types,1282.71,1168.57,9.8
18,Racecourse,53.255367,-6.175161,10.93,34,No,"Leopardstown, Dublin 18",2009,Two bed,Apartment,1271.7,1184.78,7.3
18,Racecourse,53.255367,-6.175161,10.93,34,No,"Leopardstown, Dublin 18",2009,Three bed,All property types,1347.89,1305.34,3.3
18,Racecourse,53.255367,-6.175161,10.93,34,No,"Leopardstown, Dublin 18",2009,Three bed,Semi detached house,1333.76,1246.64,7.0
18,Racecourse,53.255367,-6.175161,10.93,34,No,"Leopardstown, Dublin 18",2009,1 to 2 bed,All property types,1253.04,1047.37,19.6
18,Racecourse,53.255367,-6.175161,10.93,34,No,"Leopardstown, Dublin 18",2009,1 to 2 bed,Apartment,1243.09,1103.35,12.7
18,Racecourse,53.255367,-6.175161,10.93,34,No,"Leopardstown, Dublin 18",2009,1 to 3 bed,All property types,1316.65,1112.52,18.3
18,Racecourse,53.255367,-6.175161,10.93,34,No,"Leopardstown, Dublin 18",2009,1 to 3 bed,Semi detached house,1338.33,1201.19,11.4
18,Racecourse,53.255367,-6.175161,10.93,34,No,"Leopardstown, Dublin 18",2009,1 to 3 bed,Apartment,1257.97,1133.76,11.0
18,Racecourse,53.255367,-6.175161,10.93,34,No,"Leopardstown, Dublin 18",2009,Four plus bed,All property types,1674.61,1633.65,2.5
18,Racecourse,53.255367,-6.175161,10.93,34,No,"Leopardstown, Dublin 18",2009,Four plus bed,Semi detached house,1654.12,1579.54,4.7
19,Carrickmines,53.254033,-6.169908,11.24,36,Yes,"Carrickmines, Dublin 18",2009,All bedrooms,All property types,1337.64,1157.72,15.5
19,Carrickmines,53.254033,-6.169908,11.24,36,Yes,"Carrickmines, Dublin 18",2009,All bedrooms,Apartment,1229.25,1137.17,8.1
19,Carrickmines,53.254033,-6.169908,11.24,36,Yes,"Carrickmines, Dublin 18",2009,Two bed,All property types,1224.01,1168.57,4.7
19,Carrickmines,53.254033,-6.169908,11.24,36,Yes,"Carrickmines, Dublin 18",2009,Two bed,Apartment,1210.74,1184.78,2.2
19,Carrickmines,53.254033,-6.169908,11.24,36,Yes,"Carrickmines, Dublin 18",2009,Three bed,All property types,1495.31,1305.34,14.6
19,Carrickmines,53.254033,-6.169908,11.24,36,Yes,"Carrickmines, Dublin 18",2009,1 to 2 bed,All property types,1181.9,1047.37,12.8
19,Carrickmines,53.254033,-6.169908,11.24,36,Yes,"Carrickmines, Dublin 18",2009,1 to 2 bed,Apartment,1168.5,1103.35,5.9
19,Carrickmines,53.254033,-6.169908,11.24,36,Yes,"Carrickmines, Dublin 18",2009,1 to 3 bed,All property types,1261.92,1112.52,13.4
19,Carrickmines,53.254033,-6.169908,11.24,36,Yes,"Carrickmines, Dublin 18",2009,1 to 3 bed,Apartment,1229.25,1133.76,8.4
20,Brennanstown,53.252619,-6.161597,11.68,37,No,"Cabinteely, Dublin 18",2009,All bedrooms,All property types,1299.62,1157.72,12.3
20,Brennanstown,53.252619,-6.161597,11.68,37,No,"Cabinteely, Dublin 18",2009,All bedrooms,Detached house,1866.88,1621.59,15.1
20,Brennanstown,53.252619,-6.161597,11.68,37,No,"Cabinteely, Dublin 18",2009,All bedrooms,Semi detached house,1396.15,1298.32,7.5
20,Brennanstown,53.252619,-6.161597,11.68,37,No,"Cabinteely, Dublin 18",2009,All bedrooms,Apartment,1207.75,1137.17,6.2
20,Brennanstown,53.252619,-6.161597,11.68,37,No,"Cabinteely, Dublin 18",2009,One bed,All property types,1030.38,848.8,21.4
20,Brennanstown,53.252619,-6.161597,11.68,37,No,"Cabinteely, Dublin 18",2009,One bed,Apartment,1033.15,940.93,9.8
20,Brennanstown,53.252619,-6.161597,11.68,37,No,"Cabinteely, Dublin 18",2009,Two bed,All property types,1187.03,1168.57,1.6
20,Brennanstown,53.252619,-6.161597,11.68,37,No,"Cabinteely, Dublin 18",2009,Two bed,Apartment,1191.0,1184.78,0.5
20,Brennanstown,53.252619,-6.161597,11.68,37,No,"Cabinteely, Dublin 18",2009,Three bed,All property types,1374.27,1305.34,5.3
20,Brennanstown,53.252619,-6.161597,11.68,37,No,"Cabinteely, Dublin 18",2009,Three bed,Semi detached house,1311.45,1246.64,5.2
20,Brennanstown,53.252619,-6.161597,11.68,37,No,"Cabinteely, Dublin 18",2009,Three bed,Apartment,1359.57,1442.16,-5.7
20,Brennanstown,53.252619,-6.161597,11.68,37,No,"Cabinteely, Dublin 18",2009,1 to 2 bed,All property types,1155.22,1047.37,10.3
20,Brennanstown,53.252619,-6.161597,11.68,37,No,"Cabinteely, Dublin 18",2009,1 to 2 bed,Apartment,1158.33,1103.35,5.0
20,Brennanstown,53.252619,-6.161597,11.68,37,No,"Cabinteely, Dublin 18",2009,1 to 3 bed,All property types,1231.6,1112.52,10.7
20,Brennanstown,53.252619,-6.161597,11.68,37,No,"Cabinteely, Dublin 18",2009,1 to 3 bed,Semi detached house,1304.86,1201.19,8.6
20,Brennanstown,53.252619,-6.161597,11.68,37,No,"Cabinteely, Dublin 18",2009,1 to 3 bed,Apartment,1201.99,1133.76,6.0
20,Brennanstown,53.252619,-6.161597,11.68,37,No,"Cabinteely, Dublin 18",2009,Four plus bed,All property types,1865.31,1633.65,14.2
20,Brennanstown,53.252619,-6.161597,11.68,37,No,"Cabinteely, Dublin 18",2009,Four plus bed,Detached house,1986.62,1898.73,4.6
21,Laughanstown,53.250606,-6.155006,12.11,39,No,"Cabinteely, Dublin 18",2009,All bedrooms,All property types,1299.62,1157.72,12.3
21,Laughanstown,53.250606,-6.155006,12.11,39,No,"Cabinteely, Dublin 18",2009,All bedrooms,Detached house,1866.88,1621.59,15.1
21,Laughanstown,53.250606,-6.155006,12.11,39,No,"Cabinteely, Dublin 18",2009,All bedrooms,Semi detached house,1396.15,1298.32,7.5
21,Laughanstown,53.250606,-6.155006,12.11,39,No,"Cabinteely, Dublin 18",2009,All bedrooms,Apartment,1207.75,1137.17,6.2
21,Laughanstown,53.250606,-6.155006,12.11,39,No,"Cabinteely, Dublin 18",2009,One bed,All property types,1030.38,848.8,21.4
21,Laughanstown,53.250606,-6.155006,12.11,39,No,"Cabinteely, Dublin 18",2009,One bed,Apartment,1033.15,940.93,9.8
21,Laughanstown,53.250606,-6.155006,12.11,39,No,"Cabinteely, Dublin 18",2009,Two bed,All property types,1187.03,1168.57,1.6
21,Laughanstown,53.250606,-6.155006,12.11,39,No,"Cabinteely, Dublin 18",2009,Two bed,Apartment,1191.0,1184.78,0.5
21,Laughanstown,53.250606,-6.155006,12.11,39,No,"Cabinteely, Dublin 18",2009,Three bed,All property types,1374.27,1305.34,5.3
21,Laughanstown,53.250606,-6.155006,12.11,39,No,"Cabinteely, Dublin 18",2009,Three bed,Semi detached house,1311.45,1246.64,5.2
21,Laughanstown,53.250606,-6.155006,12.11,39,No,"Cabinteely, Dublin 18",2009,Three bed,Apartment,1359.57,1442.16,-5.7
21,Laughanstown,53.250606,-6.155006,12.11,39,No,"Cabinteely, Dublin 18",2009,1 to 2 bed,All property types,1155.22,1047.37,10.3
21,Laughanstown,53.250606,-6.155006,12.11,39,No,"Cabinteely, Dublin 18",2009,1 to 2 bed,Apartment,1158.33,1103.35,5.0
21,Laughanstown,53.250606,-6.155006,12.11,39,No,"Cabinteely, Dublin 18",2009,1 to 3 bed,All property types,1231.6,1112.52,10.7
21,Laughanstown,53.250606,-6.155006,12.11,39,No,"Cabinteely, Dublin 18",2009,1 to 3 bed,Semi detached house,1304.86,1201.19,8.6
21,Laughanstown,53.250606,-6.155006,12.11,39,No,"Cabinteely, Dublin 18",2009,1 to 3 bed,Apartment,1201.99,1133.76,6.0
21,Laughanstown,53.250606,-6.155006,12.11,39,No,"Cabinteely, Dublin 18",2009,Four plus bed,All property types,1865.31,1633.65,14.2
21,Laughanstown,53.250606,-6.155006,12.11,39,No,"Cabinteely, Dublin 18",2009,Four plus bed,Detached house,1986.62,1898.73,4.6
22,Cherrywood,53.245333,-6.145853,12.94,41,No,"Cabinteely, Dublin 18",2009,All bedrooms,All property types,1299.62,1157.72,12.3
22,Cherrywood,53.245333,-6.145853,12.94,41,No,"Cabinteely, Dublin 18",2009,All bedrooms,Detached house,1866.88,1621.59,15.1
22,Cherrywood,53.245333,-6.145853,12.94,41,No,"Cabinteely, Dublin 18",2009,All bedrooms,Semi detached house,1396.15,1298.32,7.5
22,Cherrywood,53.245333,-6.145853,12.94,41,No,"Cabinteely, Dublin 18",2009,All bedrooms,Apartment,1207.75,1137.17,6.2
22,Cherrywood,53.245333,-6.145853,12.94,41,No,"Cabinteely, Dublin 18",2009,One bed,All property types,1030.38,848.8,21.4
22,Cherrywood,53.245333,-6.145853,12.94,41,No,"Cabinteely, Dublin 18",2009,One bed,Apartment,1033.15,940.93,9.8
22,Cherrywood,53.245333,-6.145853,12.94,41,No,"Cabinteely, Dublin 18",2009,Two bed,All property types,1187.03,1168.57,1.6
22,Cherrywood,53.245333,-6.145853,12.94,41,No,"Cabinteely, Dublin 18",2009,Two bed,Apartment,1191.0,1184.78,0.5
22,Cherrywood,53.245333,-6.145853,12.94,41,No,"Cabinteely, Dublin 18",2009,Three bed,All property types,1374.27,1305.34,5.3
22,Cherrywood,53.245333,-6.145853,12.94,41,No,"Cabinteely, Dublin 18",2009,Three bed,Semi detached house,1311.45,1246.64,5.2
22,Cherrywood,53.245333,-6.145853,12.94,41,No,"Cabinteely, Dublin 18",2009,Three bed,Apartment,1359.57,1442.16,-5.7
22,Cherrywood,53.245333,-6.145853,12.94,41,No,"Cabinteely, Dublin 18",2009,1 to 2 bed,All property types,1155.22,1047.37,10.3
22,Cherrywood,53.245333,-6.145853,12.94,41,No,"Cabinteely, Dublin 18",2009,1 to 2 bed,Apartment,1158.33,1103.35,5.0
22,Cherrywood,53.245333,-6.145853,12.94,41,No,"Cabinteely, Dublin 18",2009,1 to 3 bed,All property types,1231.6,1112.52,10.7
22,Cherrywood,53.245333,-6.145853,12.94,41,No,"Cabinteely, Dublin 18",2009,1 to 3 bed,Semi detached house,1304.86,1201.19,8.6
22,Cherrywood,53.245333,-6.145853,12.94,41,No,"Cabinteely, Dublin 18",2009,1 to 3 bed,Apartment,1201.99,1133.76,6.0
22,Cherrywood,53.245333,-6.145853,12.94,41,No,"Cabinteely, Dublin 18",2009,Four plus bed,All property types,1865.31,1633.65,14.2
22,Cherrywood,53.245333,-6.145853,12.94,41,No,"Cabinteely, Dublin 18",2009,Four plus bed,Detached house,1986.62,1898.73,4.6
23,Brides Glen,53.242075,-6.142886,13.35,42,No,"Shankill, Dublin",2009,All bedrooms,All property types,1238.71,1157.72,7.0
23,Brides Glen,53.242075,-6.142886,13.35,42,No,"Shankill, Dublin",2009,All bedrooms,Semi detached house,1330.81,1298.32,2.5
23,Brides Glen,53.242075,-6.142886,13.35,42,No,"Shankill, Dublin",2009,All bedrooms,Apartment,1082.6,1137.17,-4.8
23,Brides Glen,53.242075,-6.142886,13.35,42,No,"Shankill, Dublin",2009,Two bed,All property types,1144.4,1168.57,-2.1
23,Brides Glen,53.242075,-6.142886,13.35,42,No,"Shankill, Dublin",2009,Two bed,Apartment,1118.29,1184.78,-5.6
23,Brides Glen,53.242075,-6.142886,13.35,42,No,"Shankill, Dublin",2009,Three bed,All property types,1263.6,1305.34,-3.2
23,Brides Glen,53.242075,-6.142886,13.35,42,No,"Shankill, Dublin",2009,Three bed,Semi detached house,1288.51,1246.64,3.4
23,Brides Glen,53.242075,-6.142886,13.35,42,No,"Shankill, Dublin",2009,1 to 2 bed,All property types,1119.28,1047.37,6.9
23,Brides Glen,53.242075,-6.142886,13.35,42,No,"Shankill, Dublin",2009,1 to 2 bed,Apartment,1080.77,1103.35,-2.0
23,Brides Glen,53.242075,-6.142886,13.35,42,No,"Shankill, Dublin",2009,1 to 3 bed,All property types,1170.04,1112.52,5.2
23,Brides Glen,53.242075,-6.142886,13.35,42,No,"Shankill, Dublin",2009,1 to 3 bed,Semi detached house,1263.73,1201.19,5.2
23,Brides Glen,53.242075,-6.142886,13.35,42,No,"Shankill, Dublin",2009,1 to 3 bed,Apartment,1082.6,1133.76,-4.5
23,Brides Glen,53.242075,-6.142886,13.35,42,No,"Shankill, Dublin",2009,Four plus bed,All property types,1608.04,1633.65,-1.6
0,St. Stephen's Green,53.339072,-6.261333,0.0,0,No,"Charlemont Street, Dublin 2",2010,All bedrooms,All property types,1237.5,1042.43,18.7
0,St. Stephen's Green,53.339072,-6.261333,0.0,0,No,"Charlemont Street, Dublin 2",2010,All bedrooms,Apartment,1237.5,1012.12,22.3
0,St. Stephen's Green,53.339072,-6.261333,0.0,0,No,"Charlemont Street, Dublin 2",2010,Two bed,All property types,1195.92,1040.62,14.9
0,St. Stephen's Green,53.339072,-6.261333,0.0,0,No,"Charlemont Street, Dublin 2",2010,Two bed,Apartment,1195.92,1051.25,13.8
0,St. Stephen's Green,53.339072,-6.261333,0.0,0,No,"Charlemont Street, Dublin 2",2010,1 to 2 bed,All property types,1152.12,941.36,22.4
0,St. Stephen's Green,53.339072,-6.261333,0.0,0,No,"Charlemont Street, Dublin 2",2010,1 to 2 bed,Apartment,1152.12,979.63,17.6
0,St. Stephen's Green,53.339072,-6.261333,0.0,0,No,"Charlemont Street, Dublin 2",2010,1 to 3 bed,All property types,1237.5,1000.88,23.6
0,St. Stephen's Green,53.339072,-6.261333,0.0,0,No,"Charlemont Street, Dublin 2",2010,1 to 3 bed,Apartment,1237.5,1008.95,22.7
1,Harcourt,53.333358,-6.26265,0.64,2,No,"Charlemont Street, Dublin 2",2010,All bedrooms,All property types,1237.5,1042.43,18.7
1,Harcourt,53.333358,-6.26265,0.64,2,No,"Charlemont Street, Dublin 2",2010,All bedrooms,Apartment,1237.5,1012.12,22.3
1,Harcourt,53.333358,-6.26265,0.64,2,No,"Charlemont Street, Dublin 2",2010,Two bed,All property types,1195.92,1040.62,14.9
1,Harcourt,53.333358,-6.26265,0.64,2,No,"Charlemont Street, Dublin 2",2010,Two bed,Apartment,1195.92,1051.25,13.8
1,Harcourt,53.333358,-6.26265,0.64,2,No,"Charlemont Street, Dublin 2",2010,1 to 2 bed,All property types,1152.12,941.36,22.4
1,Harcourt,53.333358,-6.26265,0.64,2,No,"Charlemont Street, Dublin 2",2010,1 to 2 bed,Apartment,1152.12,979.63,17.6
1,Harcourt,53.333358,-6.26265,0.64,2,No,"Charlemont Street, Dublin 2",2010,1 to 3 bed,All property types,1237.5,1000.88,23.6
1,Harcourt,53.333358,-6.26265,0.64,2,No,"Charlemont Street, Dublin 2",2010,1 to 3 bed,Apartment,1237.5,1008.95,22.7
2,Charlemont,53.330669,-6.258683,0.95,4,No,"Charlemont Street, Dublin 2",2010,All bedrooms,All property types,1237.5,1042.43,18.7
2,Charlemont,53.330669,-6.258683,0.95,4,No,"Charlemont Street, Dublin 2",2010,All bedrooms,Apartment,1237.5,1012.12,22.3
2,Charlemont,53.330669,-6.258683,0.95,4,No,"Charlemont Street, Dublin 2",2010,Two bed,All property types,1195.92,1040.62,14.9
2,Charlemont,53.330669,-6.258683,0.95,4,No,"Charlemont Street, Dublin 2",2010,Two bed,Apartment,1195.92,1051.25,13.8
2,Charlemont,53.330669,-6.258683,0.95,4,No,"Charlemont Street, Dublin 2",2010,1 to 2 bed,All property types,1152.12,941.36,22.4
2,Charlemont,53.330669,-6.258683,0.95,4,No,"Charlemont Street, Dublin 2",2010,1 to 2 bed,Apartment,1152.12,979.63,17.6
2,Charlemont,53.330669,-6.258683,0.95,4,No,"Charlemont Street, Dublin 2",2010,1 to 3 bed,All property types,1237.5,1000.88,23.6
2,Charlemont,53.330669,-6.258683,0.95,4,No,"Charlemont Street, Dublin 2",2010,1 to 3 bed,Apartment,1237.5,1008.95,22.7
3,Ranelagh,53.326433,-6.256203,1.45,7,No,"Ranelagh, Dublin 6",2010,All bedrooms,All property types,1081.66,1042.43,3.8
3,Ranelagh,53.326433,-6.256203,1.45,7,No,"Ranelagh, Dublin 6",2010,All bedrooms,Semi detached house,1595.0,1176.5,35.6
3,Ranelagh,53.326433,-6.256203,1.45,7,No,"Ranelagh, Dublin 6",2010,All bedrooms,Terrace house,1673.25,1133.92,47.6
3,Ranelagh,53.326433,-6.256203,1.45,7,No,"Ranelagh, Dublin 6",2010,All bedrooms,Apartment,987.47,1012.12,-2.4
3,Ranelagh,53.326433,-6.256203,1.45,7,No,"Ranelagh, Dublin 6",2010,All bedrooms,Other flats,661.97,660.89,0.2
3,Ranelagh,53.326433,-6.256203,1.45,7,No,"Ranelagh, Dublin 6",2010,One bed,All property types,682.16,770.24,-11.4
3,Ranelagh,53.326433,-6.256203,1.45,7,No,"Ranelagh, Dublin 6",2010,One bed,Apartment,822.71,836.98,-1.7
3,Ranelagh,53.326433,-6.256203,1.45,7,No,"Ranelagh, Dublin 6",2010,One bed,Other flats,589.68,596.76,-1.2
3,Ranelagh,53.326433,-6.256203,1.45,7,No,"Ranelagh, Dublin 6",2010,Two bed,All property types,1103.48,1040.62,6.0
3,Ranelagh,53.326433,-6.256203,1.45,7,No,"Ranelagh, Dublin 6",2010,Two bed,Semi detached house,1265.75,1030.05,22.9
3,Ranelagh,53.326433,-6.256203,1.45,7,No,"Ranelagh, Dublin 6",2010,Two bed,Terrace house,1312.85,1021.25,28.6
3,Ranelagh,53.326433,-6.256203,1.45,7,No,"Ranelagh, Dublin 6",2010,Two bed,Apartment,1090.61,1051.25,3.7
3,Ranelagh,53.326433,-6.256203,1.45,7,No,"Ranelagh, Dublin 6",2010,Two bed,Other flats,872.96,849.02,2.8
3,Ranelagh,53.326433,-6.256203,1.45,7,No,"Ranelagh, Dublin 6",2010,Three bed,All property types,1677.29,1176.08,42.6
3,Ranelagh,53.326433,-6.256203,1.45,7,No,"Ranelagh, Dublin 6",2010,Three bed,Semi detached house,1791.3,1126.32,59.0
3,Ranelagh,53.326433,-6.256203,1.45,7,No,"Ranelagh, Dublin 6",2010,Three bed,Terrace house,1715.25,1150.21,49.1
3,Ranelagh,53.326433,-6.256203,1.45,7,No,"Ranelagh, Dublin 6",2010,Three bed,Apartment,1463.77,1293.27,13.2
3,Ranelagh,53.326433,-6.256203,1.45,7,No,"Ranelagh, Dublin 6",2010,1 to 2 bed,All property types,842.72,941.36,-10.5
3,Ranelagh,53.326433,-6.256203,1.45,7,No,"Ranelagh, Dublin 6",2010,1 to 2 bed,Semi detached house,1096.1,968.79,13.1
3,Ranelagh,53.326433,-6.256203,1.45,7,No,"Ranelagh, Dublin 6",2010,1 to 2 bed,Terrace house,1220.13,996.51,22.4
3,Ranelagh,53.326433,-6.256203,1.45,7,No,"Ranelagh, Dublin 6",2010,1 to 2 bed,Apartment,946.53,979.63,-3.4
3,Ranelagh,53.326433,-6.256203,1.45,7,No,"Ranelagh, Dublin 6",2010,1 to 2 bed,Other flats,640.51,643.0,-0.4
3,Ranelagh,53.326433,-6.256203,1.45,7,No,"Ranelagh, Dublin 6",2010,1 to 3 bed,All property types,978.1,1000.88,-2.3
3,Ranelagh,53.326433,-6.256203,1.45,7,No,"Ranelagh, Dublin 6",2010,1 to 3 bed,Semi detached house,1420.22,1089.66,30.3
3,Ranelagh,53.326433,-6.256203,1.45,7,No,"Ranelagh, Dublin 6",2010,1 to 3 bed,Terrace house,1500.23,1078.46,39.1
3,Ranelagh,53.326433,-6.256203,1.45,7,No,"Ranelagh, Dublin 6",2010,1 to 3 bed,Apartment,981.01,1008.95,-2.8
3,Ranelagh,53.326433,-6.256203,1.45,7,No,"Ranelagh, Dublin 6",2010,1 to 3 bed,Other flats,658.51,657.33,0.2
3,Ranelagh,53.326433,-6.256203,1.45,7,No,"Ranelagh, Dublin 6",2010,Four plus bed,All property types,2066.13,1498.88,37.8
3,Ranelagh,53.326433,-6.256203,1.45,7,No,"Ranelagh, Dublin 6",2010,Four plus bed,Semi detached house,2083.08,1435.63,45.1
3,Ranelagh,53.326433,-6.256203,1.45,7,No,"Ranelagh, Dublin 6",2010,Four plus bed,Terrace house,2088.04,1511.84,38.1
4,Beechwood,53.320822,-6.254653,2.08,9,No,"Ranelagh, Dublin 6",2010,All bedrooms,All property types,1081.66,1042.43,3.8
4,Beechwood,53.320822,-6.254653,2.08,9,No,"Ranelagh, Dublin 6",2010,All bedrooms,Semi detached house,1595.0,1176.5,35.6
4,Beechwood,53.320822,-6.254653,2.08,9,No,"Ranelagh, Dublin 6",2010,All bedrooms,Terrace house,1673.25,1133.92,47.6
4,Beechwood,53.320822,-6.254653,2.08,9,No,"Ranelagh, Dublin 6",2010,All bedrooms,Apartment,987.47,1012.12,-2.4
4,Beechwood,53.320822,-6.254653,2.08,9,No,"Ranelagh, Dublin 6",2010,All bedrooms,Other flats,661.97,660.89,0.2
4,Beechwood,53.320822,-6.254653,2.08,9,No,"Ranelagh, Dublin 6",2010,One bed,All property types,682.16,770.24,-11.4
4,Beechwood,53.320822,-6.254653,2.08,9,No,"Ranelagh, Dublin 6",2010,One bed,Apartment,822.71,836.98,-1.7
4,Beechwood,53.320822,-6.254653,2.08,9,No,"Ranelagh, Dublin 6",2010,One bed,Other flats,589.68,596.76,-1.2
4,Beechwood,53.320822,-6.254653,2.08,9,No,"Ranelagh, Dublin 6",2010,Two bed,All property types,1103.48,1040.62,6.0
4,Beechwood,53.320822,-6.254653,2.08,9,No,"Ranelagh, Dublin 6",2010,Two bed,Semi detached house,1265.75,1030.05,22.9
4,Beechwood,53.320822,-6.254653,2.08,9,No,"Ranelagh, Dublin 6",2010,Two bed,Terrace house,1312.85,1021.25,28.6
4,Beechwood,53.320822,-6.254653,2.08,9,No,"Ranelagh, Dublin 6",2010,Two bed,Apartment,1090.61,1051.25,3.7
4,Beechwood,53.320822,-6.254653,2.08,9,No,"Ranelagh, Dublin 6",2010,Two bed,Other flats,872.96,849.02,2.8
4,Beechwood,53.320822,-6.254653,2.08,9,No,"Ranelagh, Dublin 6",2010,Three bed,All property types,1677.29,1176.08,42.6
4,Beechwood,53.320822,-6.254653,2.08,9,No,"Ranelagh, Dublin 6",2010,Three bed,Semi detached house,1791.3,1126.32,59.0
4,Beechwood,53.320822,-6.254653,2.08,9,No,"Ranelagh, Dublin 6",2010,Three bed,Terrace house,1715.25,1150.21,49.1
4,Beechwood,53.320822,-6.254653,2.08,9,No,"Ranelagh, Dublin 6",2010,Three bed,Apartment,1463.77,1293.27,13.2
4,Beechwood,53.320822,-6.254653,2.08,9,No,"Ranelagh, Dublin 6",2010,1 to 2 bed,All property types,842.72,941.36,-10.5
4,Beechwood,53.320822,-6.254653,2.08,9,No,"Ranelagh, Dublin 6",2010,1 to 2 bed,Semi detached house,1096.1,968.79,13.1
4,Beechwood,53.320822,-6.254653,2.08,9,No,"Ranelagh, Dublin 6",2010,1 to 2 bed,Terrace house,1220.13,996.51,22.4
4,Beechwood,53.320822,-6.254653,2.08,9,No,"Ranelagh, Dublin 6",2010,1 to 2 bed,Apartment,946.53,979.63,-3.4
4,Beechwood,53.320822,-6.254653,2.08,9,No,"Ranelagh, Dublin 6",2010,1 to 2 bed,Other flats,640.51,643.0,-0.4
4,Beechwood,53.320822,-6.254653,2.08,9,No,"Ranelagh, Dublin 6",2010,1 to 3 bed,All property types,978.1,1000.88,-2.3
4,Beechwood,53.320822,-6.254653,2.08,9,No,"Ranelagh, Dublin 6",2010,1 to 3 bed,Semi detached house,1420.22,1089.66,30.3
4,Beechwood,53.320822,-6.254653,2.08,9,No,"Ranelagh, Dublin 6",2010,1 to 3 bed,Terrace house,1500.23,1078.46,39.1
4,Beechwood,53.320822,-6.254653,2.08,9,No,"Ranelagh, Dublin 6",2010,1 to 3 bed,Apartment,981.01,1008.95,-2.8
4,Beechwood,53.320822,-6.254653,2.08,9,No,"Ranelagh, Dublin 6",2010,1 to 3 bed,Other flats,658.51,657.33,0.2
4,Beechwood,53.320822,-6.254653,2.08,9,No,"Ranelagh, Dublin 6",2010,Four plus bed,All property types,2066.13,1498.88,37.8
4,Beechwood,53.320822,-6.254653,2.08,9,No,"Ranelagh, Dublin 6",2010,Four plus bed,Semi detached house,2083.08,1435.63,45.1
4,Beechwood,53.320822,-6.254653,2.08,9,No,"Ranelagh, Dublin 6",2010,Four plus bed,Terrace house,2088.04,1511.84,38.1
5,Cowper,53.316467,-6.253447,2.57,11,No,"Ranelagh, Dublin 6",2010,All bedrooms,All property types,1081.66,1042.43,3.8
5,Cowper,53.316467,-6.253447,2.57,11,No,"Ranelagh, Dublin 6",2010,All bedrooms,Semi detached house,1595.0,1176.5,35.6
5,Cowper,53.316467,-6.253447,2.57,11,No,"Ranelagh, Dublin 6",2010,All bedrooms,Terrace house,1673.25,1133.92,47.6
5,Cowper,53.316467,-6.253447,2.57,11,No,"Ranelagh, Dublin 6",2010,All bedrooms,Apartment,987.47,1012.12,-2.4
5,Cowper,53.316467,-6.253447,2.57,11,No,"Ranelagh, Dublin 6",2010,All bedrooms,Other flats,661.97,660.89,0.2
5,Cowper,53.316467,-6.253447,2.57,11,No,"Ranelagh, Dublin 6",2010,One bed,All property types,682.16,770.24,-11.4
5,Cowper,53.316467,-6.253447,2.57,11,No,"Ranelagh, Dublin 6",2010,One bed,Apartment,822.71,836.98,-1.7
5,Cowper,53.316467,-6.253447,2.57,11,No,"Ranelagh, Dublin 6",2010,One bed,Other flats,589.68,596.76,-1.2
5,Cowper,53.316467,-6.253447,2.57,11,No,"Ranelagh, Dublin 6",2010,Two bed,All property types,1103.48,1040.62,6.0
5,Cowper,53.316467,-6.253447,2.57,11,No,"Ranelagh, Dublin 6",2010,Two bed,Semi detached house,1265.75,1030.05,22.9
5,Cowper,53.316467,-6.253447,2.57,11,No,"Ranelagh, Dublin 6",2010,Two bed,Terrace house,1312.85,1021.25,28.6
5,Cowper,53.316467,-6.253447,2.57,11,No,"Ranelagh, Dublin 6",2010,Two bed,Apartment,1090.61,1051.25,3.7
5,Cowper,53.316467,-6.253447,2.57,11,No,"Ranelagh, Dublin 6",2010,Two bed,Other flats,872.96,849.02,2.8
5,Cowper,53.316467,-6.253447,2.57,11,No,"Ranelagh, Dublin 6",2010,Three bed,All property types,1677.29,1176.08,42.6
5,Cowper,53.316467,-6.253447,2.57,11,No,"Ranelagh, Dublin 6",2010,Three bed,Semi detached house,1791.3,1126.32,59.0
5,Cowper,53.316467,-6.253447,2.57,11,No,"Ranelagh, Dublin 6",2010,Three bed,Terrace house,1715.25,1150.21,49.1
5,Cowper,53.316467,-6.253447,2.57,11,No,"Ranelagh, Dublin 6",2010,Three bed,Apartment,1463.77,1293.27,13.2
5,Cowper,53.316467,-6.253447,2.57,11,No,"Ranelagh, Dublin 6",2010,1 to 2 bed,All property types,842.72,941.36,-10.5
5,Cowper,53.316467,-6.253447,2.57,11,No,"Ranelagh, Dublin 6",2010,1 to 2 bed,Semi detached house,1096.1,968.79,13.1
5,Cowper,53.316467,-6.253447,2.57,11,No,"Ranelagh, Dublin 6",2010,1 to 2 bed,Terrace house,1220.13,996.51,22.4
5,Cowper,53.316467,-6.253447,2.57,11,No,"Ranelagh, Dublin 6",2010,1 to 2 bed,Apartment,946.53,979.63,-3.4
5,Cowper,53.316467,-6.253447,2.57,11,No,"Ranelagh, Dublin 6",2010,1 to 2 bed,Other flats,640.51,643.0,-0.4
5,Cowper,53.316467,-6.253447,2.57,11,No,"Ranelagh, Dublin 6",2010,1 to 3 bed,All property types,978.1,1000.88,-2.3
5,Cowper,53.316467,-6.253447,2.57,11,No,"Ranelagh, Dublin 6",2010,1 to 3 bed,Semi detached house,1420.22,1089.66,30.3
5,Cowper,53.316467,-6.253447,2.57,11,No,"Ranelagh, Dublin 6",2010,1 to 3 bed,Terrace house,1500.23,1078.46,39.1
5,Cowper,53.316467,-6.253447,2.57,11,No,"Ranelagh, Dublin 6",2010,1 to 3 bed,Apartment,981.01,1008.95,-2.8
5,Cowper,53.316467,-6.253447,2.57,11,No,"Ranelagh, Dublin 6",2010,1 to 3 bed,Other flats,658.51,657.33,0.2
5,Cowper,53.316467,-6.253447,2.57,11,No,"Ranelagh, Dublin 6",2010,Four plus bed,All property types,2066.13,1498.88,37.8
5,Cowper,53.316467,-6.253447,2.57,11,No,"Ranelagh, Dublin 6",2010,Four plus bed,Semi detached house,2083.08,1435.63,45.1
5,Cowper,53.316467,-6.253447,2.57,11,No,"Ranelagh, Dublin 6",2010,Four plus bed,Terrace house,2088.04,1511.84,38.1
6,Milltown,53.309917,-6.251728,3.3,13,No,"Milltown, Dublin 6",2010,All bedrooms,All property types,1250.95,1042.43,20.0
6,Milltown,53.309917,-6.251728,3.3,13,No,"Milltown, Dublin 6",2010,All bedrooms,Semi detached house,1449.33,1176.5,23.2
6,Milltown,53.309917,-6.251728,3.3,13,No,"Milltown, Dublin 6",2010,All bedrooms,Terrace house,1337.01,1133.92,17.9
6,Milltown,53.309917,-6.251728,3.3,13,No,"Milltown, Dublin 6",2010,All bedrooms,Apartment,1203.41,1012.12,18.9
6,Milltown,53.309917,-6.251728,3.3,13,No,"Milltown, Dublin 6",2010,One bed,All property types,982.81,770.24,27.6
6,Milltown,53.309917,-6.251728,3.3,13,No,"Milltown, Dublin 6",2010,One bed,Apartment,1022.83,836.98,22.2
6,Milltown,53.309917,-6.251728,3.3,13,No,"Milltown, Dublin 6",2010,Two bed,All property types,1216.07,1040.62,16.9
6,Milltown,53.309917,-6.251728,3.3,13,No,"Milltown, Dublin 6",2010,Two bed,Terrace house,1183.14,1021.25,15.9
6,Milltown,53.309917,-6.251728,3.3,13,No,"Milltown, Dublin 6",2010,Two bed,Apartment,1230.23,1051.25,17.0
6,Milltown,53.309917,-6.251728,3.3,13,No,"Milltown, Dublin 6",2010,Three bed,All property types,1440.91,1176.08,22.5
6,Milltown,53.309917,-6.251728,3.3,13,No,"Milltown, Dublin 6",2010,Three bed,Terrace house,1350.16,1150.21,17.4
6,Milltown,53.309917,-6.251728,3.3,13,No,"Milltown, Dublin 6",2010,Three bed,Apartment,1431.63,1293.27,10.7
6,Milltown,53.309917,-6.251728,3.3,13,No,"Milltown, Dublin 6",2010,1 to 2 bed,All property types,1146.44,941.36,21.8
6,Milltown,53.309917,-6.251728,3.3,13,No,"Milltown, Dublin 6",2010,1 to 2 bed,Terrace house,1173.91,996.51,17.8
6,Milltown,53.309917,-6.251728,3.3,13,No,"Milltown, Dublin 6",2010,1 to 2 bed,Apartment,1164.44,979.63,18.9
6,Milltown,53.309917,-6.251728,3.3,13,No,"Milltown, Dublin 6",2010,1 to 3 bed,All property types,1209.7,1000.88,20.9
6,Milltown,53.309917,-6.251728,3.3,13,No,"Milltown, Dublin 6",2010,1 to 3 bed,Semi detached house,1279.63,1089.66,17.4
6,Milltown,53.309917,-6.251728,3.3,13,No,"Milltown, Dublin 6",2010,1 to 3 bed,Terrace house,1244.87,1078.46,15.4
6,Milltown,53.309917,-6.251728,3.3,13,No,"Milltown, Dublin 6",2010,1 to 3 bed,Apartment,1200.71,1008.95,19.0
6,Milltown,53.309917,-6.251728,3.3,13,No,"Milltown, Dublin 6",2010,Four plus bed,All property types,1872.06,1498.88,24.9
7,Windy Arbour,53.301558,-6.250708,4.23,15,No,"Churchtown, Dublin 14",2010,All bedrooms,All property types,1352.37,1042.43,29.7
7,Windy Arbour,53.301558,-6.250708,4.23,15,No,"Churchtown, Dublin 14",2010,All bedrooms,Semi detached house,1399.97,1176.5,19.0
7,Windy Arbour,53.301558,-6.250708,4.23,15,No,"Churchtown, Dublin 14",2010,All bedrooms,Terrace house,1340.78,1133.92,18.2
7,Windy Arbour,53.301558,-6.250708,4.23,15,No,"Churchtown, Dublin 14",2010,All bedrooms,Apartment,1100.7,1012.12,8.8
7,Windy Arbour,53.301558,-6.250708,4.23,15,No,"Churchtown, Dublin 14",2010,Two bed,All property types,1118.42,1040.62,7.5
7,Windy Arbour,53.301558,-6.250708,4.23,15,No,"Churchtown, Dublin 14",2010,Three bed,All property types,1343.83,1176.08,14.3
7,Windy Arbour,53.301558,-6.250708,4.23,15,No,"Churchtown, Dublin 14",2010,Three bed,Semi detached house,1308.5,1126.32,16.2
7,Windy Arbour,53.301558,-6.250708,4.23,15,No,"Churchtown, Dublin 14",2010,1 to 2 bed,All property types,1092.83,941.36,16.1
7,Windy Arbour,53.301558,-6.250708,4.23,15,No,"Churchtown, Dublin 14",2010,1 to 2 bed,Apartment,1085.95,979.63,10.9
7,Windy Arbour,53.301558,-6.250708,4.23,15,No,"Churchtown, Dublin 14",2010,1 to 3 bed,All property types,1223.56,1000.88,22.2
7,Windy Arbour,53.301558,-6.250708,4.23,15,No,"Churchtown, Dublin 14",2010,1 to 3 bed,Semi detached house,1262.37,1089.66,15.8
7,Windy Arbour,53.301558,-6.250708,4.23,15,No,"Churchtown, Dublin 14",2010,1 to 3 bed,Terrace house,1279.1,1078.46,18.6
7,Windy Arbour,53.301558,-6.250708,4.23,15,No,"Churchtown, Dublin 14",2010,1 to 3 bed,Apartment,1094.76,1008.95,8.5
7,Windy Arbour,53.301558,-6.250708,4.23,15,No,"Churchtown, Dublin 14",2010,Four plus bed,All property types,1677.81,1498.88,11.9
7,Windy Arbour,53.301558,-6.250708,4.23,15,No,"Churchtown, Dublin 14",2010,Four plus bed,Semi detached house,1634.71,1435.63,13.9
8,Dundrum,53.292358,-6.245117,5.3,17,No,"Dundrum, Dublin 16",2010,All bedrooms,All property types,1209.63,1042.43,16.0
8,Dundrum,53.292358,-6.245117,5.3,17,No,"Dundrum, Dublin 16",2010,All bedrooms,Detached house,1635.0,1468.13,11.4
8,Dundrum,53.292358,-6.245117,5.3,17,No,"Dundrum, Dublin 16",2010,All bedrooms,Semi detached house,1393.56,1176.5,18.4
8,Dundrum,53.292358,-6.245117,5.3,17,No,"Dundrum, Dublin 16",2010,All bedrooms,Terrace house,1269.11,1133.92,11.9
8,Dundrum,53.292358,-6.245117,5.3,17,No,"Dundrum, Dublin 16",2010,All bedrooms,Apartment,1147.33,1012.12,13.4
8,Dundrum,53.292358,-6.245117,5.3,17,No,"Dundrum, Dublin 16",2010,One bed,All property types,937.39,770.24,21.7
8,Dundrum,53.292358,-6.245117,5.3,17,No,"Dundrum, Dublin 16",2010,One bed,Apartment,952.12,836.98,13.8
8,Dundrum,53.292358,-6.245117,5.3,17,No,"Dundrum, Dublin 16",2010,Two bed,All property types,1167.47,1040.62,12.2
8,Dundrum,53.292358,-6.245117,5.3,17,No,"Dundrum, Dublin 16",2010,Two bed,Terrace house,1181.63,1021.25,15.7
8,Dundrum,53.292358,-6.245117,5.3,17,No,"Dundrum, Dublin 16",2010,Two bed,Apartment,1167.55,1051.25,11.1
8,Dundrum,53.292358,-6.245117,5.3,17,No,"Dundrum, Dublin 16",2010,Three bed,All property types,1385.22,1176.08,17.8
8,Dundrum,53.292358,-6.245117,5.3,17,No,"Dundrum, Dublin 16",2010,Three bed,Semi detached house,1315.95,1126.32,16.8
8,Dundrum,53.292358,-6.245117,5.3,17,No,"Dundrum, Dublin 16",2010,Three bed,Terrace house,1317.33,1150.21,14.5
8,Dundrum,53.292358,-6.245117,5.3,17,No,"Dundrum, Dublin 16",2010,Three bed,Apartment,1569.62,1293.27,21.4
8,Dundrum,53.292358,-6.245117,5.3,17,No,"Dundrum, Dublin 16",2010,1 to 2 bed,All property types,1115.3,941.36,18.5
8,Dundrum,53.292358,-6.245117,5.3,17,No,"Dundrum, Dublin 16",2010,1 to 2 bed,Terrace house,1181.63,996.51,18.6
8,Dundrum,53.292358,-6.245117,5.3,17,No,"Dundrum, Dublin 16",2010,1 to 2 bed,Apartment,1116.16,979.63,13.9
8,Dundrum,53.292358,-6.245117,5.3,17,No,"Dundrum, Dublin 16",2010,1 to 3 bed,All property types,1171.84,1000.88,17.1
8,Dundrum,53.292358,-6.245117,5.3,17,No,"Dundrum, Dublin 16",2010,1 to 3 bed,Semi detached house,1279.01,1089.66,17.4
8,Dundrum,53.292358,-6.245117,5.3,17,No,"Dundrum, Dublin 16",2010,1 to 3 bed,Terrace house,1246.6,1078.46,15.6
8,Dundrum,53.292358,-6.245117,5.3,17,No,"Dundrum, Dublin 16",2010,1 to 3 bed,Apartment,1147.51,1008.95,13.7
8,Dundrum,53.292358,-6.245117,5.3,17,No,"Dundrum, Dublin 16",2010,Four plus bed,All property types,1645.99,1498.88,9.8
8,Dundrum,53.292358,-6.245117,5.3,17,No,"Dundrum, Dublin 16",2010,Four plus bed,Semi detached house,1660.83,1435.63,15.7
9,Balally,53.286106,-6.236772,6.11,19,Yes,"Dundrum, Dublin 16",2010,All bedrooms,All property types,1209.63,1042.43,16.0
9,Balally,53.286106,-6.236772,6.11,19,Yes,"Dundrum, Dublin 16",2010,All bedrooms,Detached house,1635.0,1468.13,11.4
9,Balally,53.286106,-6.236772,6.11,19,Yes,"Dundrum, Dublin 16",2010,All bedrooms,Semi detached house,1393.56,1176.5,18.4
9,Balally,53.286106,-6.236772,6.11,19,Yes,"Dundrum, Dublin 16",2010,All bedrooms,Terrace house,1269.11,1133.92,11.9
9,Balally,53.286106,-6.236772,6.11,19,Yes,"Dundrum, Dublin 16",2010,All bedrooms,Apartment,1147.33,1012.12,13.4
9,Balally,53.286106,-6.236772,6.11,19,Yes,"Dundrum, Dublin 16",2010,One bed,All property types,937.39,770.24,21.7
9,Balally,53.286106,-6.236772,6.11,19,Yes,"Dundrum, Dublin 16",2010,One bed,Apartment,952.12,836.98,13.8
9,Balally,53.286106,-6.236772,6.11,19,Yes,"Dundrum, Dublin 16",2010,Two bed,All property types,1167.47,1040.62,12.2
9,Balally,53.286106,-6.236772,6.11,19,Yes,"Dundrum, Dublin 16",2010,Two bed,Terrace house,1181.63,1021.25,15.7
9,Balally,53.286106,-6.236772,6.11,19,Yes,"Dundrum, Dublin 16",2010,Two bed,Apartment,1167.55,1051.25,11.1
9,Balally,53.286106,-6.236772,6.11,19,Yes,"Dundrum, Dublin 16",2010,Three bed,All property types,1385.22,1176.08,17.8
9,Balally,53.286106,-6.236772,6.11,19,Yes,"Dundrum, Dublin 16",2010,Three bed,Semi detached house,1315.95,1126.32,16.8
9,Balally,53.286106,-6.236772,6.11,19,Yes,"Dundrum, Dublin 16",2010,Three bed,Terrace house,1317.33,1150.21,14.5
9,Balally,53.286106,-6.236772,6.11,19,Yes,"Dundrum, Dublin 16",2010,Three bed,Apartment,1569.62,1293.27,21.4
9,Balally,53.286106,-6.236772,6.11,19,Yes,"Dundrum, Dublin 16",2010,1 to 2 bed,All property types,1115.3,941.36,18.5
9,Balally,53.286106,-6.236772,6.11,19,Yes,"Dundrum, Dublin 16",2010,1 to 2 bed,Terrace house,1181.63,996.51,18.6
9,Balally,53.286106,-6.236772,6.11,19,Yes,"Dundrum, Dublin 16",2010,1 to 2 bed,Apartment,1116.16,979.63,13.9
9,Balally,53.286106,-6.236772,6.11,19,Yes,"Dundrum, Dublin 16",2010,1 to 3 bed,All property types,1171.84,1000.88,17.1
9,Balally,53.286106,-6.236772,6.11,19,Yes,"Dundrum, Dublin 16",2010,1 to 3 bed,Semi detached house,1279.01,1089.66,17.4
9,Balally,53.286106,-6.236772,6.11,19,Yes,"Dundrum, Dublin 16",2010,1 to 3 bed,Terrace house,1246.6,1078.46,15.6
9,Balally,53.286106,-6.236772,6.11,19,Yes,"Dundrum, Dublin 16",2010,1 to 3 bed,Apartment,1147.51,1008.95,13.7
9,Balally,53.286106,-6.236772,6.11,19,Yes,"Dundrum, Dublin 16",2010,Four plus bed,All property types,1645.99,1498.88,9.8
9,Balally,53.286106,-6.236772,6.11,19,Yes,"Dundrum, Dublin 16",2010,Four plus bed,Semi detached house,1660.83,1435.63,15.7
10,Kilmacud,53.283008,-6.223886,6.71,21,No,"Stillorgan, Dublin",2010,All bedrooms,All property types,1277.94,1042.43,22.6
10,Kilmacud,53.283008,-6.223886,6.71,21,No,"Stillorgan, Dublin",2010,All bedrooms,Detached house,1644.8,1468.13,12.0
10,Kilmacud,53.283008,-6.223886,6.71,21,No,"Stillorgan, Dublin",2010,All bedrooms,Semi detached house,1452.26,1176.5,23.4
10,Kilmacud,53.283008,-6.223886,6.71,21,No,"Stillorgan, Dublin",2010,All bedrooms,Terrace house,1355.06,1133.92,19.5
10,Kilmacud,53.283008,-6.223886,6.71,21,No,"Stillorgan, Dublin",2010,All bedrooms,Apartment,1180.81,1012.12,16.7
10,Kilmacud,53.283008,-6.223886,6.71,21,No,"Stillorgan, Dublin",2010,One bed,All property types,946.16,770.24,22.8
10,Kilmacud,53.283008,-6.223886,6.71,21,No,"Stillorgan, Dublin",2010,One bed,Apartment,959.12,836.98,14.6
10,Kilmacud,53.283008,-6.223886,6.71,21,No,"Stillorgan, Dublin",2010,Two bed,All property types,1167.07,1040.62,12.2
10,Kilmacud,53.283008,-6.223886,6.71,21,No,"Stillorgan, Dublin",2010,Two bed,Apartment,1168.68,1051.25,11.2
10,Kilmacud,53.283008,-6.223886,6.71,21,No,"Stillorgan, Dublin",2010,Three bed,All property types,1425.25,1176.08,21.2
10,Kilmacud,53.283008,-6.223886,6.71,21,No,"Stillorgan, Dublin",2010,Three bed,Semi detached house,1376.87,1126.32,22.2
10,Kilmacud,53.283008,-6.223886,6.71,21,No,"Stillorgan, Dublin",2010,Three bed,Terrace house,1432.29,1150.21,24.5
10,Kilmacud,53.283008,-6.223886,6.71,21,No,"Stillorgan, Dublin",2010,Three bed,Apartment,1473.63,1293.27,13.9
10,Kilmacud,53.283008,-6.223886,6.71,21,No,"Stillorgan, Dublin",2010,1 to 2 bed,All property types,1115.06,941.36,18.5
10,Kilmacud,53.283008,-6.223886,6.71,21,No,"Stillorgan, Dublin",2010,1 to 2 bed,Apartment,1117.08,979.63,14.0
10,Kilmacud,53.283008,-6.223886,6.71,21,No,"Stillorgan, Dublin",2010,1 to 3 bed,All property types,1205.94,1000.88,20.5
10,Kilmacud,53.283008,-6.223886,6.71,21,No,"Stillorgan, Dublin",2010,1 to 3 bed,Semi detached house,1349.99,1089.66,23.9
10,Kilmacud,53.283008,-6.223886,6.71,21,No,"Stillorgan, Dublin",2010,1 to 3 bed,Terrace house,1268.33,1078.46,17.6
10,Kilmacud,53.283008,-6.223886,6.71,21,No,"Stillorgan, Dublin",2010,1 to 3 bed,Apartment,1167.36,1008.95,15.7
10,Kilmacud,53.283008,-6.223886,6.71,21,No,"Stillorgan, Dublin",2010,Four plus bed,All property types,1659.99,1498.88,10.7
10,Kilmacud,53.283008,-6.223886,6.71,21,No,"Stillorgan, Dublin",2010,Four plus bed,Detached house,1693.69,1729.13,-2.0
10,Kilmacud,53.283008,-6.223886,6.71,21,No,"Stillorgan, Dublin",2010,Four plus bed,Semi detached house,1640.56,1435.63,14.3
11,Stillorgan,53.279311,-6.209919,7.47,22,Yes,"Stillorgan, Dublin",2010,All bedrooms,All property types,1277.94,1042.43,22.6
11,Stillorgan,53.279311,-6.209919,7.47,22,Yes,"Stillorgan, Dublin",2010,All bedrooms,Detached house,1644.8,1468.13,12.0
11,Stillorgan,53.279311,-6.209919,7.47,22,Yes,"Stillorgan, Dublin",2010,All bedrooms,Semi detached house,1452.26,1176.5,23.4
11,Stillorgan,53.279311,-6.209919,7.47,22,Yes,"Stillorgan, Dublin",2010,All bedrooms,Terrace house,1355.06,1133.92,19.5
11,Stillorgan,53.279311,-6.209919,7.47,22,Yes,"Stillorgan, Dublin",2010,All bedrooms,Apartment,1180.81,1012.12,16.7
11,Stillorgan,53.279311,-6.209919,7.47,22,Yes,"Stillorgan, Dublin",2010,One bed,All property types,946.16,770.24,22.8
11,Stillorgan,53.279311,-6.209919,7.47,22,Yes,"Stillorgan, Dublin",2010,One bed,Apartment,959.12,836.98,14.6
11,Stillorgan,53.279311,-6.209919,7.47,22,Yes,"Stillorgan, Dublin",2010,Two bed,All property types,1167.07,1040.62,12.2
11,Stillorgan,53.279311,-6.209919,7.47,22,Yes,"Stillorgan, Dublin",2010,Two bed,Apartment,1168.68,1051.25,11.2
11,Stillorgan,53.279311,-6.209919,7.47,22,Yes,"Stillorgan, Dublin",2010,Three bed,All property types,1425.25,1176.08,21.2
11,Stillorgan,53.279311,-6.209919,7.47,22,Yes,"Stillorgan, Dublin",2010,Three bed,Semi detached house,1376.87,1126.32,22.2
11,Stillorgan,53.279311,-6.209919,7.47,22,Yes,"Stillorgan, Dublin",2010,Three bed,Terrace house,1432.29,1150.21,24.5
11,Stillorgan,53.279311,-6.209919,7.47,22,Yes,"Stillorgan, Dublin",2010,Three bed,Apartment,1473.63,1293.27,13.9
11,Stillorgan,53.279311,-6.209919,7.47,22,Yes,"Stillorgan, Dublin",2010,1 to 2 bed,All property types,1115.06,941.36,18.5
11,Stillorgan,53.279311,-6.209919,7.47,22,Yes,"Stillorgan, Dublin",2010,1 to 2 bed,Apartment,1117.08,979.63,14.0
11,Stillorgan,53.279311,-6.209919,7.47,22,Yes,"Stillorgan, Dublin",2010,1 to 3 bed,All property types,1205.94,1000.88,20.5
11,Stillorgan,53.279311,-6.209919,7.47,22,Yes,"Stillorgan, Dublin",2010,1 to 3 bed,Semi detached house,1349.99,1089.66,23.9
11,Stillorgan,53.279311,-6.209919,7.47,22,Yes,"Stillorgan, Dublin",2010,1 to 3 bed,Terrace house,1268.33,1078.46,17.6
11,Stillorgan,53.279311,-6.209919,7.47,22,Yes,"Stillorgan, Dublin",2010,1 to 3 bed,Apartment,1167.36,1008.95,15.7
11,Stillorgan,53.279311,-6.209919,7.47,22,Yes,"Stillorgan, Dublin",2010,Four plus bed,All property types,1659.99,1498.88,10.7
11,Stillorgan,53.279311,-6.209919,7.47,22,Yes,"Stillorgan, Dublin",2010,Four plus bed,Detached house,1693.69,1729.13,-2.0
11,Stillorgan,53.279311,-6.209919,7.47,22,Yes,"Stillorgan, Dublin",2010,Four plus bed,Semi detached house,1640.56,1435.63,14.3
12,Sandyford,53.277603,-6.204678,7.8,24,Yes,"Sandyford, Dublin 18",2010,All bedrooms,All property types,1133.07,1042.43,8.7
12,Sandyford,53.277603,-6.204678,7.8,24,Yes,"Sandyford, Dublin 18",2010,All bedrooms,Semi detached house,1283.66,1176.5,9.1
12,Sandyford,53.277603,-6.204678,7.8,24,Yes,"Sandyford, Dublin 18",2010,All bedrooms,Terrace house,1234.67,1133.92,8.9
12,Sandyford,53.277603,-6.204678,7.8,24,Yes,"Sandyford, Dublin 18",2010,All bedrooms,Apartment,1110.64,1012.12,9.7
12,Sandyford,53.277603,-6.204678,7.8,24,Yes,"Sandyford, Dublin 18",2010,One bed,All property types,913.27,770.24,18.6
12,Sandyford,53.277603,-6.204678,7.8,24,Yes,"Sandyford, Dublin 18",2010,One bed,Apartment,923.79,836.98,10.4
12,Sandyford,53.277603,-6.204678,7.8,24,Yes,"Sandyford, Dublin 18",2010,Two bed,All property types,1137.57,1040.62,9.3
12,Sandyford,53.277603,-6.204678,7.8,24,Yes,"Sandyford, Dublin 18",2010,Two bed,Apartment,1138.52,1051.25,8.3
12,Sandyford,53.277603,-6.204678,7.8,24,Yes,"Sandyford, Dublin 18",2010,Three bed,All property types,1261.73,1176.08,7.3
12,Sandyford,53.277603,-6.204678,7.8,24,Yes,"Sandyford, Dublin 18",2010,Three bed,Semi detached house,1212.43,1126.32,7.6
12,Sandyford,53.277603,-6.204678,7.8,24,Yes,"Sandyford, Dublin 18",2010,Three bed,Apartment,1300.43,1293.27,0.6
12,Sandyford,53.277603,-6.204678,7.8,24,Yes,"Sandyford, Dublin 18",2010,1 to 2 bed,All property types,1077.45,941.36,14.5
12,Sandyford,53.277603,-6.204678,7.8,24,Yes,"Sandyford, Dublin 18",2010,1 to 2 bed,Apartment,1083.13,979.63,10.6
12,Sandyford,53.277603,-6.204678,7.8,24,Yes,"Sandyford, Dublin 18",2010,1 to 3 bed,All property types,1113.88,1000.88,11.3
12,Sandyford,53.277603,-6.204678,7.8,24,Yes,"Sandyford, Dublin 18",2010,1 to 3 bed,Semi detached house,1159.81,1089.66,6.4
12,Sandyford,53.277603,-6.204678,7.8,24,Yes,"Sandyford, Dublin 18",2010,1 to 3 bed,Apartment,1110.72,1008.95,10.1
12,Sandyford,53.277603,-6.204678,7.8,24,Yes,"Sandyford, Dublin 18",2010,Four plus bed,All property types,1442.44,1498.88,-3.8
12,Sandyford,53.277603,-6.204678,7.8,24,Yes,"Sandyford, Dublin 18",2010,Four plus bed,Semi detached house,1466.06,1435.63,2.1
13,Central Park,53.27015,-6.203764,8.57,26,No,"Leopardstown, Dublin 18",2010,All bedrooms,All property types,1268.19,1042.43,21.7
13,Central Park,53.27015,-6.203764,8.57,26,No,"Leopardstown, Dublin 18",2010,All bedrooms,Semi detached house,1282.31,1176.5,9.0
13,Central Park,53.27015,-6.203764,8.57,26,No,"Leopardstown, Dublin 18",2010,All bedrooms,Apartment,1226.97,1012.12,21.2
13,Central Park,53.27015,-6.203764,8.57,26,No,"Leopardstown, Dublin 18",2010,Two bed,All property types,1213.6,1040.62,16.6
13,Central Park,53.27015,-6.203764,8.57,26,No,"Leopardstown, Dublin 18",2010,Two bed,Apartment,1210.63,1051.25,15.2
13,Central Park,53.27015,-6.203764,8.57,26,No,"Leopardstown, Dublin 18",2010,Three bed,All property types,1267.21,1176.08,7.7
13,Central Park,53.27015,-6.203764,8.57,26,No,"Leopardstown, Dublin 18",2010,Three bed,Semi detached house,1208.38,1126.32,7.3
13,Central Park,53.27015,-6.203764,8.57,26,No,"Leopardstown, Dublin 18",2010,1 to 2 bed,All property types,1183.26,941.36,25.7
13,Central Park,53.27015,-6.203764,8.57,26,No,"Leopardstown, Dublin 18",2010,1 to 2 bed,Apartment,1180.16,979.63,20.5
13,Central Park,53.27015,-6.203764,8.57,26,No,"Leopardstown, Dublin 18",2010,1 to 3 bed,All property types,1225.08,1000.88,22.4
13,Central Park,53.27015,-6.203764,8.57,26,No,"Leopardstown, Dublin 18",2010,1 to 3 bed,Semi detached house,1209.8,1089.66,11.0
13,Central Park,53.27015,-6.203764,8.57,26,No,"Leopardstown, Dublin 18",2010,1 to 3 bed,Apartment,1224.59,1008.95,21.4
13,Central Park,53.27015,-6.203764,8.57,26,No,"Leopardstown, Dublin 18",2010,Four plus bed,All property types,1514.67,1498.88,1.1
13,Central Park,53.27015,-6.203764,8.57,26,No,"Leopardstown, Dublin 18",2010,Four plus bed,Semi detached house,1495.59,1435.63,4.2
14,Glencairn,53.266336,-6.209942,8.78,28,No,"Leopardstown, Dublin 18",2010,All bedrooms,All property types,1268.19,1042.43,21.7
14,Glencairn,53.266336,-6.209942,8.78,28,No,"Leopardstown, Dublin 18",2010,All bedrooms,Semi detached house,1282.31,1176.5,9.0
14,Glencairn,53.266336,-6.209942,8.78,28,No,"Leopardstown, Dublin 18",2010,All bedrooms,Apartment,1226.97,1012.12,21.2
14,Glencairn,53.266336,-6.209942,8.78,28,No,"Leopardstown, Dublin 18",2010,Two bed,All property types,1213.6,1040.62,16.6
14,Glencairn,53.266336,-6.209942,8.78,28,No,"Leopardstown, Dublin 18",2010,Two bed,Apartment,1210.63,1051.25,15.2
14,Glencairn,53.266336,-6.209942,8.78,28,No,"Leopardstown, Dublin 18",2010,Three bed,All property types,1267.21,1176.08,7.7
14,Glencairn,53.266336,-6.209942,8.78,28,No,"Leopardstown, Dublin 18",2010,Three bed,Semi detached house,1208.38,1126.32,7.3
14,Glencairn,53.266336,-6.209942,8.78,28,No,"Leopardstown, Dublin 18",2010,1 to 2 bed,All property types,1183.26,941.36,25.7
14,Glencairn,53.266336,-6.209942,8.78,28,No,"Leopardstown, Dublin 18",2010,1 to 2 bed,Apartment,1180.16,979.63,20.5
14,Glencairn,53.266336,-6.209942,8.78,28,No,"Leopardstown, Dublin 18",2010,1 to 3 bed,All property types,1225.08,1000.88,22.4
14,Glencairn,53.266336,-6.209942,8.78,28,No,"Leopardstown, Dublin 18",2010,1 to 3 bed,Semi detached house,1209.8,1089.66,11.0
14,Glencairn,53.266336,-6.209942,8.78,28,No,"Leopardstown, Dublin 18",2010,1 to 3 bed,Apartment,1224.59,1008.95,21.4
14,Glencairn,53.266336,-6.209942,8.78,28,No,"Leopardstown, Dublin 18",2010,Four plus bed,All property types,1514.67,1498.88,1.1
14,Glencairn,53.266336,-6.209942,8.78,28,No,"Leopardstown, Dublin 18",2010,Four plus bed,Semi detached house,1495.59,1435.63,4.2
15,The Gallops,53.261164,-6.206022,9.41,29,No,"Leopardstown, Dublin 18",2010,All bedrooms,All property types,1268.19,1042.43,21.7
15,The Gallops,53.261164,-6.206022,9.41,29,No,"Leopardstown, Dublin 18",2010,All bedrooms,Semi detached house,1282.31,1176.5,9.0
15,The Gallops,53.261164,-6.206022,9.41,29,No,"Leopardstown, Dublin 18",2010,All bedrooms,Apartment,1226.97,1012.12,21.2
15,The Gallops,53.261164,-6.206022,9.41,29,No,"Leopardstown, Dublin 18",2010,Two bed,All property types,1213.6,1040.62,16.6
15,The Gallops,53.261164,-6.206022,9.41,29,No,"Leopardstown, Dublin 18",2010,Two bed,Apartment,1210.63,1051.25,15.2
15,The Gallops,53.261164,-6.206022,9.41,29,No,"Leopardstown, Dublin 18",2010,Three bed,All property types,1267.21,1176.08,7.7
15,The Gallops,53.261164,-6.206022,9.41,29,No,"Leopardstown, Dublin 18",2010,Three bed,Semi detached house,1208.38,1126.32,7.3
15,The Gallops,53.261164,-6.206022,9.41,29,No,"Leopardstown, Dublin 18",2010,1 to 2 bed,All property types,1183.26,941.36,25.7
15,The Gallops,53.261164,-6.206022,9.41,29,No,"Leopardstown, Dublin 18",2010,1 to 2 bed,Apartment,1180.16,979.63,20.5
15,The Gallops,53.261164,-6.206022,9.41,29,No,"Leopardstown, Dublin 18",2010,1 to 3 bed,All property types,1225.08,1000.88,22.4
15,The Gallops,53.261164,-6.206022,9.41,29,No,"Leopardstown, Dublin 18",2010,1 to 3 bed,Semi detached house,1209.8,1089.66,11.0
15,The Gallops,53.261164,-6.206022,9.41,29,No,"Leopardstown, Dublin 18",2010,1 to 3 bed,Apartment,1224.59,1008.95,21.4
15,The Gallops,53.261164,-6.206022,9.41,29,No,"Leopardstown, Dublin 18",2010,Four plus bed,All property types,1514.67,1498.88,1.1
15,The Gallops,53.261164,-6.206022,9.41,29,No,"Leopardstown, Dublin 18",2010,Four plus bed,Semi detached house,1495.59,1435.63,4.2
16,Leopardstown Valley,53.258247,-6.198361,9.91,31,No,"Leopardstown, Dublin 18",2010,All bedrooms,All property types,1268.19,1042.43,21.7
16,Leopardstown Valley,53.258247,-6.198361,9.91,31,No,"Leopardstown, Dublin 18",2010,All bedrooms,Semi detached house,1282.31,1176.5,9.0
16,Leopardstown Valley,53.258247,-6.198361,9.91,31,No,"Leopardstown, Dublin 18",2010,All bedrooms,Apartment,1226.97,1012.12,21.2
16,Leopardstown Valley,53.258247,-6.198361,9.91,31,No,"Leopardstown, Dublin 18",2010,Two bed,All property types,1213.6,1040.62,16.6
16,Leopardstown Valley,53.258247,-6.198361,9.91,31,No,"Leopardstown, Dublin 18",2010,Two bed,Apartment,1210.63,1051.25,15.2
16,Leopardstown Valley,53.258247,-6.198361,9.91,31,No,"Leopardstown, Dublin 18",2010,Three bed,All property types,1267.21,1176.08,7.7
16,Leopardstown Valley,53.258247,-6.198361,9.91,31,No,"Leopardstown, Dublin 18",2010,Three bed,Semi detached house,1208.38,1126.32,7.3
16,Leopardstown Valley,53.258247,-6.198361,9.91,31,No,"Leopardstown, Dublin 18",2010,1 to 2 bed,All property types,1183.26,941.36,25.7
16,Leopardstown Valley,53.258247,-6.198361,9.91,31,No,"Leopardstown, Dublin 18",2010,1 to 2 bed,Apartment,1180.16,979.63,20.5
16,Leopardstown Valley,53.258247,-6.198361,9.91,31,No,"Leopardstown, Dublin 18",2010,1 to 3 bed,All property types,1225.08,1000.88,22.4
16,Leopardstown Valley,53.258247,-6.198361,9.91,31,No,"Leopardstown, Dublin 18",2010,1 to 3 bed,Semi detached house,1209.8,1089.66,11.0
16,Leopardstown Valley,53.258247,-6.198361,9.91,31,No,"Leopardstown, Dublin 18",2010,1 to 3 bed,Apartment,1224.59,1008.95,21.4
16,Leopardstown Valley,53.258247,-6.198361,9.91,31,No,"Leopardstown, Dublin 18",2010,Four plus bed,All property types,1514.67,1498.88,1.1
16,Leopardstown Valley,53.258247,-6.198361,9.91,31,No,"Leopardstown, Dublin 18",2010,Four plus bed,Semi detached house,1495.59,1435.63,4.2
17,Ballyogan Wood,53.255047,-6.184475,10.65,33,No,"Carrickmines, Dublin 18",2010,All bedrooms,All property types,1228.45,1042.43,17.8
17,Ballyogan Wood,53.255047,-6.184475,10.65,33,No,"Carrickmines, Dublin 18",2010,All bedrooms,Apartment,1099.29,1012.12,8.6
17,Ballyogan Wood,53.255047,-6.184475,10.65,33,No,"Carrickmines, Dublin 18",2010,One bed,All property types,914.64,770.24,18.7
17,Ballyogan Wood,53.255047,-6.184475,10.65,33,No,"Carrickmines, Dublin 18",2010,One bed,Apartment,914.64,836.98,9.3
17,Ballyogan Wood,53.255047,-6.184475,10.65,33,No,"Carrickmines, Dublin 18",2010,Two bed,All property types,1116.68,1040.62,7.3
17,Ballyogan Wood,53.255047,-6.184475,10.65,33,No,"Carrickmines, Dublin 18",2010,Two bed,Apartment,1088.2,1051.25,3.5
17,Ballyogan Wood,53.255047,-6.184475,10.65,33,No,"Carrickmines, Dublin 18",2010,Three bed,All property types,1357.12,1176.08,15.4
17,Ballyogan Wood,53.255047,-6.184475,10.65,33,No,"Carrickmines, Dublin 18",2010,1 to 2 bed,All property types,1072.18,941.36,13.9
17,Ballyogan Wood,53.255047,-6.184475,10.65,33,No,"Carrickmines, Dublin 18",2010,1 to 2 bed,Apartment,1047.81,979.63,7.0
17,Ballyogan Wood,53.255047,-6.184475,10.65,33,No,"Carrickmines, Dublin 18",2010,1 to 3 bed,All property types,1144.37,1000.88,14.3
17,Ballyogan Wood,53.255047,-6.184475,10.65,33,No,"Carrickmines, Dublin 18",2010,1 to 3 bed,Apartment,1099.29,1008.95,9.0
17,Ballyogan Wood,53.255047,-6.184475,10.65,33,No,"Carrickmines, Dublin 18",2010,Four plus bed,All property types,1838.71,1498.88,22.7
18,Racecourse,53.255367,-6.175161,10.93,34,No,"Leopardstown, Dublin 18",2010,All bedrooms,All property types,1268.19,1042.43,21.7
18,Racecourse,53.255367,-6.175161,10.93,34,No,"Leopardstown, Dublin 18",2010,All bedrooms,Semi detached house,1282.31,1176.5,9.0
18,Racecourse,53.255367,-6.175161,10.93,34,No,"Leopardstown, Dublin 18",2010,All bedrooms,Apartment,1226.97,1012.12,21.2
18,Racecourse,53.255367,-6.175161,10.93,34,No,"Leopardstown, Dublin 18",2010,Two bed,All property types,1213.6,1040.62,16.6
18,Racecourse,53.255367,-6.175161,10.93,34,No,"Leopardstown, Dublin 18",2010,Two bed,Apartment,1210.63,1051.25,15.2
18,Racecourse,53.255367,-6.175161,10.93,34,No,"Leopardstown, Dublin 18",2010,Three bed,All property types,1267.21,1176.08,7.7
18,Racecourse,53.255367,-6.175161,10.93,34,No,"Leopardstown, Dublin 18",2010,Three bed,Semi detached house,1208.38,1126.32,7.3
18,Racecourse,53.255367,-6.175161,10.93,34,No,"Leopardstown, Dublin 18",2010,1 to 2 bed,All property types,1183.26,941.36,25.7
18,Racecourse,53.255367,-6.175161,10.93,34,No,"Leopardstown, Dublin 18",2010,1 to 2 bed,Apartment,1180.16,979.63,20.5
18,Racecourse,53.255367,-6.175161,10.93,34,No,"Leopardstown, Dublin 18",2010,1 to 3 bed,All property types,1225.08,1000.88,22.4
18,Racecourse,53.255367,-6.175161,10.93,34,No,"Leopardstown, Dublin 18",2010,1 to 3 bed,Semi detached house,1209.8,1089.66,11.0
18,Racecourse,53.255367,-6.175161,10.93,34,No,"Leopardstown, Dublin 18",2010,1 to 3 bed,Apartment,1224.59,1008.95,21.4
18,Racecourse,53.255367,-6.175161,10.93,34,No,"Leopardstown, Dublin 18",2010,Four plus bed,All property types,1514.67,1498.88,1.1
18,Racecourse,53.255367,-6.175161,10.93,34,No,"Leopardstown, Dublin 18",2010,Four plus bed,Semi detached house,1495.59,1435.63,4.2
19,Carrickmines,53.254033,-6.169908,11.24,36,Yes,"Carrickmines, Dublin 18",2010,All bedrooms,All property types,1228.45,1042.43,17.8
19,Carrickmines,53.254033,-6.169908,11.24,36,Yes,"Carrickmines, Dublin 18",2010,All bedrooms,Apartment,1099.29,1012.12,8.6
19,Carrickmines,53.254033,-6.169908,11.24,36,Yes,"Carrickmines, Dublin 18",2010,One bed,All property types,914.64,770.24,18.7
19,Carrickmines,53.254033,-6.169908,11.24,36,Yes,"Carrickmines, Dublin 18",2010,One bed,Apartment,914.64,836.98,9.3
19,Carrickmines,53.254033,-6.169908,11.24,36,Yes,"Carrickmines, Dublin 18",2010,Two bed,All property types,1116.68,1040.62,7.3
19,Carrickmines,53.254033,-6.169908,11.24,36,Yes,"Carrickmines, Dublin 18",2010,Two bed,Apartment,1088.2,1051.25,3.5
19,Carrickmines,53.254033,-6.169908,11.24,36,Yes,"Carrickmines, Dublin 18",2010,Three bed,All property types,1357.12,1176.08,15.4
19,Carrickmines,53.254033,-6.169908,11.24,36,Yes,"Carrickmines, Dublin 18",2010,1 to 2 bed,All property types,1072.18,941.36,13.9
19,Carrickmines,53.254033,-6.169908,11.24,36,Yes,"Carrickmines, Dublin 18",2010,1 to 2 bed,Apartment,1047.81,979.63,7.0
19,Carrickmines,53.254033,-6.169908,11.24,36,Yes,"Carrickmines, Dublin 18",2010,1 to 3 bed,All property types,1144.37,1000.88,14.3
19,Carrickmines,53.254033,-6.169908,11.24,36,Yes,"Carrickmines, Dublin 18",2010,1 to 3 bed,Apartment,1099.29,1008.95,9.0
19,Carrickmines,53.254033,-6.169908,11.24,36,Yes,"Carrickmines, Dublin 18",2010,Four plus bed,All property types,1838.71,1498.88,22.7
20,Brennanstown,53.252619,-6.161597,11.68,37,No,"Cabinteely, Dublin 18",2010,All bedrooms,All property types,1158.27,1042.43,11.1
20,Brennanstown,53.252619,-6.161597,11.68,37,No,"Cabinteely, Dublin 18",2010,All bedrooms,Detached house,1606.67,1468.13,9.4
20,Brennanstown,53.252619,-6.161597,11.68,37,No,"Cabinteely, Dublin 18",2010,All bedrooms,Semi detached house,1250.97,1176.5,6.3
20,Brennanstown,53.252619,-6.161597,11.68,37,No,"Cabinteely, Dublin 18",2010,All bedrooms,Apartment,1087.96,1012.12,7.5
20,Brennanstown,53.252619,-6.161597,11.68,37,No,"Cabinteely, Dublin 18",2010,One bed,All property types,916.48,770.24,19.0
20,Brennanstown,53.252619,-6.161597,11.68,37,No,"Cabinteely, Dublin 18",2010,One bed,Apartment,925.29,836.98,10.6
20,Brennanstown,53.252619,-6.161597,11.68,37,No,"Cabinteely, Dublin 18",2010,Two bed,All property types,1056.62,1040.62,1.5
20,Brennanstown,53.252619,-6.161597,11.68,37,No,"Cabinteely, Dublin 18",2010,Two bed,Apartment,1060.46,1051.25,0.9
20,Brennanstown,53.252619,-6.161597,11.68,37,No,"Cabinteely, Dublin 18",2010,Three bed,All property types,1273.19,1176.08,8.3
20,Brennanstown,53.252619,-6.161597,11.68,37,No,"Cabinteely, Dublin 18",2010,Three bed,Semi detached house,1208.47,1126.32,7.3
20,Brennanstown,53.252619,-6.161597,11.68,37,No,"Cabinteely, Dublin 18",2010,Three bed,Apartment,1242.72,1293.27,-3.9
20,Brennanstown,53.252619,-6.161597,11.68,37,No,"Cabinteely, Dublin 18",2010,1 to 2 bed,All property types,1032.74,941.36,9.7
20,Brennanstown,53.252619,-6.161597,11.68,37,No,"Cabinteely, Dublin 18",2010,1 to 2 bed,Apartment,1037.71,979.63,5.9
20,Brennanstown,53.252619,-6.161597,11.68,37,No,"Cabinteely, Dublin 18",2010,1 to 3 bed,All property types,1113.4,1000.88,11.2
20,Brennanstown,53.252619,-6.161597,11.68,37,No,"Cabinteely, Dublin 18",2010,1 to 3 bed,Semi detached house,1175.29,1089.66,7.9
20,Brennanstown,53.252619,-6.161597,11.68,37,No,"Cabinteely, Dublin 18",2010,1 to 3 bed,Apartment,1084.66,1008.95,7.5
20,Brennanstown,53.252619,-6.161597,11.68,37,No,"Cabinteely, Dublin 18",2010,Four plus bed,All property types,1604.24,1498.88,7.0
21,Laughanstown,53.250606,-6.155006,12.11,39,No,"Cabinteely, Dublin 18",2010,All bedrooms,All property types,1158.27,1042.43,11.1
21,Laughanstown,53.250606,-6.155006,12.11,39,No,"Cabinteely, Dublin 18",2010,All bedrooms,Detached house,1606.67,1468.13,9.4
21,Laughanstown,53.250606,-6.155006,12.11,39,No,"Cabinteely, Dublin 18",2010,All bedrooms,Semi detached house,1250.97,1176.5,6.3
21,Laughanstown,53.250606,-6.155006,12.11,39,No,"Cabinteely, Dublin 18",2010,All bedrooms,Apartment,1087.96,1012.12,7.5
21,Laughanstown,53.250606,-6.155006,12.11,39,No,"Cabinteely, Dublin 18",2010,One bed,All property types,916.48,770.24,19.0
21,Laughanstown,53.250606,-6.155006,12.11,39,No,"Cabinteely, Dublin 18",2010,One bed,Apartment,925.29,836.98,10.6
21,Laughanstown,53.250606,-6.155006,12.11,39,No,"Cabinteely, Dublin 18",2010,Two bed,All property types,1056.62,1040.62,1.5
21,Laughanstown,53.250606,-6.155006,12.11,39,No,"Cabinteely, Dublin 18",2010,Two bed,Apartment,1060.46,1051.25,0.9
21,Laughanstown,53.250606,-6.155006,12.11,39,No,"Cabinteely, Dublin 18",2010,Three bed,All property types,1273.19,1176.08,8.3
21,Laughanstown,53.250606,-6.155006,12.11,39,No,"Cabinteely, Dublin 18",2010,Three bed,Semi detached house,1208.47,1126.32,7.3
21,Laughanstown,53.250606,-6.155006,12.11,39,No,"Cabinteely, Dublin 18",2010,Three bed,Apartment,1242.72,1293.27,-3.9
21,Laughanstown,53.250606,-6.155006,12.11,39,No,"Cabinteely, Dublin 18",2010,1 to 2 bed,All property types,1032.74,941.36,9.7
21,Laughanstown,53.250606,-6.155006,12.11,39,No,"Cabinteely, Dublin 18",2010,1 to 2 bed,Apartment,1037.71,979.63,5.9
21,Laughanstown,53.250606,-6.155006,12.11,39,No,"Cabinteely, Dublin 18",2010,1 to 3 bed,All property types,1113.4,1000.88,11.2
21,Laughanstown,53.250606,-6.155006,12.11,39,No,"Cabinteely, Dublin 18",2010,1 to 3 bed,Semi detached house,1175.29,1089.66,7.9
21,Laughanstown,53.250606,-6.155006,12.11,39,No,"Cabinteely, Dublin 18",2010,1 to 3 bed,Apartment,1084.66,1008.95,7.5
21,Laughanstown,53.250606,-6.155006,12.11,39,No,"Cabinteely, Dublin 18",2010,Four plus bed,All property types,1604.24,1498.88,7.0
22,Cherrywood,53.245333,-6.145853,12.94,41,No,"Cabinteely, Dublin 18",2010,All bedrooms,All property types,1158.27,1042.43,11.1
22,Cherrywood,53.245333,-6.145853,12.94,41,No,"Cabinteely, Dublin 18",2010,All bedrooms,Detached house,1606.67,1468.13,9.4
22,Cherrywood,53.245333,-6.145853,12.94,41,No,"Cabinteely, Dublin 18",2010,All bedrooms,Semi detached house,1250.97,1176.5,6.3
22,Cherrywood,53.245333,-6.145853,12.94,41,No,"Cabinteely, Dublin 18",2010,All bedrooms,Apartment,1087.96,1012.12,7.5
22,Cherrywood,53.245333,-6.145853,12.94,41,No,"Cabinteely, Dublin 18",2010,One bed,All property types,916.48,770.24,19.0
22,Cherrywood,53.245333,-6.145853,12.94,41,No,"Cabinteely, Dublin 18",2010,One bed,Apartment,925.29,836.98,10.6
22,Cherrywood,53.245333,-6.145853,12.94,41,No,"Cabinteely, Dublin 18",2010,Two bed,All property types,1056.62,1040.62,1.5
22,Cherrywood,53.245333,-6.145853,12.94,41,No,"Cabinteely, Dublin 18",2010,Two bed,Apartment,1060.46,1051.25,0.9
22,Cherrywood,53.245333,-6.145853,12.94,41,No,"Cabinteely, Dublin 18",2010,Three bed,All property types,1273.19,1176.08,8.3
22,Cherrywood,53.245333,-6.145853,12.94,41,No,"Cabinteely, Dublin 18",2010,Three bed,Semi detached house,1208.47,1126.32,7.3
22,Cherrywood,53.245333,-6.145853,12.94,41,No,"Cabinteely, Dublin 18",2010,Three bed,Apartment,1242.72,1293.27,-3.9
22,Cherrywood,53.245333,-6.145853,12.94,41,No,"Cabinteely, Dublin 18",2010,1 to 2 bed,All property types,1032.74,941.36,9.7
22,Cherrywood,53.245333,-6.145853,12.94,41,No,"Cabinteely, Dublin 18",2010,1 to 2 bed,Apartment,1037.71,979.63,5.9
22,Cherrywood,53.245333,-6.145853,12.94,41,No,"Cabinteely, Dublin 18",2010,1 to 3 bed,All property types,1113.4,1000.88,11.2
22,Cherrywood,53.245333,-6.145853,12.94,41,No,"Cabinteely, Dublin 18",2010,1 to 3 bed,Semi detached house,1175.29,1089.66,7.9
22,Cherrywood,53.245333,-6.145853,12.94,41,No,"Cabinteely, Dublin 18",2010,1 to 3 bed,Apartment,1084.66,1008.95,7.5
22,Cherrywood,53.245333,-6.145853,12.94,41,No,"Cabinteely, Dublin 18",2010,Four plus bed,All property types,1604.24,1498.88,7.0
23,Brides Glen,53.242075,-6.142886,13.35,42,No,"Shankill, Dublin",2010,All bedrooms,All property types,1127.69,1042.43,8.2
23,Brides Glen,53.242075,-6.142886,13.35,42,No,"Shankill, Dublin",2010,All bedrooms,Detached house,1349.39,1468.13,-8.1
23,Brides Glen,53.242075,-6.142886,13.35,42,No,"Shankill, Dublin",2010,All bedrooms,Semi detached house,1218.69,1176.5,3.6
23,Brides Glen,53.242075,-6.142886,13.35,42,No,"Shankill, Dublin",2010,All bedrooms,Apartment,977.29,1012.12,-3.4
23,Brides Glen,53.242075,-6.142886,13.35,42,No,"Shankill, Dublin",2010,Two bed,All property types,1018.27,1040.62,-2.1
23,Brides Glen,53.242075,-6.142886,13.35,42,No,"Shankill, Dublin",2010,Two bed,Apartment,1009.87,1051.25,-3.9
23,Brides Glen,53.242075,-6.142886,13.35,42,No,"Shankill, Dublin",2010,Three bed,All property types,1178.75,1176.08,0.2
23,Brides Glen,53.242075,-6.142886,13.35,42,No,"Shankill, Dublin",2010,Three bed,Semi detached house,1161.25,1126.32,3.1
23,Brides Glen,53.242075,-6.142886,13.35,42,No,"Shankill, Dublin",2010,1 to 2 bed,All property types,986.91,941.36,4.8
23,Brides Glen,53.242075,-6.142886,13.35,42,No,"Shankill, Dublin",2010,1 to 2 bed,Apartment,967.72,979.63,-1.2
23,Brides Glen,53.242075,-6.142886,13.35,42,No,"Shankill, Dublin",2010,1 to 3 bed,All property types,1056.3,1000.88,5.5
23,Brides Glen,53.242075,-6.142886,13.35,42,No,"Shankill, Dublin",2010,1 to 3 bed,Semi detached house,1134.22,1089.66,4.1
23,Brides Glen,53.242075,-6.142886,13.35,42,No,"Shankill, Dublin",2010,1 to 3 bed,Apartment,977.29,1008.95,-3.1
23,Brides Glen,53.242075,-6.142886,13.35,42,No,"Shankill, Dublin",2010,Four plus bed,All property types,1394.0,1498.88,-7.0
23,Brides Glen,53.242075,-6.142886,13.35,42,No,"Shankill, Dublin",2010,Four plus bed,Semi detached house,1338.83,1435.63,-6.7
0,St. Stephen's Green,53.339072,-6.261333,0.0,0,No,"Charlemont Street, Dublin 2",2011,All bedrooms,All property types,1204.72,1011.93,19.1
0,St. Stephen's Green,53.339072,-6.261333,0.0,0,No,"Charlemont Street, Dublin 2",2011,All bedrooms,Apartment,1204.72,993.43,21.3
0,St. Stephen's Green,53.339072,-6.261333,0.0,0,No,"Charlemont Street, Dublin 2",2011,Two bed,All property types,1152.26,1009.49,14.1
0,St. Stephen's Green,53.339072,-6.261333,0.0,0,No,"Charlemont Street, Dublin 2",2011,Two bed,Apartment,1152.26,1022.29,12.7
0,St. Stephen's Green,53.339072,-6.261333,0.0,0,No,"Charlemont Street, Dublin 2",2011,1 to 2 bed,All property types,1103.65,908.58,21.5
0,St. Stephen's Green,53.339072,-6.261333,0.0,0,No,"Charlemont Street, Dublin 2",2011,1 to 2 bed,Apartment,1103.65,955.57,15.5
0,St. Stephen's Green,53.339072,-6.261333,0.0,0,No,"Charlemont Street, Dublin 2",2011,1 to 3 bed,All property types,1204.72,968.77,24.4
0,St. Stephen's Green,53.339072,-6.261333,0.0,0,No,"Charlemont Street, Dublin 2",2011,1 to 3 bed,Apartment,1204.72,986.81,22.1
1,Harcourt,53.333358,-6.26265,0.64,2,No,"Charlemont Street, Dublin 2",2011,All bedrooms,All property types,1204.72,1011.93,19.1
1,Harcourt,53.333358,-6.26265,0.64,2,No,"Charlemont Street, Dublin 2",2011,All bedrooms,Apartment,1204.72,993.43,21.3
1,Harcourt,53.333358,-6.26265,0.64,2,No,"Charlemont Street, Dublin 2",2011,Two bed,All property types,1152.26,1009.49,14.1
1,Harcourt,53.333358,-6.26265,0.64,2,No,"Charlemont Street, Dublin 2",2011,Two bed,Apartment,1152.26,1022.29,12.7
1,Harcourt,53.333358,-6.26265,0.64,2,No,"Charlemont Street, Dublin 2",2011,1 to 2 bed,All property types,1103.65,908.58,21.5
1,Harcourt,53.333358,-6.26265,0.64,2,No,"Charlemont Street, Dublin 2",2011,1 to 2 bed,Apartment,1103.65,955.57,15.5
1,Harcourt,53.333358,-6.26265,0.64,2,No,"Charlemont Street, Dublin 2",2011,1 to 3 bed,All property types,1204.72,968.77,24.4
1,Harcourt,53.333358,-6.26265,0.64,2,No,"Charlemont Street, Dublin 2",2011,1 to 3 bed,Apartment,1204.72,986.81,22.1
2,Charlemont,53.330669,-6.258683,0.95,4,No,"Charlemont Street, Dublin 2",2011,All bedrooms,All property types,1204.72,1011.93,19.1
2,Charlemont,53.330669,-6.258683,0.95,4,No,"Charlemont Street, Dublin 2",2011,All bedrooms,Apartment,1204.72,993.43,21.3
2,Charlemont,53.330669,-6.258683,0.95,4,No,"Charlemont Street, Dublin 2",2011,Two bed,All property types,1152.26,1009.49,14.1
2,Charlemont,53.330669,-6.258683,0.95,4,No,"Charlemont Street, Dublin 2",2011,Two bed,Apartment,1152.26,1022.29,12.7
2,Charlemont,53.330669,-6.258683,0.95,4,No,"Charlemont Street, Dublin 2",2011,1 to 2 bed,All property types,1103.65,908.58,21.5
2,Charlemont,53.330669,-6.258683,0.95,4,No,"Charlemont Street, Dublin 2",2011,1 to 2 bed,Apartment,1103.65,955.57,15.5
2,Charlemont,53.330669,-6.258683,0.95,4,No,"Charlemont Street, Dublin 2",2011,1 to 3 bed,All property types,1204.72,968.77,24.4
2,Charlemont,53.330669,-6.258683,0.95,4,No,"Charlemont Street, Dublin 2",2011,1 to 3 bed,Apartment,1204.72,986.81,22.1
3,Ranelagh,53.326433,-6.256203,1.45,7,No,"Ranelagh, Dublin 6",2011,All bedrooms,All property types,1007.92,1011.93,-0.4
3,Ranelagh,53.326433,-6.256203,1.45,7,No,"Ranelagh, Dublin 6",2011,All bedrooms,Semi detached house,1556.97,1148.69,35.5
3,Ranelagh,53.326433,-6.256203,1.45,7,No,"Ranelagh, Dublin 6",2011,All bedrooms,Terrace house,1656.73,1099.64,50.7
3,Ranelagh,53.326433,-6.256203,1.45,7,No,"Ranelagh, Dublin 6",2011,All bedrooms,Apartment,995.54,993.43,0.2
3,Ranelagh,53.326433,-6.256203,1.45,7,No,"Ranelagh, Dublin 6",2011,All bedrooms,Other flats,634.89,633.98,0.1
3,Ranelagh,53.326433,-6.256203,1.45,7,No,"Ranelagh, Dublin 6",2011,One bed,All property types,667.9,737.67,-9.5
3,Ranelagh,53.326433,-6.256203,1.45,7,No,"Ranelagh, Dublin 6",2011,One bed,Apartment,831.39,817.36,1.7
3,Ranelagh,53.326433,-6.256203,1.45,7,No,"Ranelagh, Dublin 6",2011,One bed,Other flats,574.07,571.76,0.4
3,Ranelagh,53.326433,-6.256203,1.45,7,No,"Ranelagh, Dublin 6",2011,Two bed,All property types,1088.5,1009.49,7.8
3,Ranelagh,53.326433,-6.256203,1.45,7,No,"Ranelagh, Dublin 6",2011,Two bed,Semi detached house,1225.78,995.98,23.1
3,Ranelagh,53.326433,-6.256203,1.45,7,No,"Ranelagh, Dublin 6",2011,Two bed,Terrace house,1278.81,987.88,29.4
3,Ranelagh,53.326433,-6.256203,1.45,7,No,"Ranelagh, Dublin 6",2011,Two bed,Apartment,1122.29,1022.29,9.8
3,Ranelagh,53.326433,-6.256203,1.45,7,No,"Ranelagh, Dublin 6",2011,Two bed,Other flats,858.68,818.81,4.9
3,Ranelagh,53.326433,-6.256203,1.45,7,No,"Ranelagh, Dublin 6",2011,Three bed,All property types,1662.46,1147.38,44.9
3,Ranelagh,53.326433,-6.256203,1.45,7,No,"Ranelagh, Dublin 6",2011,Three bed,Semi detached house,1664.56,1089.3,52.8
3,Ranelagh,53.326433,-6.256203,1.45,7,No,"Ranelagh, Dublin 6",2011,Three bed,Terrace house,1739.7,1118.08,55.6
3,Ranelagh,53.326433,-6.256203,1.45,7,No,"Ranelagh, Dublin 6",2011,1 to 2 bed,All property types,811.97,908.58,-10.6
3,Ranelagh,53.326433,-6.256203,1.45,7,No,"Ranelagh, Dublin 6",2011,1 to 2 bed,Semi detached house,1059.43,952.27,11.3
3,Ranelagh,53.326433,-6.256203,1.45,7,No,"Ranelagh, Dublin 6",2011,1 to 2 bed,Terrace house,1120.94,956.44,17.2
3,Ranelagh,53.326433,-6.256203,1.45,7,No,"Ranelagh, Dublin 6",2011,1 to 2 bed,Apartment,965.89,955.57,1.1
3,Ranelagh,53.326433,-6.256203,1.45,7,No,"Ranelagh, Dublin 6",2011,1 to 2 bed,Other flats,621.85,616.34,0.9
3,Ranelagh,53.326433,-6.256203,1.45,7,No,"Ranelagh, Dublin 6",2011,1 to 3 bed,All property types,929.37,968.77,-4.1
3,Ranelagh,53.326433,-6.256203,1.45,7,No,"Ranelagh, Dublin 6",2011,1 to 3 bed,Semi detached house,1400.94,1061.74,31.9
3,Ranelagh,53.326433,-6.256203,1.45,7,No,"Ranelagh, Dublin 6",2011,1 to 3 bed,Terrace house,1488.86,1043.57,42.7
3,Ranelagh,53.326433,-6.256203,1.45,7,No,"Ranelagh, Dublin 6",2011,1 to 3 bed,Apartment,989.35,986.81,0.3
3,Ranelagh,53.326433,-6.256203,1.45,7,No,"Ranelagh, Dublin 6",2011,1 to 3 bed,Other flats,631.18,630.11,0.2
3,Ranelagh,53.326433,-6.256203,1.45,7,No,"Ranelagh, Dublin 6",2011,Four plus bed,All property types,1947.59,1505.75,29.3
3,Ranelagh,53.326433,-6.256203,1.45,7,No,"Ranelagh, Dublin 6",2011,Four plus bed,Semi detached house,1932.18,1400.85,37.9
3,Ranelagh,53.326433,-6.256203,1.45,7,No,"Ranelagh, Dublin 6",2011,Four plus bed,Terrace house,2116.83,1498.26,41.3
4,Beechwood,53.320822,-6.254653,2.08,9,No,"Ranelagh, Dublin 6",2011,All bedrooms,All property types,1007.92,1011.93,-0.4
4,Beechwood,53.320822,-6.254653,2.08,9,No,"Ranelagh, Dublin 6",2011,All bedrooms,Semi detached house,1556.97,1148.69,35.5
4,Beechwood,53.320822,-6.254653,2.08,9,No,"Ranelagh, Dublin 6",2011,All bedrooms,Terrace house,1656.73,1099.64,50.7
4,Beechwood,53.320822,-6.254653,2.08,9,No,"Ranelagh, Dublin 6",2011,All bedrooms,Apartment,995.54,993.43,0.2
4,Beechwood,53.320822,-6.254653,2.08,9,No,"Ranelagh, Dublin 6",2011,All bedrooms,Other flats,634.89,633.98,0.1
4,Beechwood,53.320822,-6.254653,2.08,9,No,"Ranelagh, Dublin 6",2011,One bed,All property types,667.9,737.67,-9.5
4,Beechwood,53.320822,-6.254653,2.08,9,No,"Ranelagh, Dublin 6",2011,One bed,Apartment,831.39,817.36,1.7
4,Beechwood,53.320822,-6.254653,2.08,9,No,"Ranelagh, Dublin 6",2011,One bed,Other flats,574.07,571.76,0.4
4,Beechwood,53.320822,-6.254653,2.08,9,No,"Ranelagh, Dublin 6",2011,Two bed,All property types,1088.5,1009.49,7.8
4,Beechwood,53.320822,-6.254653,2.08,9,No,"Ranelagh, Dublin 6",2011,Two bed,Semi detached house,1225.78,995.98,23.1
4,Beechwood,53.320822,-6.254653,2.08,9,No,"Ranelagh, Dublin 6",2011,Two bed,Terrace house,1278.81,987.88,29.4
4,Beechwood,53.320822,-6.254653,2.08,9,No,"Ranelagh, Dublin 6",2011,Two bed,Apartment,1122.29,1022.29,9.8
4,Beechwood,53.320822,-6.254653,2.08,9,No,"Ranelagh, Dublin 6",2011,Two bed,Other flats,858.68,818.81,4.9
4,Beechwood,53.320822,-6.254653,2.08,9,No,"Ranelagh, Dublin 6",2011,Three bed,All property types,1662.46,1147.38,44.9
4,Beechwood,53.320822,-6.254653,2.08,9,No,"Ranelagh, Dublin 6",2011,Three bed,Semi detached house,1664.56,1089.3,52.8
4,Beechwood,53.320822,-6.254653,2.08,9,No,"Ranelagh, Dublin 6",2011,Three bed,Terrace house,1739.7,1118.08,55.6
4,Beechwood,53.320822,-6.254653,2.08,9,No,"Ranelagh, Dublin 6",2011,1 to 2 bed,All property types,811.97,908.58,-10.6
4,Beechwood,53.320822,-6.254653,2.08,9,No,"Ranelagh, Dublin 6",2011,1 to 2 bed,Semi detached house,1059.43,952.27,11.3
4,Beechwood,53.320822,-6.254653,2.08,9,No,"Ranelagh, Dublin 6",2011,1 to 2 bed,Terrace house,1120.94,956.44,17.2
4,Beechwood,53.320822,-6.254653,2.08,9,No,"Ranelagh, Dublin 6",2011,1 to 2 bed,Apartment,965.89,955.57,1.1
4,Beechwood,53.320822,-6.254653,2.08,9,No,"Ranelagh, Dublin 6",2011,1 to 2 bed,Other flats,621.85,616.34,0.9
4,Beechwood,53.320822,-6.254653,2.08,9,No,"Ranelagh, Dublin 6",2011,1 to 3 bed,All property types,929.37,968.77,-4.1
4,Beechwood,53.320822,-6.254653,2.08,9,No,"Ranelagh, Dublin 6",2011,1 to 3 bed,Semi detached house,1400.94,1061.74,31.9
4,Beechwood,53.320822,-6.254653,2.08,9,No,"Ranelagh, Dublin 6",2011,1 to 3 bed,Terrace house,1488.86,1043.57,42.7
4,Beechwood,53.320822,-6.254653,2.08,9,No,"Ranelagh, Dublin 6",2011,1 to 3 bed,Apartment,989.35,986.81,0.3
4,Beechwood,53.320822,-6.254653,2.08,9,No,"Ranelagh, Dublin 6",2011,1 to 3 bed,Other flats,631.18,630.11,0.2
4,Beechwood,53.320822,-6.254653,2.08,9,No,"Ranelagh, Dublin 6",2011,Four plus bed,All property types,1947.59,1505.75,29.3
4,Beechwood,53.320822,-6.254653,2.08,9,No,"Ranelagh, Dublin 6",2011,Four plus bed,Semi detached house,1932.18,1400.85,37.9
4,Beechwood,53.320822,-6.254653,2.08,9,No,"Ranelagh, Dublin 6",2011,Four plus bed,Terrace house,2116.83,1498.26,41.3
5,Cowper,53.316467,-6.253447,2.57,11,No,"Ranelagh, Dublin 6",2011,All bedrooms,All property types,1007.92,1011.93,-0.4
5,Cowper,53.316467,-6.253447,2.57,11,No,"Ranelagh, Dublin 6",2011,All bedrooms,Semi detached house,1556.97,1148.69,35.5
5,Cowper,53.316467,-6.253447,2.57,11,No,"Ranelagh, Dublin 6",2011,All bedrooms,Terrace house,1656.73,1099.64,50.7
5,Cowper,53.316467,-6.253447,2.57,11,No,"Ranelagh, Dublin 6",2011,All bedrooms,Apartment,995.54,993.43,0.2
5,Cowper,53.316467,-6.253447,2.57,11,No,"Ranelagh, Dublin 6",2011,All bedrooms,Other flats,634.89,633.98,0.1
5,Cowper,53.316467,-6.253447,2.57,11,No,"Ranelagh, Dublin 6",2011,One bed,All property types,667.9,737.67,-9.5
5,Cowper,53.316467,-6.253447,2.57,11,No,"Ranelagh, Dublin 6",2011,One bed,Apartment,831.39,817.36,1.7
5,Cowper,53.316467,-6.253447,2.57,11,No,"Ranelagh, Dublin 6",2011,One bed,Other flats,574.07,571.76,0.4
5,Cowper,53.316467,-6.253447,2.57,11,No,"Ranelagh, Dublin 6",2011,Two bed,All property types,1088.5,1009.49,7.8
5,Cowper,53.316467,-6.253447,2.57,11,No,"Ranelagh, Dublin 6",2011,Two bed,Semi detached house,1225.78,995.98,23.1
5,Cowper,53.316467,-6.253447,2.57,11,No,"Ranelagh, Dublin 6",2011,Two bed,Terrace house,1278.81,987.88,29.4
5,Cowper,53.316467,-6.253447,2.57,11,No,"Ranelagh, Dublin 6",2011,Two bed,Apartment,1122.29,1022.29,9.8
5,Cowper,53.316467,-6.253447,2.57,11,No,"Ranelagh, Dublin 6",2011,Two bed,Other flats,858.68,818.81,4.9
5,Cowper,53.316467,-6.253447,2.57,11,No,"Ranelagh, Dublin 6",2011,Three bed,All property types,1662.46,1147.38,44.9
5,Cowper,53.316467,-6.253447,2.57,11,No,"Ranelagh, Dublin 6",2011,Three bed,Semi detached house,1664.56,1089.3,52.8
5,Cowper,53.316467,-6.253447,2.57,11,No,"Ranelagh, Dublin 6",2011,Three bed,Terrace house,1739.7,1118.08,55.6
5,Cowper,53.316467,-6.253447,2.57,11,No,"Ranelagh, Dublin 6",2011,1 to 2 bed,All property types,811.97,908.58,-10.6
5,Cowper,53.316467,-6.253447,2.57,11,No,"Ranelagh, Dublin 6",2011,1 to 2 bed,Semi detached house,1059.43,952.27,11.3
5,Cowper,53.316467,-6.253447,2.57,11,No,"Ranelagh, Dublin 6",2011,1 to 2 bed,Terrace house,1120.94,956.44,17.2
5,Cowper,53.316467,-6.253447,2.57,11,No,"Ranelagh, Dublin 6",2011,1 to 2 bed,Apartment,965.89,955.57,1.1
5,Cowper,53.316467,-6.253447,2.57,11,No,"Ranelagh, Dublin 6",2011,1 to 2 bed,Other flats,621.85,616.34,0.9
5,Cowper,53.316467,-6.253447,2.57,11,No,"Ranelagh, Dublin 6",2011,1 to 3 bed,All property types,929.37,968.77,-4.1
5,Cowper,53.316467,-6.253447,2.57,11,No,"Ranelagh, Dublin 6",2011,1 to 3 bed,Semi detached house,1400.94,1061.74,31.9
5,Cowper,53.316467,-6.253447,2.57,11,No,"Ranelagh, Dublin 6",2011,1 to 3 bed,Terrace house,1488.86,1043.57,42.7
5,Cowper,53.316467,-6.253447,2.57,11,No,"Ranelagh, Dublin 6",2011,1 to 3 bed,Apartment,989.35,986.81,0.3
5,Cowper,53.316467,-6.253447,2.57,11,No,"Ranelagh, Dublin 6",2011,1 to 3 bed,Other flats,631.18,630.11,0.2
5,Cowper,53.316467,-6.253447,2.57,11,No,"Ranelagh, Dublin 6",2011,Four plus bed,All property types,1947.59,1505.75,29.3
5,Cowper,53.316467,-6.253447,2.57,11,No,"Ranelagh, Dublin 6",2011,Four plus bed,Semi detached house,1932.18,1400.85,37.9
5,Cowper,53.316467,-6.253447,2.57,11,No,"Ranelagh, Dublin 6",2011,Four plus bed,Terrace house,2116.83,1498.26,41.3
6,Milltown,53.309917,-6.251728,3.3,13,No,"Milltown, Dublin 6",2011,All bedrooms,All property types,1251.83,1011.93,23.7
6,Milltown,53.309917,-6.251728,3.3,13,No,"Milltown, Dublin 6",2011,All bedrooms,Semi detached house,1481.25,1148.69,29.0
6,Milltown,53.309917,-6.251728,3.3,13,No,"Milltown, Dublin 6",2011,All bedrooms,Terrace house,1291.2,1099.64,17.4
6,Milltown,53.309917,-6.251728,3.3,13,No,"Milltown, Dublin 6",2011,All bedrooms,Apartment,1218.4,993.43,22.6
6,Milltown,53.309917,-6.251728,3.3,13,No,"Milltown, Dublin 6",2011,One bed,All property types,958.36,737.67,29.9
6,Milltown,53.309917,-6.251728,3.3,13,No,"Milltown, Dublin 6",2011,One bed,Apartment,1003.93,817.36,22.8
6,Milltown,53.309917,-6.251728,3.3,13,No,"Milltown, Dublin 6",2011,Two bed,All property types,1231.33,1009.49,22.0
6,Milltown,53.309917,-6.251728,3.3,13,No,"Milltown, Dublin 6",2011,Two bed,Terrace house,1155.13,987.88,16.9
6,Milltown,53.309917,-6.251728,3.3,13,No,"Milltown, Dublin 6",2011,Two bed,Apartment,1252.53,1022.29,22.5
6,Milltown,53.309917,-6.251728,3.3,13,No,"Milltown, Dublin 6",2011,Three bed,All property types,1459.64,1147.38,27.2
6,Milltown,53.309917,-6.251728,3.3,13,No,"Milltown, Dublin 6",2011,Three bed,Terrace house,1339.31,1118.08,19.8
6,Milltown,53.309917,-6.251728,3.3,13,No,"Milltown, Dublin 6",2011,Three bed,Apartment,1531.7,1274.5,20.2
6,Milltown,53.309917,-6.251728,3.3,13,No,"Milltown, Dublin 6",2011,1 to 2 bed,All property types,1142.35,908.58,25.7
6,Milltown,53.309917,-6.251728,3.3,13,No,"Milltown, Dublin 6",2011,1 to 2 bed,Terrace house,1113.07,956.44,16.4
6,Milltown,53.309917,-6.251728,3.3,13,No,"Milltown, Dublin 6",2011,1 to 2 bed,Apartment,1168.2,955.57,22.3
6,Milltown,53.309917,-6.251728,3.3,13,No,"Milltown, Dublin 6",2011,1 to 3 bed,All property types,1210.21,968.77,24.9
6,Milltown,53.309917,-6.251728,3.3,13,No,"Milltown, Dublin 6",2011,1 to 3 bed,Semi detached house,1212.5,1061.74,14.2
6,Milltown,53.309917,-6.251728,3.3,13,No,"Milltown, Dublin 6",2011,1 to 3 bed,Terrace house,1214.88,1043.57,16.4
6,Milltown,53.309917,-6.251728,3.3,13,No,"Milltown, Dublin 6",2011,1 to 3 bed,Apartment,1217.34,986.81,23.4
7,Windy Arbour,53.301558,-6.250708,4.23,15,No,"Churchtown, Dublin 14",2011,All bedrooms,All property types,1281.49,1011.93,26.6
7,Windy Arbour,53.301558,-6.250708,4.23,15,No,"Churchtown, Dublin 14",2011,All bedrooms,Semi detached house,1379.86,1148.69,20.1
7,Windy Arbour,53.301558,-6.250708,4.23,15,No,"Churchtown, Dublin 14",2011,All bedrooms,Terrace house,1245.75,1099.64,13.3
7,Windy Arbour,53.301558,-6.250708,4.23,15,No,"Churchtown, Dublin 14",2011,All bedrooms,Apartment,1069.39,993.43,7.6
7,Windy Arbour,53.301558,-6.250708,4.23,15,No,"Churchtown, Dublin 14",2011,Two bed,All property types,1096.72,1009.49,8.6
7,Windy Arbour,53.301558,-6.250708,4.23,15,No,"Churchtown, Dublin 14",2011,Two bed,Apartment,1114.0,1022.29,9.0
7,Windy Arbour,53.301558,-6.250708,4.23,15,No,"Churchtown, Dublin 14",2011,Three bed,All property types,1272.09,1147.38,10.9
7,Windy Arbour,53.301558,-6.250708,4.23,15,No,"Churchtown, Dublin 14",2011,Three bed,Semi detached house,1266.15,1089.3,16.2
7,Windy Arbour,53.301558,-6.250708,4.23,15,No,"Churchtown, Dublin 14",2011,1 to 2 bed,All property types,1054.46,908.58,16.1
7,Windy Arbour,53.301558,-6.250708,4.23,15,No,"Churchtown, Dublin 14",2011,1 to 2 bed,Apartment,1048.81,955.57,9.8
7,Windy Arbour,53.301558,-6.250708,4.23,15,No,"Churchtown, Dublin 14",2011,1 to 3 bed,All property types,1157.87,968.77,19.5
7,Windy Arbour,53.301558,-6.250708,4.23,15,No,"Churchtown, Dublin 14",2011,1 to 3 bed,Semi detached house,1251.67,1061.74,17.9
7,Windy Arbour,53.301558,-6.250708,4.23,15,No,"Churchtown, Dublin 14",2011,1 to 3 bed,Terrace house,1181.39,1043.57,13.2
7,Windy Arbour,53.301558,-6.250708,4.23,15,No,"Churchtown, Dublin 14",2011,1 to 3 bed,Apartment,1056.38,986.81,7.0
7,Windy Arbour,53.301558,-6.250708,4.23,15,No,"Churchtown, Dublin 14",2011,Four plus bed,All property types,1677.61,1505.75,11.4
8,Dundrum,53.292358,-6.245117,5.3,17,No,"Dundrum, Dublin 16",2011,All bedrooms,All property types,1186.2,1011.93,17.2
8,Dundrum,53.292358,-6.245117,5.3,17,No,"Dundrum, Dublin 16",2011,All bedrooms,Detached house,1514.59,1447.1,4.7
8,Dundrum,53.292358,-6.245117,5.3,17,No,"Dundrum, Dublin 16",2011,All bedrooms,Semi detached house,1370.24,1148.69,19.3
8,Dundrum,53.292358,-6.245117,5.3,17,No,"Dundrum, Dublin 16",2011,All bedrooms,Terrace house,1253.46,1099.64,14.0
8,Dundrum,53.292358,-6.245117,5.3,17,No,"Dundrum, Dublin 16",2011,All bedrooms,Apartment,1129.82,993.43,13.7
8,Dundrum,53.292358,-6.245117,5.3,17,No,"Dundrum, Dublin 16",2011,One bed,All property types,929.3,737.67,26.0
8,Dundrum,53.292358,-6.245117,5.3,17,No,"Dundrum, Dublin 16",2011,One bed,Apartment,945.7,817.36,15.7
8,Dundrum,53.292358,-6.245117,5.3,17,No,"Dundrum, Dublin 16",2011,Two bed,All property types,1140.61,1009.49,13.0
8,Dundrum,53.292358,-6.245117,5.3,17,No,"Dundrum, Dublin 16",2011,Two bed,Terrace house,1125.0,987.88,13.9
8,Dundrum,53.292358,-6.245117,5.3,17,No,"Dundrum, Dublin 16",2011,Two bed,Apartment,1143.77,1022.29,11.9
8,Dundrum,53.292358,-6.245117,5.3,17,No,"Dundrum, Dublin 16",2011,Three bed,All property types,1366.35,1147.38,19.1
8,Dundrum,53.292358,-6.245117,5.3,17,No,"Dundrum, Dublin 16",2011,Three bed,Semi detached house,1273.38,1089.3,16.9
8,Dundrum,53.292358,-6.245117,5.3,17,No,"Dundrum, Dublin 16",2011,Three bed,Terrace house,1319.23,1118.08,18.0
8,Dundrum,53.292358,-6.245117,5.3,17,No,"Dundrum, Dublin 16",2011,Three bed,Apartment,1533.18,1274.5,20.3
8,Dundrum,53.292358,-6.245117,5.3,17,No,"Dundrum, Dublin 16",2011,1 to 2 bed,All property types,1090.02,908.58,20.0
8,Dundrum,53.292358,-6.245117,5.3,17,No,"Dundrum, Dublin 16",2011,1 to 2 bed,Terrace house,1125.0,956.44,17.6
8,Dundrum,53.292358,-6.245117,5.3,17,No,"Dundrum, Dublin 16",2011,1 to 2 bed,Apartment,1094.96,955.57,14.6
8,Dundrum,53.292358,-6.245117,5.3,17,No,"Dundrum, Dublin 16",2011,1 to 3 bed,All property types,1145.9,968.77,18.3
8,Dundrum,53.292358,-6.245117,5.3,17,No,"Dundrum, Dublin 16",2011,1 to 3 bed,Semi detached house,1238.91,1061.74,16.7
8,Dundrum,53.292358,-6.245117,5.3,17,No,"Dundrum, Dublin 16",2011,1 to 3 bed,Terrace house,1223.31,1043.57,17.2
8,Dundrum,53.292358,-6.245117,5.3,17,No,"Dundrum, Dublin 16",2011,1 to 3 bed,Apartment,1129.99,986.81,14.5
8,Dundrum,53.292358,-6.245117,5.3,17,No,"Dundrum, Dublin 16",2011,Four plus bed,All property types,1629.0,1505.75,8.2
8,Dundrum,53.292358,-6.245117,5.3,17,No,"Dundrum, Dublin 16",2011,Four plus bed,Semi detached house,1611.88,1400.85,15.1
9,Balally,53.286106,-6.236772,6.11,19,Yes,"Dundrum, Dublin 16",2011,All bedrooms,All property types,1186.2,1011.93,17.2
9,Balally,53.286106,-6.236772,6.11,19,Yes,"Dundrum, Dublin 16",2011,All bedrooms,Detached house,1514.59,1447.1,4.7
9,Balally,53.286106,-6.236772,6.11,19,Yes,"Dundrum, Dublin 16",2011,All bedrooms,Semi detached house,1370.24,1148.69,19.3
9,Balally,53.286106,-6.236772,6.11,19,Yes,"Dundrum, Dublin 16",2011,All bedrooms,Terrace house,1253.46,1099.64,14.0
9,Balally,53.286106,-6.236772,6.11,19,Yes,"Dundrum, Dublin 16",2011,All bedrooms,Apartment,1129.82,993.43,13.7
9,Balally,53.286106,-6.236772,6.11,19,Yes,"Dundrum, Dublin 16",2011,One bed,All property types,929.3,737.67,26.0
9,Balally,53.286106,-6.236772,6.11,19,Yes,"Dundrum, Dublin 16",2011,One bed,Apartment,945.7,817.36,15.7
9,Balally,53.286106,-6.236772,6.11,19,Yes,"Dundrum, Dublin 16",2011,Two bed,All property types,1140.61,1009.49,13.0
9,Balally,53.286106,-6.236772,6.11,19,Yes,"Dundrum, Dublin 16",2011,Two bed,Terrace house,1125.0,987.88,13.9
9,Balally,53.286106,-6.236772,6.11,19,Yes,"Dundrum, Dublin 16",2011,Two bed,Apartment,1143.77,1022.29,11.9
9,Balally,53.286106,-6.236772,6.11,19,Yes,"Dundrum, Dublin 16",2011,Three bed,All property types,1366.35,1147.38,19.1
9,Balally,53.286106,-6.236772,6.11,19,Yes,"Dundrum, Dublin 16",2011,Three bed,Semi detached house,1273.38,1089.3,16.9
9,Balally,53.286106,-6.236772,6.11,19,Yes,"Dundrum, Dublin 16",2011,Three bed,Terrace house,1319.23,1118.08,18.0
9,Balally,53.286106,-6.236772,6.11,19,Yes,"Dundrum, Dublin 16",2011,Three bed,Apartment,1533.18,1274.5,20.3
9,Balally,53.286106,-6.236772,6.11,19,Yes,"Dundrum, Dublin 16",2011,1 to 2 bed,All property types,1090.02,908.58,20.0
9,Balally,53.286106,-6.236772,6.11,19,Yes,"Dundrum, Dublin 16",2011,1 to 2 bed,Terrace house,1125.0,956.44,17.6
9,Balally,53.286106,-6.236772,6.11,19,Yes,"Dundrum, Dublin 16",2011,1 to 2 bed,Apartment,1094.96,955.57,14.6
9,Balally,53.286106,-6.236772,6.11,19,Yes,"Dundrum, Dublin 16",2011,1 to 3 bed,All property types,1145.9,968.77,18.3
9,Balally,53.286106,-6.236772,6.11,19,Yes,"Dundrum, Dublin 16",2011,1 to 3 bed,Semi detached house,1238.91,1061.74,16.7
9,Balally,53.286106,-6.236772,6.11,19,Yes,"Dundrum, Dublin 16",2011,1 to 3 bed,Terrace house,1223.31,1043.57,17.2
9,Balally,53.286106,-6.236772,6.11,19,Yes,"Dundrum, Dublin 16",2011,1 to 3 bed,Apartment,1129.99,986.81,14.5
9,Balally,53.286106,-6.236772,6.11,19,Yes,"Dundrum, Dublin 16",2011,Four plus bed,All property types,1629.0,1505.75,8.2
9,Balally,53.286106,-6.236772,6.11,19,Yes,"Dundrum, Dublin 16",2011,Four plus bed,Semi detached house,1611.88,1400.85,15.1
10,Kilmacud,53.283008,-6.223886,6.71,21,No,"Stillorgan, Dublin",2011,All bedrooms,All property types,1252.93,1011.93,23.8
10,Kilmacud,53.283008,-6.223886,6.71,21,No,"Stillorgan, Dublin",2011,All bedrooms,Detached house,1682.5,1447.1,16.3
10,Kilmacud,53.283008,-6.223886,6.71,21,No,"Stillorgan, Dublin",2011,All bedrooms,Semi detached house,1458.84,1148.69,27.0
10,Kilmacud,53.283008,-6.223886,6.71,21,No,"Stillorgan, Dublin",2011,All bedrooms,Terrace house,1300.07,1099.64,18.2
10,Kilmacud,53.283008,-6.223886,6.71,21,No,"Stillorgan, Dublin",2011,All bedrooms,Apartment,1164.55,993.43,17.2
10,Kilmacud,53.283008,-6.223886,6.71,21,No,"Stillorgan, Dublin",2011,One bed,All property types,909.85,737.67,23.3
10,Kilmacud,53.283008,-6.223886,6.71,21,No,"Stillorgan, Dublin",2011,One bed,Apartment,925.8,817.36,13.3
10,Kilmacud,53.283008,-6.223886,6.71,21,No,"Stillorgan, Dublin",2011,Two bed,All property types,1147.21,1009.49,13.6
10,Kilmacud,53.283008,-6.223886,6.71,21,No,"Stillorgan, Dublin",2011,Two bed,Apartment,1151.26,1022.29,12.6
10,Kilmacud,53.283008,-6.223886,6.71,21,No,"Stillorgan, Dublin",2011,Three bed,All property types,1398.06,1147.38,21.8
10,Kilmacud,53.283008,-6.223886,6.71,21,No,"Stillorgan, Dublin",2011,Three bed,Semi detached house,1335.27,1089.3,22.6
10,Kilmacud,53.283008,-6.223886,6.71,21,No,"Stillorgan, Dublin",2011,Three bed,Apartment,1475.14,1274.5,15.7
10,Kilmacud,53.283008,-6.223886,6.71,21,No,"Stillorgan, Dublin",2011,1 to 2 bed,All property types,1094.21,908.58,20.4
10,Kilmacud,53.283008,-6.223886,6.71,21,No,"Stillorgan, Dublin",2011,1 to 2 bed,Apartment,1100.08,955.57,15.1
10,Kilmacud,53.283008,-6.223886,6.71,21,No,"Stillorgan, Dublin",2011,1 to 3 bed,All property types,1177.15,968.77,21.5
10,Kilmacud,53.283008,-6.223886,6.71,21,No,"Stillorgan, Dublin",2011,1 to 3 bed,Semi detached house,1296.69,1061.74,22.1
10,Kilmacud,53.283008,-6.223886,6.71,21,No,"Stillorgan, Dublin",2011,1 to 3 bed,Terrace house,1227.97,1043.57,17.7
10,Kilmacud,53.283008,-6.223886,6.71,21,No,"Stillorgan, Dublin",2011,1 to 3 bed,Apartment,1155.52,986.81,17.1
10,Kilmacud,53.283008,-6.223886,6.71,21,No,"Stillorgan, Dublin",2011,Four plus bed,All property types,1681.72,1505.75,11.7
10,Kilmacud,53.283008,-6.223886,6.71,21,No,"Stillorgan, Dublin",2011,Four plus bed,Detached house,1753.33,1744.71,0.5
10,Kilmacud,53.283008,-6.223886,6.71,21,No,"Stillorgan, Dublin",2011,Four plus bed,Semi detached house,1725.24,1400.85,23.2
11,Stillorgan,53.279311,-6.209919,7.47,22,Yes,"Stillorgan, Dublin",2011,All bedrooms,All property types,1252.93,1011.93,23.8
11,Stillorgan,53.279311,-6.209919,7.47,22,Yes,"Stillorgan, Dublin",2011,All bedrooms,Detached house,1682.5,1447.1,16.3
11,Stillorgan,53.279311,-6.209919,7.47,22,Yes,"Stillorgan, Dublin",2011,All bedrooms,Semi detached house,1458.84,1148.69,27.0
11,Stillorgan,53.279311,-6.209919,7.47,22,Yes,"Stillorgan, Dublin",2011,All bedrooms,Terrace house,1300.07,1099.64,18.2
11,Stillorgan,53.279311,-6.209919,7.47,22,Yes,"Stillorgan, Dublin",2011,All bedrooms,Apartment,1164.55,993.43,17.2
11,Stillorgan,53.279311,-6.209919,7.47,22,Yes,"Stillorgan, Dublin",2011,One bed,All property types,909.85,737.67,23.3
11,Stillorgan,53.279311,-6.209919,7.47,22,Yes,"Stillorgan, Dublin",2011,One bed,Apartment,925.8,817.36,13.3
11,Stillorgan,53.279311,-6.209919,7.47,22,Yes,"Stillorgan, Dublin",2011,Two bed,All property types,1147.21,1009.49,13.6
11,Stillorgan,53.279311,-6.209919,7.47,22,Yes,"Stillorgan, Dublin",2011,Two bed,Apartment,1151.26,1022.29,12.6
11,Stillorgan,53.279311,-6.209919,7.47,22,Yes,"Stillorgan, Dublin",2011,Three bed,All property types,1398.06,1147.38,21.8
11,Stillorgan,53.279311,-6.209919,7.47,22,Yes,"Stillorgan, Dublin",2011,Three bed,Semi detached house,1335.27,1089.3,22.6
11,Stillorgan,53.279311,-6.209919,7.47,22,Yes,"Stillorgan, Dublin",2011,Three bed,Apartment,1475.14,1274.5,15.7
11,Stillorgan,53.279311,-6.209919,7.47,22,Yes,"Stillorgan, Dublin",2011,1 to 2 bed,All property types,1094.21,908.58,20.4
11,Stillorgan,53.279311,-6.209919,7.47,22,Yes,"Stillorgan, Dublin",2011,1 to 2 bed,Apartment,1100.08,955.57,15.1
11,Stillorgan,53.279311,-6.209919,7.47,22,Yes,"Stillorgan, Dublin",2011,1 to 3 bed,All property types,1177.15,968.77,21.5
11,Stillorgan,53.279311,-6.209919,7.47,22,Yes,"Stillorgan, Dublin",2011,1 to 3 bed,Semi detached house,1296.69,1061.74,22.1
11,Stillorgan,53.279311,-6.209919,7.47,22,Yes,"Stillorgan, Dublin",2011,1 to 3 bed,Terrace house,1227.97,1043.57,17.7
11,Stillorgan,53.279311,-6.209919,7.47,22,Yes,"Stillorgan, Dublin",2011,1 to 3 bed,Apartment,1155.52,986.81,17.1
11,Stillorgan,53.279311,-6.209919,7.47,22,Yes,"Stillorgan, Dublin",2011,Four plus bed,All property types,1681.72,1505.75,11.7
11,Stillorgan,53.279311,-6.209919,7.47,22,Yes,"Stillorgan, Dublin",2011,Four plus bed,Detached house,1753.33,1744.71,0.5
11,Stillorgan,53.279311,-6.209919,7.47,22,Yes,"Stillorgan, Dublin",2011,Four plus bed,Semi detached house,1725.24,1400.85,23.2
12,Sandyford,53.277603,-6.204678,7.8,24,Yes,"Sandyford, Dublin 18",2011,All bedrooms,All property types,1112.55,1011.93,9.9
12,Sandyford,53.277603,-6.204678,7.8,24,Yes,"Sandyford, Dublin 18",2011,All bedrooms,Semi detached house,1263.33,1148.69,10.0
12,Sandyford,53.277603,-6.204678,7.8,24,Yes,"Sandyford, Dublin 18",2011,All bedrooms,Terrace house,1212.83,1099.64,10.3
12,Sandyford,53.277603,-6.204678,7.8,24,Yes,"Sandyford, Dublin 18",2011,All bedrooms,Apartment,1094.01,993.43,10.1
12,Sandyford,53.277603,-6.204678,7.8,24,Yes,"Sandyford, Dublin 18",2011,One bed,All property types,907.62,737.67,23.0
12,Sandyford,53.277603,-6.204678,7.8,24,Yes,"Sandyford, Dublin 18",2011,One bed,Apartment,916.96,817.36,12.2
12,Sandyford,53.277603,-6.204678,7.8,24,Yes,"Sandyford, Dublin 18",2011,Two bed,All property types,1104.45,1009.49,9.4
12,Sandyford,53.277603,-6.204678,7.8,24,Yes,"Sandyford, Dublin 18",2011,Two bed,Apartment,1105.18,1022.29,8.1
12,Sandyford,53.277603,-6.204678,7.8,24,Yes,"Sandyford, Dublin 18",2011,Three bed,All property types,1255.61,1147.38,9.4
12,Sandyford,53.277603,-6.204678,7.8,24,Yes,"Sandyford, Dublin 18",2011,Three bed,Semi detached house,1187.77,1089.3,9.0
12,Sandyford,53.277603,-6.204678,7.8,24,Yes,"Sandyford, Dublin 18",2011,Three bed,Apartment,1301.59,1274.5,2.1
12,Sandyford,53.277603,-6.204678,7.8,24,Yes,"Sandyford, Dublin 18",2011,1 to 2 bed,All property types,1054.63,908.58,16.1
12,Sandyford,53.277603,-6.204678,7.8,24,Yes,"Sandyford, Dublin 18",2011,1 to 2 bed,Apartment,1059.52,955.57,10.9
12,Sandyford,53.277603,-6.204678,7.8,24,Yes,"Sandyford, Dublin 18",2011,1 to 3 bed,All property types,1096.54,968.77,13.2
12,Sandyford,53.277603,-6.204678,7.8,24,Yes,"Sandyford, Dublin 18",2011,1 to 3 bed,Semi detached house,1173.99,1061.74,10.6
12,Sandyford,53.277603,-6.204678,7.8,24,Yes,"Sandyford, Dublin 18",2011,1 to 3 bed,Apartment,1094.04,986.81,10.9
12,Sandyford,53.277603,-6.204678,7.8,24,Yes,"Sandyford, Dublin 18",2011,Four plus bed,All property types,1403.63,1505.75,-6.8
12,Sandyford,53.277603,-6.204678,7.8,24,Yes,"Sandyford, Dublin 18",2011,Four plus bed,Semi detached house,1397.35,1400.85,-0.2
13,Central Park,53.27015,-6.203764,8.57,26,No,"Leopardstown, Dublin 18",2011,All bedrooms,All property types,1231.52,1011.93,21.7
13,Central Park,53.27015,-6.203764,8.57,26,No,"Leopardstown, Dublin 18",2011,All bedrooms,Semi detached house,1275.53,1148.69,11.0
13,Central Park,53.27015,-6.203764,8.57,26,No,"Leopardstown, Dublin 18",2011,All bedrooms,Apartment,1189.76,993.43,19.8
13,Central Park,53.27015,-6.203764,8.57,26,No,"Leopardstown, Dublin 18",2011,One bed,All property types,1026.11,737.67,39.1
13,Central Park,53.27015,-6.203764,8.57,26,No,"Leopardstown, Dublin 18",2011,One bed,Apartment,1026.11,817.36,25.5
13,Central Park,53.27015,-6.203764,8.57,26,No,"Leopardstown, Dublin 18",2011,Two bed,All property types,1192.32,1009.49,18.1
13,Central Park,53.27015,-6.203764,8.57,26,No,"Leopardstown, Dublin 18",2011,Two bed,Apartment,1188.78,1022.29,16.3
13,Central Park,53.27015,-6.203764,8.57,26,No,"Leopardstown, Dublin 18",2011,Three bed,All property types,1277.9,1147.38,11.4
13,Central Park,53.27015,-6.203764,8.57,26,No,"Leopardstown, Dublin 18",2011,Three bed,Semi detached house,1202.22,1089.3,10.4
13,Central Park,53.27015,-6.203764,8.57,26,No,"Leopardstown, Dublin 18",2011,1 to 2 bed,All property types,1157.21,908.58,27.4
13,Central Park,53.27015,-6.203764,8.57,26,No,"Leopardstown, Dublin 18",2011,1 to 2 bed,Apartment,1153.76,955.57,20.7
13,Central Park,53.27015,-6.203764,8.57,26,No,"Leopardstown, Dublin 18",2011,1 to 3 bed,All property types,1198.8,968.77,23.7
13,Central Park,53.27015,-6.203764,8.57,26,No,"Leopardstown, Dublin 18",2011,1 to 3 bed,Semi detached house,1204.06,1061.74,13.4
13,Central Park,53.27015,-6.203764,8.57,26,No,"Leopardstown, Dublin 18",2011,1 to 3 bed,Apartment,1189.19,986.81,20.5
13,Central Park,53.27015,-6.203764,8.57,26,No,"Leopardstown, Dublin 18",2011,Four plus bed,All property types,1462.72,1505.75,-2.9
13,Central Park,53.27015,-6.203764,8.57,26,No,"Leopardstown, Dublin 18",2011,Four plus bed,Semi detached house,1448.79,1400.85,3.4
14,Glencairn,53.266336,-6.209942,8.78,28,No,"Leopardstown, Dublin 18",2011,All bedrooms,All property types,1231.52,1011.93,21.7
14,Glencairn,53.266336,-6.209942,8.78,28,No,"Leopardstown, Dublin 18",2011,All bedrooms,Semi detached house,1275.53,1148.69,11.0
14,Glencairn,53.266336,-6.209942,8.78,28,No,"Leopardstown, Dublin 18",2011,All bedrooms,Apartment,1189.76,993.43,19.8
14,Glencairn,53.266336,-6.209942,8.78,28,No,"Leopardstown, Dublin 18",2011,One bed,All property types,1026.11,737.67,39.1
14,Glencairn,53.266336,-6.209942,8.78,28,No,"Leopardstown, Dublin 18",2011,One bed,Apartment,1026.11,817.36,25.5
14,Glencairn,53.266336,-6.209942,8.78,28,No,"Leopardstown, Dublin 18",2011,Two bed,All property types,1192.32,1009.49,18.1
14,Glencairn,53.266336,-6.209942,8.78,28,No,"Leopardstown, Dublin 18",2011,Two bed,Apartment,1188.78,1022.29,16.3
14,Glencairn,53.266336,-6.209942,8.78,28,No,"Leopardstown, Dublin 18",2011,Three bed,All property types,1277.9,1147.38,11.4
14,Glencairn,53.266336,-6.209942,8.78,28,No,"Leopardstown, Dublin 18",2011,Three bed,Semi detached house,1202.22,1089.3,10.4
14,Glencairn,53.266336,-6.209942,8.78,28,No,"Leopardstown, Dublin 18",2011,1 to 2 bed,All property types,1157.21,908.58,27.4
14,Glencairn,53.266336,-6.209942,8.78,28,No,"Leopardstown, Dublin 18",2011,1 to 2 bed,Apartment,1153.76,955.57,20.7
14,Glencairn,53.266336,-6.209942,8.78,28,No,"Leopardstown, Dublin 18",2011,1 to 3 bed,All property types,1198.8,968.77,23.7
14,Glencairn,53.266336,-6.209942,8.78,28,No,"Leopardstown, Dublin 18",2011,1 to 3 bed,Semi detached house,1204.06,1061.74,13.4
14,Glencairn,53.266336,-6.209942,8.78,28,No,"Leopardstown, Dublin 18",2011,1 to 3 bed,Apartment,1189.19,986.81,20.5
14,Glencairn,53.266336,-6.209942,8.78,28,No,"Leopardstown, Dublin 18",2011,Four plus bed,All property types,1462.72,1505.75,-2.9
14,Glencairn,53.266336,-6.209942,8.78,28,No,"Leopardstown, Dublin 18",2011,Four plus bed,Semi detached house,1448.79,1400.85,3.4
15,The Gallops,53.261164,-6.206022,9.41,29,No,"Leopardstown, Dublin 18",2011,All bedrooms,All property types,1231.52,1011.93,21.7
15,The Gallops,53.261164,-6.206022,9.41,29,No,"Leopardstown, Dublin 18",2011,All bedrooms,Semi detached house,1275.53,1148.69,11.0
15,The Gallops,53.261164,-6.206022,9.41,29,No,"Leopardstown, Dublin 18",2011,All bedrooms,Apartment,1189.76,993.43,19.8
15,The Gallops,53.261164,-6.206022,9.41,29,No,"Leopardstown, Dublin 18",2011,One bed,All property types,1026.11,737.67,39.1
15,The Gallops,53.261164,-6.206022,9.41,29,No,"Leopardstown, Dublin 18",2011,One bed,Apartment,1026.11,817.36,25.5
15,The Gallops,53.261164,-6.206022,9.41,29,No,"Leopardstown, Dublin 18",2011,Two bed,All property types,1192.32,1009.49,18.1
15,The Gallops,53.261164,-6.206022,9.41,29,No,"Leopardstown, Dublin 18",2011,Two bed,Apartment,1188.78,1022.29,16.3
15,The Gallops,53.261164,-6.206022,9.41,29,No,"Leopardstown, Dublin 18",2011,Three bed,All property types,1277.9,1147.38,11.4
15,The Gallops,53.261164,-6.206022,9.41,29,No,"Leopardstown, Dublin 18",2011,Three bed,Semi detached house,1202.22,1089.3,10.4
15,The Gallops,53.261164,-6.206022,9.41,29,No,"Leopardstown, Dublin 18",2011,1 to 2 bed,All property types,1157.21,908.58,27.4
15,The Gallops,53.261164,-6.206022,9.41,29,No,"Leopardstown, Dublin 18",2011,1 to 2 bed,Apartment,1153.76,955.57,20.7
15,The Gallops,53.261164,-6.206022,9.41,29,No,"Leopardstown, Dublin 18",2011,1 to 3 bed,All property types,1198.8,968.77,23.7
15,The Gallops,53.261164,-6.206022,9.41,29,No,"Leopardstown, Dublin 18",2011,1 to 3 bed,Semi detached house,1204.06,1061.74,13.4
15,The Gallops,53.261164,-6.206022,9.41,29,No,"Leopardstown, Dublin 18",2011,1 to 3 bed,Apartment,1189.19,986.81,20.5
15,The Gallops,53.261164,-6.206022,9.41,29,No,"Leopardstown, Dublin 18",2011,Four plus bed,All property types,1462.72,1505.75,-2.9
15,The Gallops,53.261164,-6.206022,9.41,29,No,"Leopardstown, Dublin 18",2011,Four plus bed,Semi detached house,1448.79,1400.85,3.4
16,Leopardstown Valley,53.258247,-6.198361,9.91,31,No,"Leopardstown, Dublin 18",2011,All bedrooms,All property types,1231.52,1011.93,21.7
16,Leopardstown Valley,53.258247,-6.198361,9.91,31,No,"Leopardstown, Dublin 18",2011,All bedrooms,Semi detached house,1275.53,1148.69,11.0
16,Leopardstown Valley,53.258247,-6.198361,9.91,31,No,"Leopardstown, Dublin 18",2011,All bedrooms,Apartment,1189.76,993.43,19.8
16,Leopardstown Valley,53.258247,-6.198361,9.91,31,No,"Leopardstown, Dublin 18",2011,One bed,All property types,1026.11,737.67,39.1
16,Leopardstown Valley,53.258247,-6.198361,9.91,31,No,"Leopardstown, Dublin 18",2011,One bed,Apartment,1026.11,817.36,25.5
16,Leopardstown Valley,53.258247,-6.198361,9.91,31,No,"Leopardstown, Dublin 18",2011,Two bed,All property types,1192.32,1009.49,18.1
16,Leopardstown Valley,53.258247,-6.198361,9.91,31,No,"Leopardstown, Dublin 18",2011,Two bed,Apartment,1188.78,1022.29,16.3
16,Leopardstown Valley,53.258247,-6.198361,9.91,31,No,"Leopardstown, Dublin 18",2011,Three bed,All property types,1277.9,1147.38,11.4
16,Leopardstown Valley,53.258247,-6.198361,9.91,31,No,"Leopardstown, Dublin 18",2011,Three bed,Semi detached house,1202.22,1089.3,10.4
16,Leopardstown Valley,53.258247,-6.198361,9.91,31,No,"Leopardstown, Dublin 18",2011,1 to 2 bed,All property types,1157.21,908.58,27.4
16,Leopardstown Valley,53.258247,-6.198361,9.91,31,No,"Leopardstown, Dublin 18",2011,1 to 2 bed,Apartment,1153.76,955.57,20.7
16,Leopardstown Valley,53.258247,-6.198361,9.91,31,No,"Leopardstown, Dublin 18",2011,1 to 3 bed,All property types,1198.8,968.77,23.7
16,Leopardstown Valley,53.258247,-6.198361,9.91,31,No,"Leopardstown, Dublin 18",2011,1 to 3 bed,Semi detached house,1204.06,1061.74,13.4
16,Leopardstown Valley,53.258247,-6.198361,9.91,31,No,"Leopardstown, Dublin 18",2011,1 to 3 bed,Apartment,1189.19,986.81,20.5
16,Leopardstown Valley,53.258247,-6.198361,9.91,31,No,"Leopardstown, Dublin 18",2011,Four plus bed,All property types,1462.72,1505.75,-2.9
16,Leopardstown Valley,53.258247,-6.198361,9.91,31,No,"Leopardstown, Dublin 18",2011,Four plus bed,Semi detached house,1448.79,1400.85,3.4
17,Ballyogan Wood,53.255047,-6.184475,10.65,33,No,"Carrickmines, Dublin 18",2011,All bedrooms,All property types,1203.01,1011.93,18.9
17,Ballyogan Wood,53.255047,-6.184475,10.65,33,No,"Carrickmines, Dublin 18",2011,All bedrooms,Apartment,1046.98,993.43,5.4
17,Ballyogan Wood,53.255047,-6.184475,10.65,33,No,"Carrickmines, Dublin 18",2011,One bed,All property types,884.24,737.67,19.9
17,Ballyogan Wood,53.255047,-6.184475,10.65,33,No,"Carrickmines, Dublin 18",2011,One bed,Apartment,883.89,817.36,8.1
17,Ballyogan Wood,53.255047,-6.184475,10.65,33,No,"Carrickmines, Dublin 18",2011,Two bed,All property types,1079.7,1009.49,7.0
17,Ballyogan Wood,53.255047,-6.184475,10.65,33,No,"Carrickmines, Dublin 18",2011,Two bed,Apartment,1067.0,1022.29,4.4
17,Ballyogan Wood,53.255047,-6.184475,10.65,33,No,"Carrickmines, Dublin 18",2011,Three bed,All property types,1293.88,1147.38,12.8
17,Ballyogan Wood,53.255047,-6.184475,10.65,33,No,"Carrickmines, Dublin 18",2011,1 to 2 bed,All property types,1023.51,908.58,12.6
17,Ballyogan Wood,53.255047,-6.184475,10.65,33,No,"Carrickmines, Dublin 18",2011,1 to 2 bed,Apartment,1013.14,955.57,6.0
17,Ballyogan Wood,53.255047,-6.184475,10.65,33,No,"Carrickmines, Dublin 18",2011,1 to 3 bed,All property types,1081.82,968.77,11.7
17,Ballyogan Wood,53.255047,-6.184475,10.65,33,No,"Carrickmines, Dublin 18",2011,1 to 3 bed,Apartment,1041.63,986.81,5.6
17,Ballyogan Wood,53.255047,-6.184475,10.65,33,No,"Carrickmines, Dublin 18",2011,Four plus bed,All property types,1975.63,1505.75,31.2
18,Racecourse,53.255367,-6.175161,10.93,34,No,"Leopardstown, Dublin 18",2011,All bedrooms,All property types,1231.52,1011.93,21.7
18,Racecourse,53.255367,-6.175161,10.93,34,No,"Leopardstown, Dublin 18",2011,All bedrooms,Semi detached house,1275.53,1148.69,11.0
18,Racecourse,53.255367,-6.175161,10.93,34,No,"Leopardstown, Dublin 18",2011,All bedrooms,Apartment,1189.76,993.43,19.8
18,Racecourse,53.255367,-6.175161,10.93,34,No,"Leopardstown, Dublin 18",2011,One bed,All property types,1026.11,737.67,39.1
18,Racecourse,53.255367,-6.175161,10.93,34,No,"Leopardstown, Dublin 18",2011,One bed,Apartment,1026.11,817.36,25.5
18,Racecourse,53.255367,-6.175161,10.93,34,No,"Leopardstown, Dublin 18",2011,Two bed,All property types,1192.32,1009.49,18.1
18,Racecourse,53.255367,-6.175161,10.93,34,No,"Leopardstown, Dublin 18",2011,Two bed,Apartment,1188.78,1022.29,16.3
18,Racecourse,53.255367,-6.175161,10.93,34,No,"Leopardstown, Dublin 18",2011,Three bed,All property types,1277.9,1147.38,11.4
18,Racecourse,53.255367,-6.175161,10.93,34,No,"Leopardstown, Dublin 18",2011,Three bed,Semi detached house,1202.22,1089.3,10.4
18,Racecourse,53.255367,-6.175161,10.93,34,No,"Leopardstown, Dublin 18",2011,1 to 2 bed,All property types,1157.21,908.58,27.4
18,Racecourse,53.255367,-6.175161,10.93,34,No,"Leopardstown, Dublin 18",2011,1 to 2 bed,Apartment,1153.76,955.57,20.7
18,Racecourse,53.255367,-6.175161,10.93,34,No,"Leopardstown, Dublin 18",2011,1 to 3 bed,All property types,1198.8,968.77,23.7
18,Racecourse,53.255367,-6.175161,10.93,34,No,"Leopardstown, Dublin 18",2011,1 to 3 bed,Semi detached house,1204.06,1061.74,13.4
18,Racecourse,53.255367,-6.175161,10.93,34,No,"Leopardstown, Dublin 18",2011,1 to 3 bed,Apartment,1189.19,986.81,20.5
18,Racecourse,53.255367,-6.175161,10.93,34,No,"Leopardstown, Dublin 18",2011,Four plus bed,All property types,1462.72,1505.75,-2.9
18,Racecourse,53.255367,-6.175161,10.93,34,No,"Leopardstown, Dublin 18",2011,Four plus bed,Semi detached house,1448.79,1400.85,3.4
19,Carrickmines,53.254033,-6.169908,11.24,36,Yes,"Carrickmines, Dublin 18",2011,All bedrooms,All property types,1203.01,1011.93,18.9
19,Carrickmines,53.254033,-6.169908,11.24,36,Yes,"Carrickmines, Dublin 18",2011,All bedrooms,Apartment,1046.98,993.43,5.4
19,Carrickmines,53.254033,-6.169908,11.24,36,Yes,"Carrickmines, Dublin 18",2011,One bed,All property types,884.24,737.67,19.9
19,Carrickmines,53.254033,-6.169908,11.24,36,Yes,"Carrickmines, Dublin 18",2011,One bed,Apartment,883.89,817.36,8.1
19,Carrickmines,53.254033,-6.169908,11.24,36,Yes,"Carrickmines, Dublin 18",2011,Two bed,All property types,1079.7,1009.49,7.0
19,Carrickmines,53.254033,-6.169908,11.24,36,Yes,"Carrickmines, Dublin 18",2011,Two bed,Apartment,1067.0,1022.29,4.4
19,Carrickmines,53.254033,-6.169908,11.24,36,Yes,"Carrickmines, Dublin 18",2011,Three bed,All property types,1293.88,1147.38,12.8
19,Carrickmines,53.254033,-6.169908,11.24,36,Yes,"Carrickmines, Dublin 18",2011,1 to 2 bed,All property types,1023.51,908.58,12.6
19,Carrickmines,53.254033,-6.169908,11.24,36,Yes,"Carrickmines, Dublin 18",2011,1 to 2 bed,Apartment,1013.14,955.57,6.0
19,Carrickmines,53.254033,-6.169908,11.24,36,Yes,"Carrickmines, Dublin 18",2011,1 to 3 bed,All property types,1081.82,968.77,11.7
19,Carrickmines,53.254033,-6.169908,11.24,36,Yes,"Carrickmines, Dublin 18",2011,1 to 3 bed,Apartment,1041.63,986.81,5.6
19,Carrickmines,53.254033,-6.169908,11.24,36,Yes,"Carrickmines, Dublin 18",2011,Four plus bed,All property types,1975.63,1505.75,31.2
20,Brennanstown,53.252619,-6.161597,11.68,37,No,"Cabinteely, Dublin 18",2011,All bedrooms,All property types,1123.03,1011.93,11.0
20,Brennanstown,53.252619,-6.161597,11.68,37,No,"Cabinteely, Dublin 18",2011,All bedrooms,Detached house,1494.22,1447.1,3.3
20,Brennanstown,53.252619,-6.161597,11.68,37,No,"Cabinteely, Dublin 18",2011,All bedrooms,Semi detached house,1252.46,1148.69,9.0
20,Brennanstown,53.252619,-6.161597,11.68,37,No,"Cabinteely, Dublin 18",2011,All bedrooms,Apartment,1062.37,993.43,6.9
20,Brennanstown,53.252619,-6.161597,11.68,37,No,"Cabinteely, Dublin 18",2011,One bed,All property types,865.38,737.67,17.3
20,Brennanstown,53.252619,-6.161597,11.68,37,No,"Cabinteely, Dublin 18",2011,One bed,Apartment,886.63,817.36,8.5
20,Brennanstown,53.252619,-6.161597,11.68,37,No,"Cabinteely, Dublin 18",2011,Two bed,All property types,1025.79,1009.49,1.6
20,Brennanstown,53.252619,-6.161597,11.68,37,No,"Cabinteely, Dublin 18",2011,Two bed,Apartment,1029.26,1022.29,0.7
20,Brennanstown,53.252619,-6.161597,11.68,37,No,"Cabinteely, Dublin 18",2011,Three bed,All property types,1262.47,1147.38,10.0
20,Brennanstown,53.252619,-6.161597,11.68,37,No,"Cabinteely, Dublin 18",2011,Three bed,Semi detached house,1242.45,1089.3,14.1
20,Brennanstown,53.252619,-6.161597,11.68,37,No,"Cabinteely, Dublin 18",2011,Three bed,Apartment,1235.16,1274.5,-3.1
20,Brennanstown,53.252619,-6.161597,11.68,37,No,"Cabinteely, Dublin 18",2011,1 to 2 bed,All property types,998.36,908.58,9.9
20,Brennanstown,53.252619,-6.161597,11.68,37,No,"Cabinteely, Dublin 18",2011,1 to 2 bed,Apartment,1006.64,955.57,5.3
20,Brennanstown,53.252619,-6.161597,11.68,37,No,"Cabinteely, Dublin 18",2011,1 to 3 bed,All property types,1086.39,968.77,12.1
20,Brennanstown,53.252619,-6.161597,11.68,37,No,"Cabinteely, Dublin 18",2011,1 to 3 bed,Semi detached house,1182.98,1061.74,11.4
20,Brennanstown,53.252619,-6.161597,11.68,37,No,"Cabinteely, Dublin 18",2011,1 to 3 bed,Apartment,1061.22,986.81,7.5
20,Brennanstown,53.252619,-6.161597,11.68,37,No,"Cabinteely, Dublin 18",2011,Four plus bed,All property types,1520.79,1505.75,1.0
21,Laughanstown,53.250606,-6.155006,12.11,39,No,"Cabinteely, Dublin 18",2011,All bedrooms,All property types,1123.03,1011.93,11.0
21,Laughanstown,53.250606,-6.155006,12.11,39,No,"Cabinteely, Dublin 18",2011,All bedrooms,Detached house,1494.22,1447.1,3.3
21,Laughanstown,53.250606,-6.155006,12.11,39,No,"Cabinteely, Dublin 18",2011,All bedrooms,Semi detached house,1252.46,1148.69,9.0
21,Laughanstown,53.250606,-6.155006,12.11,39,No,"Cabinteely, Dublin 18",2011,All bedrooms,Apartment,1062.37,993.43,6.9
21,Laughanstown,53.250606,-6.155006,12.11,39,No,"Cabinteely, Dublin 18",2011,One bed,All property types,865.38,737.67,17.3
21,Laughanstown,53.250606,-6.155006,12.11,39,No,"Cabinteely, Dublin 18",2011,One bed,Apartment,886.63,817.36,8.5
21,Laughanstown,53.250606,-6.155006,12.11,39,No,"Cabinteely, Dublin 18",2011,Two bed,All property types,1025.79,1009.49,1.6
21,Laughanstown,53.250606,-6.155006,12.11,39,No,"Cabinteely, Dublin 18",2011,Two bed,Apartment,1029.26,1022.29,0.7
21,Laughanstown,53.250606,-6.155006,12.11,39,No,"Cabinteely, Dublin 18",2011,Three bed,All property types,1262.47,1147.38,10.0
21,Laughanstown,53.250606,-6.155006,12.11,39,No,"Cabinteely, Dublin 18",2011,Three bed,Semi detached house,1242.45,1089.3,14.1
21,Laughanstown,53.250606,-6.155006,12.11,39,No,"Cabinteely, Dublin 18",2011,Three bed,Apartment,1235.16,1274.5,-3.1
21,Laughanstown,53.250606,-6.155006,12.11,39,No,"Cabinteely, Dublin 18",2011,1 to 2 bed,All property types,998.36,908.58,9.9
21,Laughanstown,53.250606,-6.155006,12.11,39,No,"Cabinteely, Dublin 18",2011,1 to 2 bed,Apartment,1006.64,955.57,5.3
21,Laughanstown,53.250606,-6.155006,12.11,39,No,"Cabinteely, Dublin 18",2011,1 to 3 bed,All property types,1086.39,968.77,12.1
21,Laughanstown,53.250606,-6.155006,12.11,39,No,"Cabinteely, Dublin 18",2011,1 to 3 bed,Semi detached house,1182.98,1061.74,11.4
21,Laughanstown,53.250606,-6.155006,12.11,39,No,"Cabinteely, Dublin 18",2011,1 to 3 bed,Apartment,1061.22,986.81,7.5
21,Laughanstown,53.250606,-6.155006,12.11,39,No,"Cabinteely, Dublin 18",2011,Four plus bed,All property types,1520.79,1505.75,1.0
22,Cherrywood,53.245333,-6.145853,12.94,41,No,"Cabinteely, Dublin 18",2011,All bedrooms,All property types,1123.03,1011.93,11.0
22,Cherrywood,53.245333,-6.145853,12.94,41,No,"Cabinteely, Dublin 18",2011,All bedrooms,Detached house,1494.22,1447.1,3.3
22,Cherrywood,53.245333,-6.145853,12.94,41,No,"Cabinteely, Dublin 18",2011,All bedrooms,Semi detached house,1252.46,1148.69,9.0
22,Cherrywood,53.245333,-6.145853,12.94,41,No,"Cabinteely, Dublin 18",2011,All bedrooms,Apartment,1062.37,993.43,6.9
22,Cherrywood,53.245333,-6.145853,12.94,41,No,"Cabinteely, Dublin 18",2011,One bed,All property types,865.38,737.67,17.3
22,Cherrywood,53.245333,-6.145853,12.94,41,No,"Cabinteely, Dublin 18",2011,One bed,Apartment,886.63,817.36,8.5
22,Cherrywood,53.245333,-6.145853,12.94,41,No,"Cabinteely, Dublin 18",2011,Two bed,All property types,1025.79,1009.49,1.6
22,Cherrywood,53.245333,-6.145853,12.94,41,No,"Cabinteely, Dublin 18",2011,Two bed,Apartment,1029.26,1022.29,0.7
22,Cherrywood,53.245333,-6.145853,12.94,41,No,"Cabinteely, Dublin 18",2011,Three bed,All property types,1262.47,1147.38,10.0
22,Cherrywood,53.245333,-6.145853,12.94,41,No,"Cabinteely, Dublin 18",2011,Three bed,Semi detached house,1242.45,1089.3,14.1
22,Cherrywood,53.245333,-6.145853,12.94,41,No,"Cabinteely, Dublin 18",2011,Three bed,Apartment,1235.16,1274.5,-3.1
22,Cherrywood,53.245333,-6.145853,12.94,41,No,"Cabinteely, Dublin 18",2011,1 to 2 bed,All property types,998.36,908.58,9.9
22,Cherrywood,53.245333,-6.145853,12.94,41,No,"Cabinteely, Dublin 18",2011,1 to 2 bed,Apartment,1006.64,955.57,5.3
22,Cherrywood,53.245333,-6.145853,12.94,41,No,"Cabinteely, Dublin 18",2011,1 to 3 bed,All property types,1086.39,968.77,12.1
22,Cherrywood,53.245333,-6.145853,12.94,41,No,"Cabinteely, Dublin 18",2011,1 to 3 bed,Semi detached house,1182.98,1061.74,11.4
22,Cherrywood,53.245333,-6.145853,12.94,41,No,"Cabinteely, Dublin 18",2011,1 to 3 bed,Apartment,1061.22,986.81,7.5
22,Cherrywood,53.245333,-6.145853,12.94,41,No,"Cabinteely, Dublin 18",2011,Four plus bed,All property types,1520.79,1505.75,1.0
23,Brides Glen,53.242075,-6.142886,13.35,42,No,"Shankill, Dublin",2011,All bedrooms,All property types,1116.76,1011.93,10.4
23,Brides Glen,53.242075,-6.142886,13.35,42,No,"Shankill, Dublin",2011,All bedrooms,Detached house,1300.0,1447.1,-10.2
23,Brides Glen,53.242075,-6.142886,13.35,42,No,"Shankill, Dublin",2011,All bedrooms,Semi detached house,1212.17,1148.69,5.5
23,Brides Glen,53.242075,-6.142886,13.35,42,No,"Shankill, Dublin",2011,All bedrooms,Apartment,976.67,993.43,-1.7
23,Brides Glen,53.242075,-6.142886,13.35,42,No,"Shankill, Dublin",2011,Two bed,All property types,987.16,1009.49,-2.2
23,Brides Glen,53.242075,-6.142886,13.35,42,No,"Shankill, Dublin",2011,Two bed,Apartment,989.13,1022.29,-3.2
23,Brides Glen,53.242075,-6.142886,13.35,42,No,"Shankill, Dublin",2011,Three bed,All property types,1157.54,1147.38,0.9
23,Brides Glen,53.242075,-6.142886,13.35,42,No,"Shankill, Dublin",2011,Three bed,Semi detached house,1139.8,1089.3,4.6
23,Brides Glen,53.242075,-6.142886,13.35,42,No,"Shankill, Dublin",2011,1 to 2 bed,All property types,970.75,908.58,6.8
23,Brides Glen,53.242075,-6.142886,13.35,42,No,"Shankill, Dublin",2011,1 to 2 bed,Apartment,966.25,955.57,1.1
23,Brides Glen,53.242075,-6.142886,13.35,42,No,"Shankill, Dublin",2011,1 to 3 bed,All property types,1045.14,968.77,7.9
23,Brides Glen,53.242075,-6.142886,13.35,42,No,"Shankill, Dublin",2011,1 to 3 bed,Semi detached house,1115.97,1061.74,5.1
23,Brides Glen,53.242075,-6.142886,13.35,42,No,"Shankill, Dublin",2011,1 to 3 bed,Apartment,976.67,986.81,-1.0
23,Brides Glen,53.242075,-6.142886,13.35,42,No,"Shankill, Dublin",2011,Four plus bed,All property types,1377.82,1505.75,-8.5
23,Brides Glen,53.242075,-6.142886,13.35,42,No,"Shankill, Dublin",2011,Four plus bed,Semi detached house,1347.73,1400.85,-3.8
0,St. Stephen's Green,53.339072,-6.261333,0.0,0,No,"Charlemont Street, Dublin 2",2012,All bedrooms,All property types,1233.21,1027.43,20.0
0,St. Stephen's Green,53.339072,-6.261333,0.0,0,No,"Charlemont Street, Dublin 2",2012,All bedrooms,Apartment,1233.21,1022.84,20.6
0,St. Stephen's Green,53.339072,-6.261333,0.0,0,No,"Charlemont Street, Dublin 2",2012,Two bed,All property types,1188.91,1032.15,15.2
0,St. Stephen's Green,53.339072,-6.261333,0.0,0,No,"Charlemont Street, Dublin 2",2012,Two bed,Apartment,1188.91,1049.16,13.3
0,St. Stephen's Green,53.339072,-6.261333,0.0,0,No,"Charlemont Street, Dublin 2",2012,1 to 2 bed,All property types,1127.32,922.41,22.2
0,St. Stephen's Green,53.339072,-6.261333,0.0,0,No,"Charlemont Street, Dublin 2",2012,1 to 2 bed,Apartment,1127.32,981.35,14.9
0,St. Stephen's Green,53.339072,-6.261333,0.0,0,No,"Charlemont Street, Dublin 2",2012,1 to 3 bed,All property types,1233.21,981.47,25.6
0,St. Stephen's Green,53.339072,-6.261333,0.0,0,No,"Charlemont Street, Dublin 2",2012,1 to 3 bed,Apartment,1233.21,1012.1,21.8
1,Harcourt,53.333358,-6.26265,0.64,2,No,"Charlemont Street, Dublin 2",2012,All bedrooms,All property types,1233.21,1027.43,20.0
1,Harcourt,53.333358,-6.26265,0.64,2,No,"Charlemont Street, Dublin 2",2012,All bedrooms,Apartment,1233.21,1022.84,20.6
1,Harcourt,53.333358,-6.26265,0.64,2,No,"Charlemont Street, Dublin 2",2012,Two bed,All property types,1188.91,1032.15,15.2
1,Harcourt,53.333358,-6.26265,0.64,2,No,"Charlemont Street, Dublin 2",2012,Two bed,Apartment,1188.91,1049.16,13.3
1,Harcourt,53.333358,-6.26265,0.64,2,No,"Charlemont Street, Dublin 2",2012,1 to 2 bed,All property types,1127.32,922.41,22.2
1,Harcourt,53.333358,-6.26265,0.64,2,No,"Charlemont Street, Dublin 2",2012,1 to 2 bed,Apartment,1127.32,981.35,14.9
1,Harcourt,53.333358,-6.26265,0.64,2,No,"Charlemont Street, Dublin 2",2012,1 to 3 bed,All property types,1233.21,981.47,25.6
1,Harcourt,53.333358,-6.26265,0.64,2,No,"Charlemont Street, Dublin 2",2012,1 to 3 bed,Apartment,1233.21,1012.1,21.8
2,Charlemont,53.330669,-6.258683,0.95,4,No,"Charlemont Street, Dublin 2",2012,All bedrooms,All property types,1233.21,1027.43,20.0
2,Charlemont,53.330669,-6.258683,0.95,4,No,"Charlemont Street, Dublin 2",2012,All bedrooms,Apartment,1233.21,1022.84,20.6
2,Charlemont,53.330669,-6.258683,0.95,4,No,"Charlemont Street, Dublin 2",2012,Two bed,All property types,1188.91,1032.15,15.2
2,Charlemont,53.330669,-6.258683,0.95,4,No,"Charlemont Street, Dublin 2",2012,Two bed,Apartment,1188.91,1049.16,13.3
2,Charlemont,53.330669,-6.258683,0.95,4,No,"Charlemont Street, Dublin 2",2012,1 to 2 bed,All property types,1127.32,922.41,22.2
2,Charlemont,53.330669,-6.258683,0.95,4,No,"Charlemont Street, Dublin 2",2012,1 to 2 bed,Apartment,1127.32,981.35,14.9
2,Charlemont,53.330669,-6.258683,0.95,4,No,"Charlemont Street, Dublin 2",2012,1 to 3 bed,All property types,1233.21,981.47,25.6
2,Charlemont,53.330669,-6.258683,0.95,4,No,"Charlemont Street, Dublin 2",2012,1 to 3 bed,Apartment,1233.21,1012.1,21.8
3,Ranelagh,53.326433,-6.256203,1.45,7,No,"Ranelagh, Dublin 6",2012,All bedrooms,All property types,1030.46,1027.43,0.3
3,Ranelagh,53.326433,-6.256203,1.45,7,No,"Ranelagh, Dublin 6",2012,All bedrooms,Semi detached house,1515.68,1162.22,30.4
3,Ranelagh,53.326433,-6.256203,1.45,7,No,"Ranelagh, Dublin 6",2012,All bedrooms,Terrace house,1707.03,1104.94,54.5
3,Ranelagh,53.326433,-6.256203,1.45,7,No,"Ranelagh, Dublin 6",2012,All bedrooms,Apartment,1055.09,1022.84,3.2
3,Ranelagh,53.326433,-6.256203,1.45,7,No,"Ranelagh, Dublin 6",2012,All bedrooms,Other flats,644.83,635.31,1.5
3,Ranelagh,53.326433,-6.256203,1.45,7,No,"Ranelagh, Dublin 6",2012,One bed,All property types,697.07,738.61,-5.6
3,Ranelagh,53.326433,-6.256203,1.45,7,No,"Ranelagh, Dublin 6",2012,One bed,Apartment,904.83,835.08,8.4
3,Ranelagh,53.326433,-6.256203,1.45,7,No,"Ranelagh, Dublin 6",2012,One bed,Other flats,593.48,571.27,3.9
3,Ranelagh,53.326433,-6.256203,1.45,7,No,"Ranelagh, Dublin 6",2012,Two bed,All property types,1126.58,1032.15,9.1
3,Ranelagh,53.326433,-6.256203,1.45,7,No,"Ranelagh, Dublin 6",2012,Two bed,Terrace house,1256.54,1000.65,25.6
3,Ranelagh,53.326433,-6.256203,1.45,7,No,"Ranelagh, Dublin 6",2012,Two bed,Apartment,1174.95,1049.16,12.0
3,Ranelagh,53.326433,-6.256203,1.45,7,No,"Ranelagh, Dublin 6",2012,Two bed,Other flats,874.79,829.56,5.5
3,Ranelagh,53.326433,-6.256203,1.45,7,No,"Ranelagh, Dublin 6",2012,Three bed,All property types,1694.31,1158.17,46.3
3,Ranelagh,53.326433,-6.256203,1.45,7,No,"Ranelagh, Dublin 6",2012,Three bed,Semi detached house,1492.16,1096.61,36.1
3,Ranelagh,53.326433,-6.256203,1.45,7,No,"Ranelagh, Dublin 6",2012,Three bed,Terrace house,1839.93,1122.32,63.9
3,Ranelagh,53.326433,-6.256203,1.45,7,No,"Ranelagh, Dublin 6",2012,1 to 2 bed,All property types,842.86,922.41,-8.6
3,Ranelagh,53.326433,-6.256203,1.45,7,No,"Ranelagh, Dublin 6",2012,1 to 2 bed,Semi detached house,912.0,965.7,-5.6
3,Ranelagh,53.326433,-6.256203,1.45,7,No,"Ranelagh, Dublin 6",2012,1 to 2 bed,Terrace house,1114.49,961.18,16.0
3,Ranelagh,53.326433,-6.256203,1.45,7,No,"Ranelagh, Dublin 6",2012,1 to 2 bed,Apartment,1038.3,981.35,5.8
3,Ranelagh,53.326433,-6.256203,1.45,7,No,"Ranelagh, Dublin 6",2012,1 to 2 bed,Other flats,636.97,617.53,3.1
3,Ranelagh,53.326433,-6.256203,1.45,7,No,"Ranelagh, Dublin 6",2012,1 to 3 bed,All property types,941.96,981.47,-4.0
3,Ranelagh,53.326433,-6.256203,1.45,7,No,"Ranelagh, Dublin 6",2012,1 to 3 bed,Semi detached house,1194.45,1072.69,11.4
3,Ranelagh,53.326433,-6.256203,1.45,7,No,"Ranelagh, Dublin 6",2012,1 to 3 bed,Terrace house,1541.22,1047.36,47.2
3,Ranelagh,53.326433,-6.256203,1.45,7,No,"Ranelagh, Dublin 6",2012,1 to 3 bed,Apartment,1049.07,1012.1,3.7
3,Ranelagh,53.326433,-6.256203,1.45,7,No,"Ranelagh, Dublin 6",2012,1 to 3 bed,Other flats,639.68,630.95,1.4
3,Ranelagh,53.326433,-6.256203,1.45,7,No,"Ranelagh, Dublin 6",2012,Four plus bed,All property types,2061.76,1560.66,32.1
3,Ranelagh,53.326433,-6.256203,1.45,7,No,"Ranelagh, Dublin 6",2012,Four plus bed,Semi detached house,2111.14,1422.71,48.4
3,Ranelagh,53.326433,-6.256203,1.45,7,No,"Ranelagh, Dublin 6",2012,Four plus bed,Terrace house,2197.26,1519.0,44.7
4,Beechwood,53.320822,-6.254653,2.08,9,No,"Ranelagh, Dublin 6",2012,All bedrooms,All property types,1030.46,1027.43,0.3
4,Beechwood,53.320822,-6.254653,2.08,9,No,"Ranelagh, Dublin 6",2012,All bedrooms,Semi detached house,1515.68,1162.22,30.4
4,Beechwood,53.320822,-6.254653,2.08,9,No,"Ranelagh, Dublin 6",2012,All bedrooms,Terrace house,1707.03,1104.94,54.5
4,Beechwood,53.320822,-6.254653,2.08,9,No,"Ranelagh, Dublin 6",2012,All bedrooms,Apartment,1055.09,1022.84,3.2
4,Beechwood,53.320822,-6.254653,2.08,9,No,"Ranelagh, Dublin 6",2012,All bedrooms,Other flats,644.83,635.31,1.5
4,Beechwood,53.320822,-6.254653,2.08,9,No,"Ranelagh, Dublin 6",2012,One bed,All property types,697.07,738.61,-5.6
4,Beechwood,53.320822,-6.254653,2.08,9,No,"Ranelagh, Dublin 6",2012,One bed,Apartment,904.83,835.08,8.4
4,Beechwood,53.320822,-6.254653,2.08,9,No,"Ranelagh, Dublin 6",2012,One bed,Other flats,593.48,571.27,3.9
4,Beechwood,53.320822,-6.254653,2.08,9,No,"Ranelagh, Dublin 6",2012,Two bed,All property types,1126.58,1032.15,9.1
4,Beechwood,53.320822,-6.254653,2.08,9,No,"Ranelagh, Dublin 6",2012,Two bed,Terrace house,1256.54,1000.65,25.6
4,Beechwood,53.320822,-6.254653,2.08,9,No,"Ranelagh, Dublin 6",2012,Two bed,Apartment,1174.95,1049.16,12.0
4,Beechwood,53.320822,-6.254653,2.08,9,No,"Ranelagh, Dublin 6",2012,Two bed,Other flats,874.79,829.56,5.5
4,Beechwood,53.320822,-6.254653,2.08,9,No,"Ranelagh, Dublin 6",2012,Three bed,All property types,1694.31,1158.17,46.3
4,Beechwood,53.320822,-6.254653,2.08,9,No,"Ranelagh, Dublin 6",2012,Three bed,Semi detached house,1492.16,1096.61,36.1
4,Beechwood,53.320822,-6.254653,2.08,9,No,"Ranelagh, Dublin 6",2012,Three bed,Terrace house,1839.93,1122.32,63.9
4,Beechwood,53.320822,-6.254653,2.08,9,No,"Ranelagh, Dublin 6",2012,1 to 2 bed,All property types,842.86,922.41,-8.6
4,Beechwood,53.320822,-6.254653,2.08,9,No,"Ranelagh, Dublin 6",2012,1 to 2 bed,Semi detached house,912.0,965.7,-5.6
4,Beechwood,53.320822,-6.254653,2.08,9,No,"Ranelagh, Dublin 6",2012,1 to 2 bed,Terrace house,1114.49,961.18,16.0
4,Beechwood,53.320822,-6.254653,2.08,9,No,"Ranelagh, Dublin 6",2012,1 to 2 bed,Apartment,1038.3,981.35,5.8
4,Beechwood,53.320822,-6.254653,2.08,9,No,"Ranelagh, Dublin 6",2012,1 to 2 bed,Other flats,636.97,617.53,3.1
4,Beechwood,53.320822,-6.254653,2.08,9,No,"Ranelagh, Dublin 6",2012,1 to 3 bed,All property types,941.96,981.47,-4.0
4,Beechwood,53.320822,-6.254653,2.08,9,No,"Ranelagh, Dublin 6",2012,1 to 3 bed,Semi detached house,1194.45,1072.69,11.4
4,Beechwood,53.320822,-6.254653,2.08,9,No,"Ranelagh, Dublin 6",2012,1 to 3 bed,Terrace house,1541.22,1047.36,47.2
4,Beechwood,53.320822,-6.254653,2.08,9,No,"Ranelagh, Dublin 6",2012,1 to 3 bed,Apartment,1049.07,1012.1,3.7
4,Beechwood,53.320822,-6.254653,2.08,9,No,"Ranelagh, Dublin 6",2012,1 to 3 bed,Other flats,639.68,630.95,1.4
4,Beechwood,53.320822,-6.254653,2.08,9,No,"Ranelagh, Dublin 6",2012,Four plus bed,All property types,2061.76,1560.66,32.1
4,Beechwood,53.320822,-6.254653,2.08,9,No,"Ranelagh, Dublin 6",2012,Four plus bed,Semi detached house,2111.14,1422.71,48.4
4,Beechwood,53.320822,-6.254653,2.08,9,No,"Ranelagh, Dublin 6",2012,Four plus bed,Terrace house,2197.26,1519.0,44.7
5,Cowper,53.316467,-6.253447,2.57,11,No,"Ranelagh, Dublin 6",2012,All bedrooms,All property types,1030.46,1027.43,0.3
5,Cowper,53.316467,-6.253447,2.57,11,No,"Ranelagh, Dublin 6",2012,All bedrooms,Semi detached house,1515.68,1162.22,30.4
5,Cowper,53.316467,-6.253447,2.57,11,No,"Ranelagh, Dublin 6",2012,All bedrooms,Terrace house,1707.03,1104.94,54.5
5,Cowper,53.316467,-6.253447,2.57,11,No,"Ranelagh, Dublin 6",2012,All bedrooms,Apartment,1055.09,1022.84,3.2
5,Cowper,53.316467,-6.253447,2.57,11,No,"Ranelagh, Dublin 6",2012,All bedrooms,Other flats,644.83,635.31,1.5
5,Cowper,53.316467,-6.253447,2.57,11,No,"Ranelagh, Dublin 6",2012,One bed,All property types,697.07,738.61,-5.6
5,Cowper,53.316467,-6.253447,2.57,11,No,"Ranelagh, Dublin 6",2012,One bed,Apartment,904.83,835.08,8.4
5,Cowper,53.316467,-6.253447,2.57,11,No,"Ranelagh, Dublin 6",2012,One bed,Other flats,593.48,571.27,3.9
5,Cowper,53.316467,-6.253447,2.57,11,No,"Ranelagh, Dublin 6",2012,Two bed,All property types,1126.58,1032.15,9.1
5,Cowper,53.316467,-6.253447,2.57,11,No,"Ranelagh, Dublin 6",2012,Two bed,Terrace house,1256.54,1000.65,25.6
5,Cowper,53.316467,-6.253447,2.57,11,No,"Ranelagh, Dublin 6",2012,Two bed,Apartment,1174.95,1049.16,12.0
5,Cowper,53.316467,-6.253447,2.57,11,No,"Ranelagh, Dublin 6",2012,Two bed,Other flats,874.79,829.56,5.5
5,Cowper,53.316467,-6.253447,2.57,11,No,"Ranelagh, Dublin 6",2012,Three bed,All property types,1694.31,1158.17,46.3
5,Cowper,53.316467,-6.253447,2.57,11,No,"Ranelagh, Dublin 6",2012,Three bed,Semi detached house,1492.16,1096.61,36.1
5,Cowper,53.316467,-6.253447,2.57,11,No,"Ranelagh, Dublin 6",2012,Three bed,Terrace house,1839.93,1122.32,63.9
5,Cowper,53.316467,-6.253447,2.57,11,No,"Ranelagh, Dublin 6",2012,1 to 2 bed,All property types,842.86,922.41,-8.6
5,Cowper,53.316467,-6.253447,2.57,11,No,"Ranelagh, Dublin 6",2012,1 to 2 bed,Semi detached house,912.0,965.7,-5.6
5,Cowper,53.316467,-6.253447,2.57,11,No,"Ranelagh, Dublin 6",2012,1 to 2 bed,Terrace house,1114.49,961.18,16.0
5,Cowper,53.316467,-6.253447,2.57,11,No,"Ranelagh, Dublin 6",2012,1 to 2 bed,Apartment,1038.3,981.35,5.8
5,Cowper,53.316467,-6.253447,2.57,11,No,"Ranelagh, Dublin 6",2012,1 to 2 bed,Other flats,636.97,617.53,3.1
5,Cowper,53.316467,-6.253447,2.57,11,No,"Ranelagh, Dublin 6",2012,1 to 3 bed,All property types,941.96,981.47,-4.0
5,Cowper,53.316467,-6.253447,2.57,11,No,"Ranelagh, Dublin 6",2012,1 to 3 bed,Semi detached house,1194.45,1072.69,11.4
5,Cowper,53.316467,-6.253447,2.57,11,No,"Ranelagh, Dublin 6",2012,1 to 3 bed,Terrace house,1541.22,1047.36,47.2
5,Cowper,53.316467,-6.253447,2.57,11,No,"Ranelagh, Dublin 6",2012,1 to 3 bed,Apartment,1049.07,1012.1,3.7
5,Cowper,53.316467,-6.253447,2.57,11,No,"Ranelagh, Dublin 6",2012,1 to 3 bed,Other flats,639.68,630.95,1.4
5,Cowper,53.316467,-6.253447,2.57,11,No,"Ranelagh, Dublin 6",2012,Four plus bed,All property types,2061.76,1560.66,32.1
5,Cowper,53.316467,-6.253447,2.57,11,No,"Ranelagh, Dublin 6",2012,Four plus bed,Semi detached house,2111.14,1422.71,48.4
5,Cowper,53.316467,-6.253447,2.57,11,No,"Ranelagh, Dublin 6",2012,Four plus bed,Terrace house,2197.26,1519.0,44.7
6,Milltown,53.309917,-6.251728,3.3,13,No,"Milltown, Dublin 6",2012,All bedrooms,All property types,1332.18,1027.43,29.7
6,Milltown,53.309917,-6.251728,3.3,13,No,"Milltown, Dublin 6",2012,All bedrooms,Semi detached house,1651.32,1162.22,42.1
6,Milltown,53.309917,-6.251728,3.3,13,No,"Milltown, Dublin 6",2012,All bedrooms,Terrace house,1312.9,1104.94,18.8
6,Milltown,53.309917,-6.251728,3.3,13,No,"Milltown, Dublin 6",2012,All bedrooms,Apartment,1310.62,1022.84,28.1
6,Milltown,53.309917,-6.251728,3.3,13,No,"Milltown, Dublin 6",2012,One bed,All property types,1015.07,738.61,37.4
6,Milltown,53.309917,-6.251728,3.3,13,No,"Milltown, Dublin 6",2012,One bed,Apartment,1045.08,835.08,25.1
6,Milltown,53.309917,-6.251728,3.3,13,No,"Milltown, Dublin 6",2012,Two bed,All property types,1333.51,1032.15,29.2
6,Milltown,53.309917,-6.251728,3.3,13,No,"Milltown, Dublin 6",2012,Two bed,Terrace house,1269.27,1000.65,26.8
6,Milltown,53.309917,-6.251728,3.3,13,No,"Milltown, Dublin 6",2012,Two bed,Apartment,1354.07,1049.16,29.1
6,Milltown,53.309917,-6.251728,3.3,13,No,"Milltown, Dublin 6",2012,Three bed,All property types,1565.41,1158.17,35.2
6,Milltown,53.309917,-6.251728,3.3,13,No,"Milltown, Dublin 6",2012,Three bed,Apartment,1667.43,1293.08,29.0
6,Milltown,53.309917,-6.251728,3.3,13,No,"Milltown, Dublin 6",2012,1 to 2 bed,All property types,1231.85,922.41,33.5
6,Milltown,53.309917,-6.251728,3.3,13,No,"Milltown, Dublin 6",2012,1 to 2 bed,Terrace house,1264.05,961.18,31.5
6,Milltown,53.309917,-6.251728,3.3,13,No,"Milltown, Dublin 6",2012,1 to 2 bed,Apartment,1248.25,981.35,27.2
6,Milltown,53.309917,-6.251728,3.3,13,No,"Milltown, Dublin 6",2012,1 to 3 bed,All property types,1294.75,981.47,31.9
6,Milltown,53.309917,-6.251728,3.3,13,No,"Milltown, Dublin 6",2012,1 to 3 bed,Terrace house,1296.77,1047.36,23.8
6,Milltown,53.309917,-6.251728,3.3,13,No,"Milltown, Dublin 6",2012,1 to 3 bed,Apartment,1304.01,1012.1,28.8
7,Windy Arbour,53.301558,-6.250708,4.23,15,No,"Churchtown, Dublin 14",2012,All bedrooms,All property types,1295.91,1027.43,26.1
7,Windy Arbour,53.301558,-6.250708,4.23,15,No,"Churchtown, Dublin 14",2012,All bedrooms,Semi detached house,1449.55,1162.22,24.7
7,Windy Arbour,53.301558,-6.250708,4.23,15,No,"Churchtown, Dublin 14",2012,All bedrooms,Terrace house,1312.81,1104.94,18.8
7,Windy Arbour,53.301558,-6.250708,4.23,15,No,"Churchtown, Dublin 14",2012,All bedrooms,Apartment,1159.68,1022.84,13.4
7,Windy Arbour,53.301558,-6.250708,4.23,15,No,"Churchtown, Dublin 14",2012,One bed,All property types,940.68,738.61,27.4
7,Windy Arbour,53.301558,-6.250708,4.23,15,No,"Churchtown, Dublin 14",2012,One bed,Apartment,965.0,835.08,15.6
7,Windy Arbour,53.301558,-6.250708,4.23,15,No,"Churchtown, Dublin 14",2012,Two bed,All property types,1213.86,1032.15,17.6
7,Windy Arbour,53.301558,-6.250708,4.23,15,No,"Churchtown, Dublin 14",2012,Two bed,Apartment,1242.46,1049.16,18.4
7,Windy Arbour,53.301558,-6.250708,4.23,15,No,"Churchtown, Dublin 14",2012,Three bed,All property types,1316.33,1158.17,13.7
7,Windy Arbour,53.301558,-6.250708,4.23,15,No,"Churchtown, Dublin 14",2012,Three bed,Semi detached house,1330.51,1096.61,21.3
7,Windy Arbour,53.301558,-6.250708,4.23,15,No,"Churchtown, Dublin 14",2012,Three bed,Terrace house,1270.97,1122.32,13.2
7,Windy Arbour,53.301558,-6.250708,4.23,15,No,"Churchtown, Dublin 14",2012,1 to 2 bed,All property types,1135.5,922.41,23.1
7,Windy Arbour,53.301558,-6.250708,4.23,15,No,"Churchtown, Dublin 14",2012,1 to 2 bed,Apartment,1152.62,981.35,17.5
7,Windy Arbour,53.301558,-6.250708,4.23,15,No,"Churchtown, Dublin 14",2012,1 to 3 bed,All property types,1204.18,981.47,22.7
7,Windy Arbour,53.301558,-6.250708,4.23,15,No,"Churchtown, Dublin 14",2012,1 to 3 bed,Semi detached house,1319.13,1072.69,23.0
7,Windy Arbour,53.301558,-6.250708,4.23,15,No,"Churchtown, Dublin 14",2012,1 to 3 bed,Terrace house,1236.1,1047.36,18.0
7,Windy Arbour,53.301558,-6.250708,4.23,15,No,"Churchtown, Dublin 14",2012,1 to 3 bed,Apartment,1157.5,1012.1,14.4
7,Windy Arbour,53.301558,-6.250708,4.23,15,No,"Churchtown, Dublin 14",2012,Four plus bed,All property types,1761.27,1560.66,12.9
8,Dundrum,53.292358,-6.245117,5.3,17,No,"Dundrum, Dublin 16",2012,All bedrooms,All property types,1208.07,1027.43,17.6
8,Dundrum,53.292358,-6.245117,5.3,17,No,"Dundrum, Dublin 16",2012,All bedrooms,Detached house,1559.18,1481.37,5.3
8,Dundrum,53.292358,-6.245117,5.3,17,No,"Dundrum, Dublin 16",2012,All bedrooms,Semi detached house,1424.08,1162.22,22.5
8,Dundrum,53.292358,-6.245117,5.3,17,No,"Dundrum, Dublin 16",2012,All bedrooms,Terrace house,1225.32,1104.94,10.9
8,Dundrum,53.292358,-6.245117,5.3,17,No,"Dundrum, Dublin 16",2012,All bedrooms,Apartment,1156.04,1022.84,13.0
8,Dundrum,53.292358,-6.245117,5.3,17,No,"Dundrum, Dublin 16",2012,One bed,All property types,952.12,738.61,28.9
8,Dundrum,53.292358,-6.245117,5.3,17,No,"Dundrum, Dublin 16",2012,One bed,Apartment,973.1,835.08,16.5
8,Dundrum,53.292358,-6.245117,5.3,17,No,"Dundrum, Dublin 16",2012,Two bed,All property types,1166.21,1032.15,13.0
8,Dundrum,53.292358,-6.245117,5.3,17,No,"Dundrum, Dublin 16",2012,Two bed,Terrace house,1129.5,1000.65,12.9
8,Dundrum,53.292358,-6.245117,5.3,17,No,"Dundrum, Dublin 16",2012,Two bed,Apartment,1175.18,1049.16,12.0
8,Dundrum,53.292358,-6.245117,5.3,17,No,"Dundrum, Dublin 16",2012,Three bed,All property types,1404.16,1158.17,21.2
8,Dundrum,53.292358,-6.245117,5.3,17,No,"Dundrum, Dublin 16",2012,Three bed,Semi detached house,1304.91,1096.61,19.0
8,Dundrum,53.292358,-6.245117,5.3,17,No,"Dundrum, Dublin 16",2012,Three bed,Terrace house,1326.38,1122.32,18.2
8,Dundrum,53.292358,-6.245117,5.3,17,No,"Dundrum, Dublin 16",2012,Three bed,Apartment,1598.76,1293.08,23.6
8,Dundrum,53.292358,-6.245117,5.3,17,No,"Dundrum, Dublin 16",2012,1 to 2 bed,All property types,1114.62,922.41,20.8
8,Dundrum,53.292358,-6.245117,5.3,17,No,"Dundrum, Dublin 16",2012,1 to 2 bed,Terrace house,1129.5,961.18,17.5
8,Dundrum,53.292358,-6.245117,5.3,17,No,"Dundrum, Dublin 16",2012,1 to 2 bed,Apartment,1125.79,981.35,14.7
8,Dundrum,53.292358,-6.245117,5.3,17,No,"Dundrum, Dublin 16",2012,1 to 3 bed,All property types,1162.63,981.47,18.5
8,Dundrum,53.292358,-6.245117,5.3,17,No,"Dundrum, Dublin 16",2012,1 to 3 bed,Semi detached house,1262.44,1072.69,17.7
8,Dundrum,53.292358,-6.245117,5.3,17,No,"Dundrum, Dublin 16",2012,1 to 3 bed,Terrace house,1211.08,1047.36,15.6
8,Dundrum,53.292358,-6.245117,5.3,17,No,"Dundrum, Dublin 16",2012,1 to 3 bed,Apartment,1156.06,1012.1,14.2
8,Dundrum,53.292358,-6.245117,5.3,17,No,"Dundrum, Dublin 16",2012,Four plus bed,All property types,1665.92,1560.66,6.7
8,Dundrum,53.292358,-6.245117,5.3,17,No,"Dundrum, Dublin 16",2012,Four plus bed,Semi detached house,1624.62,1422.71,14.2
9,Balally,53.286106,-6.236772,6.11,19,Yes,"Dundrum, Dublin 16",2012,All bedrooms,All property types,1208.07,1027.43,17.6
9,Balally,53.286106,-6.236772,6.11,19,Yes,"Dundrum, Dublin 16",2012,All bedrooms,Detached house,1559.18,1481.37,5.3
9,Balally,53.286106,-6.236772,6.11,19,Yes,"Dundrum, Dublin 16",2012,All bedrooms,Semi detached house,1424.08,1162.22,22.5
9,Balally,53.286106,-6.236772,6.11,19,Yes,"Dundrum, Dublin 16",2012,All bedrooms,Terrace house,1225.32,1104.94,10.9
9,Balally,53.286106,-6.236772,6.11,19,Yes,"Dundrum, Dublin 16",2012,All bedrooms,Apartment,1156.04,1022.84,13.0
9,Balally,53.286106,-6.236772,6.11,19,Yes,"Dundrum, Dublin 16",2012,One bed,All property types,952.12,738.61,28.9
9,Balally,53.286106,-6.236772,6.11,19,Yes,"Dundrum, Dublin 16",2012,One bed,Apartment,973.1,835.08,16.5
9,Balally,53.286106,-6.236772,6.11,19,Yes,"Dundrum, Dublin 16",2012,Two bed,All property types,1166.21,1032.15,13.0
9,Balally,53.286106,-6.236772,6.11,19,Yes,"Dundrum, Dublin 16",2012,Two bed,Terrace house,1129.5,1000.65,12.9
9,Balally,53.286106,-6.236772,6.11,19,Yes,"Dundrum, Dublin 16",2012,Two bed,Apartment,1175.18,1049.16,12.0
9,Balally,53.286106,-6.236772,6.11,19,Yes,"Dundrum, Dublin 16",2012,Three bed,All property types,1404.16,1158.17,21.2
9,Balally,53.286106,-6.236772,6.11,19,Yes,"Dundrum, Dublin 16",2012,Three bed,Semi detached house,1304.91,1096.61,19.0
9,Balally,53.286106,-6.236772,6.11,19,Yes,"Dundrum, Dublin 16",2012,Three bed,Terrace house,1326.38,1122.32,18.2
9,Balally,53.286106,-6.236772,6.11,19,Yes,"Dundrum, Dublin 16",2012,Three bed,Apartment,1598.76,1293.08,23.6
9,Balally,53.286106,-6.236772,6.11,19,Yes,"Dundrum, Dublin 16",2012,1 to 2 bed,All property types,1114.62,922.41,20.8
9,Balally,53.286106,-6.236772,6.11,19,Yes,"Dundrum, Dublin 16",2012,1 to 2 bed,Terrace house,1129.5,961.18,17.5
9,Balally,53.286106,-6.236772,6.11,19,Yes,"Dundrum, Dublin 16",2012,1 to 2 bed,Apartment,1125.79,981.35,14.7
9,Balally,53.286106,-6.236772,6.11,19,Yes,"Dundrum, Dublin 16",2012,1 to 3 bed,All property types,1162.63,981.47,18.5
9,Balally,53.286106,-6.236772,6.11,19,Yes,"Dundrum, Dublin 16",2012,1 to 3 bed,Semi detached house,1262.44,1072.69,17.7
9,Balally,53.286106,-6.236772,6.11,19,Yes,"Dundrum, Dublin 16",2012,1 to 3 bed,Terrace house,1211.08,1047.36,15.6
9,Balally,53.286106,-6.236772,6.11,19,Yes,"Dundrum, Dublin 16",2012,1 to 3 bed,Apartment,1156.06,1012.1,14.2
9,Balally,53.286106,-6.236772,6.11,19,Yes,"Dundrum, Dublin 16",2012,Four plus bed,All property types,1665.92,1560.66,6.7
9,Balally,53.286106,-6.236772,6.11,19,Yes,"Dundrum, Dublin 16",2012,Four plus bed,Semi detached house,1624.62,1422.71,14.2
10,Kilmacud,53.283008,-6.223886,6.71,21,No,"Stillorgan, Dublin",2012,All bedrooms,All property types,1282.2,1027.43,24.8
10,Kilmacud,53.283008,-6.223886,6.71,21,No,"Stillorgan, Dublin",2012,All bedrooms,Detached house,1696.99,1481.37,14.6
10,Kilmacud,53.283008,-6.223886,6.71,21,No,"Stillorgan, Dublin",2012,All bedrooms,Semi detached house,1486.12,1162.22,27.9
10,Kilmacud,53.283008,-6.223886,6.71,21,No,"Stillorgan, Dublin",2012,All bedrooms,Terrace house,1354.67,1104.94,22.6
10,Kilmacud,53.283008,-6.223886,6.71,21,No,"Stillorgan, Dublin",2012,All bedrooms,Apartment,1178.54,1022.84,15.2
10,Kilmacud,53.283008,-6.223886,6.71,21,No,"Stillorgan, Dublin",2012,One bed,All property types,915.85,738.61,24.0
10,Kilmacud,53.283008,-6.223886,6.71,21,No,"Stillorgan, Dublin",2012,One bed,Apartment,935.7,835.08,12.0
10,Kilmacud,53.283008,-6.223886,6.71,21,No,"Stillorgan, Dublin",2012,Two bed,All property types,1167.13,1032.15,13.1
10,Kilmacud,53.283008,-6.223886,6.71,21,No,"Stillorgan, Dublin",2012,Two bed,Apartment,1164.58,1049.16,11.0
10,Kilmacud,53.283008,-6.223886,6.71,21,No,"Stillorgan, Dublin",2012,Three bed,All property types,1426.67,1158.17,23.2
10,Kilmacud,53.283008,-6.223886,6.71,21,No,"Stillorgan, Dublin",2012,Three bed,Semi detached house,1350.93,1096.61,23.2
10,Kilmacud,53.283008,-6.223886,6.71,21,No,"Stillorgan, Dublin",2012,Three bed,Apartment,1516.81,1293.08,17.3
10,Kilmacud,53.283008,-6.223886,6.71,21,No,"Stillorgan, Dublin",2012,1 to 2 bed,All property types,1111.92,922.41,20.5
10,Kilmacud,53.283008,-6.223886,6.71,21,No,"Stillorgan, Dublin",2012,1 to 2 bed,Apartment,1113.72,981.35,13.5
10,Kilmacud,53.283008,-6.223886,6.71,21,No,"Stillorgan, Dublin",2012,1 to 3 bed,All property types,1202.42,981.47,22.5
10,Kilmacud,53.283008,-6.223886,6.71,21,No,"Stillorgan, Dublin",2012,1 to 3 bed,Semi detached house,1320.34,1072.69,23.1
10,Kilmacud,53.283008,-6.223886,6.71,21,No,"Stillorgan, Dublin",2012,1 to 3 bed,Terrace house,1276.41,1047.36,21.9
10,Kilmacud,53.283008,-6.223886,6.71,21,No,"Stillorgan, Dublin",2012,1 to 3 bed,Apartment,1171.3,1012.1,15.7
10,Kilmacud,53.283008,-6.223886,6.71,21,No,"Stillorgan, Dublin",2012,Four plus bed,All property types,1736.21,1560.66,11.2
10,Kilmacud,53.283008,-6.223886,6.71,21,No,"Stillorgan, Dublin",2012,Four plus bed,Detached house,1790.53,1794.08,-0.2
10,Kilmacud,53.283008,-6.223886,6.71,21,No,"Stillorgan, Dublin",2012,Four plus bed,Semi detached house,1774.57,1422.71,24.7
11,Stillorgan,53.279311,-6.209919,7.47,22,Yes,"Stillorgan, Dublin",2012,All bedrooms,All property types,1282.2,1027.43,24.8
11,Stillorgan,53.279311,-6.209919,7.47,22,Yes,"Stillorgan, Dublin",2012,All bedrooms,Detached house,1696.99,1481.37,14.6
11,Stillorgan,53.279311,-6.209919,7.47,22,Yes,"Stillorgan, Dublin",2012,All bedrooms,Semi detached house,1486.12,1162.22,27.9
11,Stillorgan,53.279311,-6.209919,7.47,22,Yes,"Stillorgan, Dublin",2012,All bedrooms,Terrace house,1354.67,1104.94,22.6
11,Stillorgan,53.279311,-6.209919,7.47,22,Yes,"Stillorgan, Dublin",2012,All bedrooms,Apartment,1178.54,1022.84,15.2
11,Stillorgan,53.279311,-6.209919,7.47,22,Yes,"Stillorgan, Dublin",2012,One bed,All property types,915.85,738.61,24.0
11,Stillorgan,53.279311,-6.209919,7.47,22,Yes,"Stillorgan, Dublin",2012,One bed,Apartment,935.7,835.08,12.0
11,Stillorgan,53.279311,-6.209919,7.47,22,Yes,"Stillorgan, Dublin",2012,Two bed,All property types,1167.13,1032.15,13.1
11,Stillorgan,53.279311,-6.209919,7.47,22,Yes,"Stillorgan, Dublin",2012,Two bed,Apartment,1164.58,1049.16,11.0
11,Stillorgan,53.279311,-6.209919,7.47,22,Yes,"Stillorgan, Dublin",2012,Three bed,All property types,1426.67,1158.17,23.2
11,Stillorgan,53.279311,-6.209919,7.47,22,Yes,"Stillorgan, Dublin",2012,Three bed,Semi detached house,1350.93,1096.61,23.2
11,Stillorgan,53.279311,-6.209919,7.47,22,Yes,"Stillorgan, Dublin",2012,Three bed,Apartment,1516.81,1293.08,17.3
11,Stillorgan,53.279311,-6.209919,7.47,22,Yes,"Stillorgan, Dublin",2012,1 to 2 bed,All property types,1111.92,922.41,20.5
11,Stillorgan,53.279311,-6.209919,7.47,22,Yes,"Stillorgan, Dublin",2012,1 to 2 bed,Apartment,1113.72,981.35,13.5
11,Stillorgan,53.279311,-6.209919,7.47,22,Yes,"Stillorgan, Dublin",2012,1 to 3 bed,All property types,1202.42,981.47,22.5
11,Stillorgan,53.279311,-6.209919,7.47,22,Yes,"Stillorgan, Dublin",2012,1 to 3 bed,Semi detached house,1320.34,1072.69,23.1
11,Stillorgan,53.279311,-6.209919,7.47,22,Yes,"Stillorgan, Dublin",2012,1 to 3 bed,Terrace house,1276.41,1047.36,21.9
11,Stillorgan,53.279311,-6.209919,7.47,22,Yes,"Stillorgan, Dublin",2012,1 to 3 bed,Apartment,1171.3,1012.1,15.7
11,Stillorgan,53.279311,-6.209919,7.47,22,Yes,"Stillorgan, Dublin",2012,Four plus bed,All property types,1736.21,1560.66,11.2
11,Stillorgan,53.279311,-6.209919,7.47,22,Yes,"Stillorgan, Dublin",2012,Four plus bed,Detached house,1790.53,1794.08,-0.2
11,Stillorgan,53.279311,-6.209919,7.47,22,Yes,"Stillorgan, Dublin",2012,Four plus bed,Semi detached house,1774.57,1422.71,24.7
12,Sandyford,53.277603,-6.204678,7.8,24,Yes,"Sandyford, Dublin 18",2012,All bedrooms,All property types,1143.65,1027.43,11.3
12,Sandyford,53.277603,-6.204678,7.8,24,Yes,"Sandyford, Dublin 18",2012,All bedrooms,Semi detached house,1289.34,1162.22,10.9
12,Sandyford,53.277603,-6.204678,7.8,24,Yes,"Sandyford, Dublin 18",2012,All bedrooms,Terrace house,1236.56,1104.94,11.9
12,Sandyford,53.277603,-6.204678,7.8,24,Yes,"Sandyford, Dublin 18",2012,All bedrooms,Apartment,1131.14,1022.84,10.6
12,Sandyford,53.277603,-6.204678,7.8,24,Yes,"Sandyford, Dublin 18",2012,One bed,All property types,928.07,738.61,25.7
12,Sandyford,53.277603,-6.204678,7.8,24,Yes,"Sandyford, Dublin 18",2012,One bed,Apartment,950.35,835.08,13.8
12,Sandyford,53.277603,-6.204678,7.8,24,Yes,"Sandyford, Dublin 18",2012,Two bed,All property types,1142.33,1032.15,10.7
12,Sandyford,53.277603,-6.204678,7.8,24,Yes,"Sandyford, Dublin 18",2012,Two bed,Apartment,1141.64,1049.16,8.8
12,Sandyford,53.277603,-6.204678,7.8,24,Yes,"Sandyford, Dublin 18",2012,Three bed,All property types,1305.67,1158.17,12.7
12,Sandyford,53.277603,-6.204678,7.8,24,Yes,"Sandyford, Dublin 18",2012,Three bed,Semi detached house,1208.71,1096.61,10.2
12,Sandyford,53.277603,-6.204678,7.8,24,Yes,"Sandyford, Dublin 18",2012,Three bed,Apartment,1366.16,1293.08,5.7
12,Sandyford,53.277603,-6.204678,7.8,24,Yes,"Sandyford, Dublin 18",2012,1 to 2 bed,All property types,1085.88,922.41,17.7
12,Sandyford,53.277603,-6.204678,7.8,24,Yes,"Sandyford, Dublin 18",2012,1 to 2 bed,Apartment,1094.74,981.35,11.6
12,Sandyford,53.277603,-6.204678,7.8,24,Yes,"Sandyford, Dublin 18",2012,1 to 3 bed,All property types,1129.4,981.47,15.1
12,Sandyford,53.277603,-6.204678,7.8,24,Yes,"Sandyford, Dublin 18",2012,1 to 3 bed,Semi detached house,1205.88,1072.69,12.4
12,Sandyford,53.277603,-6.204678,7.8,24,Yes,"Sandyford, Dublin 18",2012,1 to 3 bed,Apartment,1130.47,1012.1,11.7
12,Sandyford,53.277603,-6.204678,7.8,24,Yes,"Sandyford, Dublin 18",2012,Four plus bed,All property types,1473.04,1560.66,-5.6
12,Sandyford,53.277603,-6.204678,7.8,24,Yes,"Sandyford, Dublin 18",2012,Four plus bed,Semi detached house,1461.3,1422.71,2.7
13,Central Park,53.27015,-6.203764,8.57,26,No,"Leopardstown, Dublin 18",2012,All bedrooms,All property types,1239.53,1027.43,20.6
13,Central Park,53.27015,-6.203764,8.57,26,No,"Leopardstown, Dublin 18",2012,All bedrooms,Semi detached house,1341.26,1162.22,15.4
13,Central Park,53.27015,-6.203764,8.57,26,No,"Leopardstown, Dublin 18",2012,All bedrooms,Apartment,1186.2,1022.84,16.0
13,Central Park,53.27015,-6.203764,8.57,26,No,"Leopardstown, Dublin 18",2012,One bed,All property types,1004.91,738.61,36.1
13,Central Park,53.27015,-6.203764,8.57,26,No,"Leopardstown, Dublin 18",2012,One bed,Apartment,1004.91,835.08,20.3
13,Central Park,53.27015,-6.203764,8.57,26,No,"Leopardstown, Dublin 18",2012,Two bed,All property types,1185.58,1032.15,14.9
13,Central Park,53.27015,-6.203764,8.57,26,No,"Leopardstown, Dublin 18",2012,Two bed,Apartment,1182.84,1049.16,12.7
13,Central Park,53.27015,-6.203764,8.57,26,No,"Leopardstown, Dublin 18",2012,Three bed,All property types,1325.28,1158.17,14.4
13,Central Park,53.27015,-6.203764,8.57,26,No,"Leopardstown, Dublin 18",2012,Three bed,Semi detached house,1240.0,1096.61,13.1
13,Central Park,53.27015,-6.203764,8.57,26,No,"Leopardstown, Dublin 18",2012,Three bed,Apartment,1509.38,1293.08,16.7
13,Central Park,53.27015,-6.203764,8.57,26,No,"Leopardstown, Dublin 18",2012,1 to 2 bed,All property types,1149.32,922.41,24.6
13,Central Park,53.27015,-6.203764,8.57,26,No,"Leopardstown, Dublin 18",2012,1 to 2 bed,Apartment,1146.48,981.35,16.8
13,Central Park,53.27015,-6.203764,8.57,26,No,"Leopardstown, Dublin 18",2012,1 to 3 bed,All property types,1198.42,981.47,22.1
13,Central Park,53.27015,-6.203764,8.57,26,No,"Leopardstown, Dublin 18",2012,1 to 3 bed,Semi detached house,1241.5,1072.69,15.7
13,Central Park,53.27015,-6.203764,8.57,26,No,"Leopardstown, Dublin 18",2012,1 to 3 bed,Apartment,1184.43,1012.1,17.0
13,Central Park,53.27015,-6.203764,8.57,26,No,"Leopardstown, Dublin 18",2012,Four plus bed,All property types,1557.7,1560.66,-0.2
13,Central Park,53.27015,-6.203764,8.57,26,No,"Leopardstown, Dublin 18",2012,Four plus bed,Semi detached house,1530.0,1422.71,7.5
14,Glencairn,53.266336,-6.209942,8.78,28,No,"Leopardstown, Dublin 18",2012,All bedrooms,All property types,1239.53,1027.43,20.6
14,Glencairn,53.266336,-6.209942,8.78,28,No,"Leopardstown, Dublin 18",2012,All bedrooms,Semi detached house,1341.26,1162.22,15.4
14,Glencairn,53.266336,-6.209942,8.78,28,No,"Leopardstown, Dublin 18",2012,All bedrooms,Apartment,1186.2,1022.84,16.0
14,Glencairn,53.266336,-6.209942,8.78,28,No,"Leopardstown, Dublin 18",2012,One bed,All property types,1004.91,738.61,36.1
14,Glencairn,53.266336,-6.209942,8.78,28,No,"Leopardstown, Dublin 18",2012,One bed,Apartment,1004.91,835.08,20.3
14,Glencairn,53.266336,-6.209942,8.78,28,No,"Leopardstown, Dublin 18",2012,Two bed,All property types,1185.58,1032.15,14.9
14,Glencairn,53.266336,-6.209942,8.78,28,No,"Leopardstown, Dublin 18",2012,Two bed,Apartment,1182.84,1049.16,12.7
14,Glencairn,53.266336,-6.209942,8.78,28,No,"Leopardstown, Dublin 18",2012,Three bed,All property types,1325.28,1158.17,14.4
14,Glencairn,53.266336,-6.209942,8.78,28,No,"Leopardstown, Dublin 18",2012,Three bed,Semi detached house,1240.0,1096.61,13.1
14,Glencairn,53.266336,-6.209942,8.78,28,No,"Leopardstown, Dublin 18",2012,Three bed,Apartment,1509.38,1293.08,16.7
14,Glencairn,53.266336,-6.209942,8.78,28,No,"Leopardstown, Dublin 18",2012,1 to 2 bed,All property types,1149.32,922.41,24.6
14,Glencairn,53.266336,-6.209942,8.78,28,No,"Leopardstown, Dublin 18",2012,1 to 2 bed,Apartment,1146.48,981.35,16.8
14,Glencairn,53.266336,-6.209942,8.78,28,No,"Leopardstown, Dublin 18",2012,1 to 3 bed,All property types,1198.42,981.47,22.1
14,Glencairn,53.266336,-6.209942,8.78,28,No,"Leopardstown, Dublin 18",2012,1 to 3 bed,Semi detached house,1241.5,1072.69,15.7
14,Glencairn,53.266336,-6.209942,8.78,28,No,"Leopardstown, Dublin 18",2012,1 to 3 bed,Apartment,1184.43,1012.1,17.0
14,Glencairn,53.266336,-6.209942,8.78,28,No,"Leopardstown, Dublin 18",2012,Four plus bed,All property types,1557.7,1560.66,-0.2
14,Glencairn,53.266336,-6.209942,8.78,28,No,"Leopardstown, Dublin 18",2012,Four plus bed,Semi detached house,1530.0,1422.71,7.5
15,The Gallops,53.261164,-6.206022,9.41,29,No,"Leopardstown, Dublin 18",2012,All bedrooms,All property types,1239.53,1027.43,20.6
15,The Gallops,53.261164,-6.206022,9.41,29,No,"Leopardstown, Dublin 18",2012,All bedrooms,Semi detached house,1341.26,1162.22,15.4
15,The Gallops,53.261164,-6.206022,9.41,29,No,"Leopardstown, Dublin 18",2012,All bedrooms,Apartment,1186.2,1022.84,16.0
15,The Gallops,53.261164,-6.206022,9.41,29,No,"Leopardstown, Dublin 18",2012,One bed,All property types,1004.91,738.61,36.1
15,The Gallops,53.261164,-6.206022,9.41,29,No,"Leopardstown, Dublin 18",2012,One bed,Apartment,1004.91,835.08,20.3
15,The Gallops,53.261164,-6.206022,9.41,29,No,"Leopardstown, Dublin 18",2012,Two bed,All property types,1185.58,1032.15,14.9
15,The Gallops,53.261164,-6.206022,9.41,29,No,"Leopardstown, Dublin 18",2012,Two bed,Apartment,1182.84,1049.16,12.7
15,The Gallops,53.261164,-6.206022,9.41,29,No,"Leopardstown, Dublin 18",2012,Three bed,All property types,1325.28,1158.17,14.4
15,The Gallops,53.261164,-6.206022,9.41,29,No,"Leopardstown, Dublin 18",2012,Three bed,Semi detached house,1240.0,1096.61,13.1
15,The Gallops,53.261164,-6.206022,9.41,29,No,"Leopardstown, Dublin 18",2012,Three bed,Apartment,1509.38,1293.08,16.7
15,The Gallops,53.261164,-6.206022,9.41,29,No,"Leopardstown, Dublin 18",2012,1 to 2 bed,All property types,1149.32,922.41,24.6
15,The Gallops,53.261164,-6.206022,9.41,29,No,"Leopardstown, Dublin 18",2012,1 to 2 bed,Apartment,1146.48,981.35,16.8
15,The Gallops,53.261164,-6.206022,9.41,29,No,"Leopardstown, Dublin 18",2012,1 to 3 bed,All property types,1198.42,981.47,22.1
15,The Gallops,53.261164,-6.206022,9.41,29,No,"Leopardstown, Dublin 18",2012,1 to 3 bed,Semi detached house,1241.5,1072.69,15.7
15,The Gallops,53.261164,-6.206022,9.41,29,No,"Leopardstown, Dublin 18",2012,1 to 3 bed,Apartment,1184.43,1012.1,17.0
15,The Gallops,53.261164,-6.206022,9.41,29,No,"Leopardstown, Dublin 18",2012,Four plus bed,All property types,1557.7,1560.66,-0.2
15,The Gallops,53.261164,-6.206022,9.41,29,No,"Leopardstown, Dublin 18",2012,Four plus bed,Semi detached house,1530.0,1422.71,7.5
16,Leopardstown Valley,53.258247,-6.198361,9.91,31,No,"Leopardstown, Dublin 18",2012,All bedrooms,All property types,1239.53,1027.43,20.6
16,Leopardstown Valley,53.258247,-6.198361,9.91,31,No,"Leopardstown, Dublin 18",2012,All bedrooms,Semi detached house,1341.26,1162.22,15.4
16,Leopardstown Valley,53.258247,-6.198361,9.91,31,No,"Leopardstown, Dublin 18",2012,All bedrooms,Apartment,1186.2,1022.84,16.0
16,Leopardstown Valley,53.258247,-6.198361,9.91,31,No,"Leopardstown, Dublin 18",2012,One bed,All property types,1004.91,738.61,36.1
16,Leopardstown Valley,53.258247,-6.198361,9.91,31,No,"Leopardstown, Dublin 18",2012,One bed,Apartment,1004.91,835.08,20.3
16,Leopardstown Valley,53.258247,-6.198361,9.91,31,No,"Leopardstown, Dublin 18",2012,Two bed,All property types,1185.58,1032.15,14.9
16,Leopardstown Valley,53.258247,-6.198361,9.91,31,No,"Leopardstown, Dublin 18",2012,Two bed,Apartment,1182.84,1049.16,12.7
16,Leopardstown Valley,53.258247,-6.198361,9.91,31,No,"Leopardstown, Dublin 18",2012,Three bed,All property types,1325.28,1158.17,14.4
16,Leopardstown Valley,53.258247,-6.198361,9.91,31,No,"Leopardstown, Dublin 18",2012,Three bed,Semi detached house,1240.0,1096.61,13.1
16,Leopardstown Valley,53.258247,-6.198361,9.91,31,No,"Leopardstown, Dublin 18",2012,Three bed,Apartment,1509.38,1293.08,16.7
16,Leopardstown Valley,53.258247,-6.198361,9.91,31,No,"Leopardstown, Dublin 18",2012,1 to 2 bed,All property types,1149.32,922.41,24.6
16,Leopardstown Valley,53.258247,-6.198361,9.91,31,No,"Leopardstown, Dublin 18",2012,1 to 2 bed,Apartment,1146.48,981.35,16.8
16,Leopardstown Valley,53.258247,-6.198361,9.91,31,No,"Leopardstown, Dublin 18",2012,1 to 3 bed,All property types,1198.42,981.47,22.1
16,Leopardstown Valley,53.258247,-6.198361,9.91,31,No,"Leopardstown, Dublin 18",2012,1 to 3 bed,Semi detached house,1241.5,1072.69,15.7
16,Leopardstown Valley,53.258247,-6.198361,9.91,31,No,"Leopardstown, Dublin 18",2012,1 to 3 bed,Apartment,1184.43,1012.1,17.0
16,Leopardstown Valley,53.258247,-6.198361,9.91,31,No,"Leopardstown, Dublin 18",2012,Four plus bed,All property types,1557.7,1560.66,-0.2
16,Leopardstown Valley,53.258247,-6.198361,9.91,31,No,"Leopardstown, Dublin 18",2012,Four plus bed,Semi detached house,1530.0,1422.71,7.5
17,Ballyogan Wood,53.255047,-6.184475,10.65,33,No,"Carrickmines, Dublin 18",2012,All bedrooms,All property types,1223.71,1027.43,19.1
17,Ballyogan Wood,53.255047,-6.184475,10.65,33,No,"Carrickmines, Dublin 18",2012,All bedrooms,Apartment,1087.93,1022.84,6.4
17,Ballyogan Wood,53.255047,-6.184475,10.65,33,No,"Carrickmines, Dublin 18",2012,One bed,All property types,878.51,738.61,18.9
17,Ballyogan Wood,53.255047,-6.184475,10.65,33,No,"Carrickmines, Dublin 18",2012,One bed,Apartment,872.27,835.08,4.5
17,Ballyogan Wood,53.255047,-6.184475,10.65,33,No,"Carrickmines, Dublin 18",2012,Two bed,All property types,1121.49,1032.15,8.7
17,Ballyogan Wood,53.255047,-6.184475,10.65,33,No,"Carrickmines, Dublin 18",2012,Two bed,Apartment,1108.95,1049.16,5.7
17,Ballyogan Wood,53.255047,-6.184475,10.65,33,No,"Carrickmines, Dublin 18",2012,Three bed,All property types,1377.98,1158.17,19.0
17,Ballyogan Wood,53.255047,-6.184475,10.65,33,No,"Carrickmines, Dublin 18",2012,1 to 2 bed,All property types,1046.63,922.41,13.5
17,Ballyogan Wood,53.255047,-6.184475,10.65,33,No,"Carrickmines, Dublin 18",2012,1 to 2 bed,Apartment,1035.82,981.35,5.6
17,Ballyogan Wood,53.255047,-6.184475,10.65,33,No,"Carrickmines, Dublin 18",2012,1 to 3 bed,All property types,1107.93,981.47,12.9
17,Ballyogan Wood,53.255047,-6.184475,10.65,33,No,"Carrickmines, Dublin 18",2012,1 to 3 bed,Apartment,1074.51,1012.1,6.2
18,Racecourse,53.255367,-6.175161,10.93,34,No,"Leopardstown, Dublin 18",2012,All bedrooms,All property types,1239.53,1027.43,20.6
18,Racecourse,53.255367,-6.175161,10.93,34,No,"Leopardstown, Dublin 18",2012,All bedrooms,Semi detached house,1341.26,1162.22,15.4
18,Racecourse,53.255367,-6.175161,10.93,34,No,"Leopardstown, Dublin 18",2012,All bedrooms,Apartment,1186.2,1022.84,16.0
18,Racecourse,53.255367,-6.175161,10.93,34,No,"Leopardstown, Dublin 18",2012,One bed,All property types,1004.91,738.61,36.1
18,Racecourse,53.255367,-6.175161,10.93,34,No,"Leopardstown, Dublin 18",2012,One bed,Apartment,1004.91,835.08,20.3
18,Racecourse,53.255367,-6.175161,10.93,34,No,"Leopardstown, Dublin 18",2012,Two bed,All property types,1185.58,1032.15,14.9
18,Racecourse,53.255367,-6.175161,10.93,34,No,"Leopardstown, Dublin 18",2012,Two bed,Apartment,1182.84,1049.16,12.7
18,Racecourse,53.255367,-6.175161,10.93,34,No,"Leopardstown, Dublin 18",2012,Three bed,All property types,1325.28,1158.17,14.4
18,Racecourse,53.255367,-6.175161,10.93,34,No,"Leopardstown, Dublin 18",2012,Three bed,Semi detached house,1240.0,1096.61,13.1
18,Racecourse,53.255367,-6.175161,10.93,34,No,"Leopardstown, Dublin 18",2012,Three bed,Apartment,1509.38,1293.08,16.7
18,Racecourse,53.255367,-6.175161,10.93,34,No,"Leopardstown, Dublin 18",2012,1 to 2 bed,All property types,1149.32,922.41,24.6
18,Racecourse,53.255367,-6.175161,10.93,34,No,"Leopardstown, Dublin 18",2012,1 to 2 bed,Apartment,1146.48,981.35,16.8
18,Racecourse,53.255367,-6.175161,10.93,34,No,"Leopardstown, Dublin 18",2012,1 to 3 bed,All property types,1198.42,981.47,22.1
18,Racecourse,53.255367,-6.175161,10.93,34,No,"Leopardstown, Dublin 18",2012,1 to 3 bed,Semi detached house,1241.5,1072.69,15.7
18,Racecourse,53.255367,-6.175161,10.93,34,No,"Leopardstown, Dublin 18",2012,1 to 3 bed,Apartment,1184.43,1012.1,17.0
18,Racecourse,53.255367,-6.175161,10.93,34,No,"Leopardstown, Dublin 18",2012,Four plus bed,All property types,1557.7,1560.66,-0.2
18,Racecourse,53.255367,-6.175161,10.93,34,No,"Leopardstown, Dublin 18",2012,Four plus bed,Semi detached house,1530.0,1422.71,7.5
19,Carrickmines,53.254033,-6.169908,11.24,36,Yes,"Carrickmines, Dublin 18",2012,All bedrooms,All property types,1223.71,1027.43,19.1
19,Carrickmines,53.254033,-6.169908,11.24,36,Yes,"Carrickmines, Dublin 18",2012,All bedrooms,Apartment,1087.93,1022.84,6.4
19,Carrickmines,53.254033,-6.169908,11.24,36,Yes,"Carrickmines, Dublin 18",2012,One bed,All property types,878.51,738.61,18.9
19,Carrickmines,53.254033,-6.169908,11.24,36,Yes,"Carrickmines, Dublin 18",2012,One bed,Apartment,872.27,835.08,4.5
19,Carrickmines,53.254033,-6.169908,11.24,36,Yes,"Carrickmines, Dublin 18",2012,Two bed,All property types,1121.49,1032.15,8.7
19,Carrickmines,53.254033,-6.169908,11.24,36,Yes,"Carrickmines, Dublin 18",2012,Two bed,Apartment,1108.95,1049.16,5.7
19,Carrickmines,53.254033,-6.169908,11.24,36,Yes,"Carrickmines, Dublin 18",2012,Three bed,All property types,1377.98,1158.17,19.0
19,Carrickmines,53.254033,-6.169908,11.24,36,Yes,"Carrickmines, Dublin 18",2012,1 to 2 bed,All property types,1046.63,922.41,13.5
19,Carrickmines,53.254033,-6.169908,11.24,36,Yes,"Carrickmines, Dublin 18",2012,1 to 2 bed,Apartment,1035.82,981.35,5.6
19,Carrickmines,53.254033,-6.169908,11.24,36,Yes,"Carrickmines, Dublin 18",2012,1 to 3 bed,All property types,1107.93,981.47,12.9
19,Carrickmines,53.254033,-6.169908,11.24,36,Yes,"Carrickmines, Dublin 18",2012,1 to 3 bed,Apartment,1074.51,1012.1,6.2
20,Brennanstown,53.252619,-6.161597,11.68,37,No,"Cabinteely, Dublin 18",2012,All bedrooms,All property types,1147.92,1027.43,11.7
20,Brennanstown,53.252619,-6.161597,11.68,37,No,"Cabinteely, Dublin 18",2012,All bedrooms,Detached house,1638.64,1481.37,10.6
20,Brennanstown,53.252619,-6.161597,11.68,37,No,"Cabinteely, Dublin 18",2012,All bedrooms,Semi detached house,1345.66,1162.22,15.8
20,Brennanstown,53.252619,-6.161597,11.68,37,No,"Cabinteely, Dublin 18",2012,All bedrooms,Apartment,1063.66,1022.84,4.0
20,Brennanstown,53.252619,-6.161597,11.68,37,No,"Cabinteely, Dublin 18",2012,One bed,All property types,849.62,738.61,15.0
20,Brennanstown,53.252619,-6.161597,11.68,37,No,"Cabinteely, Dublin 18",2012,One bed,Apartment,858.88,835.08,2.9
20,Brennanstown,53.252619,-6.161597,11.68,37,No,"Cabinteely, Dublin 18",2012,Two bed,All property types,1023.01,1032.15,-0.9
20,Brennanstown,53.252619,-6.161597,11.68,37,No,"Cabinteely, Dublin 18",2012,Two bed,Apartment,1022.0,1049.16,-2.6
20,Brennanstown,53.252619,-6.161597,11.68,37,No,"Cabinteely, Dublin 18",2012,Three bed,All property types,1280.98,1158.17,10.6
20,Brennanstown,53.252619,-6.161597,11.68,37,No,"Cabinteely, Dublin 18",2012,Three bed,Semi detached house,1282.5,1096.61,17.0
20,Brennanstown,53.252619,-6.161597,11.68,37,No,"Cabinteely, Dublin 18",2012,Three bed,Apartment,1275.34,1293.08,-1.4
20,Brennanstown,53.252619,-6.161597,11.68,37,No,"Cabinteely, Dublin 18",2012,1 to 2 bed,All property types,991.15,922.41,7.5
20,Brennanstown,53.252619,-6.161597,11.68,37,No,"Cabinteely, Dublin 18",2012,1 to 2 bed,Apartment,992.61,981.35,1.1
20,Brennanstown,53.252619,-6.161597,11.68,37,No,"Cabinteely, Dublin 18",2012,1 to 3 bed,All property types,1090.67,981.47,11.1
20,Brennanstown,53.252619,-6.161597,11.68,37,No,"Cabinteely, Dublin 18",2012,1 to 3 bed,Semi detached house,1264.24,1072.69,17.9
20,Brennanstown,53.252619,-6.161597,11.68,37,No,"Cabinteely, Dublin 18",2012,1 to 3 bed,Apartment,1061.72,1012.1,4.9
20,Brennanstown,53.252619,-6.161597,11.68,37,No,"Cabinteely, Dublin 18",2012,Four plus bed,All property types,1641.4,1560.66,5.2
21,Laughanstown,53.250606,-6.155006,12.11,39,No,"Cabinteely, Dublin 18",2012,All bedrooms,All property types,1147.92,1027.43,11.7
21,Laughanstown,53.250606,-6.155006,12.11,39,No,"Cabinteely, Dublin 18",2012,All bedrooms,Detached house,1638.64,1481.37,10.6
21,Laughanstown,53.250606,-6.155006,12.11,39,No,"Cabinteely, Dublin 18",2012,All bedrooms,Semi detached house,1345.66,1162.22,15.8
21,Laughanstown,53.250606,-6.155006,12.11,39,No,"Cabinteely, Dublin 18",2012,All bedrooms,Apartment,1063.66,1022.84,4.0
21,Laughanstown,53.250606,-6.155006,12.11,39,No,"Cabinteely, Dublin 18",2012,One bed,All property types,849.62,738.61,15.0
21,Laughanstown,53.250606,-6.155006,12.11,39,No,"Cabinteely, Dublin 18",2012,One bed,Apartment,858.88,835.08,2.9
21,Laughanstown,53.250606,-6.155006,12.11,39,No,"Cabinteely, Dublin 18",2012,Two bed,All property types,1023.01,1032.15,-0.9
21,Laughanstown,53.250606,-6.155006,12.11,39,No,"Cabinteely, Dublin 18",2012,Two bed,Apartment,1022.0,1049.16,-2.6
21,Laughanstown,53.250606,-6.155006,12.11,39,No,"Cabinteely, Dublin 18",2012,Three bed,All property types,1280.98,1158.17,10.6
21,Laughanstown,53.250606,-6.155006,12.11,39,No,"Cabinteely, Dublin 18",2012,Three bed,Semi detached house,1282.5,1096.61,17.0
21,Laughanstown,53.250606,-6.155006,12.11,39,No,"Cabinteely, Dublin 18",2012,Three bed,Apartment,1275.34,1293.08,-1.4
21,Laughanstown,53.250606,-6.155006,12.11,39,No,"Cabinteely, Dublin 18",2012,1 to 2 bed,All property types,991.15,922.41,7.5
21,Laughanstown,53.250606,-6.155006,12.11,39,No,"Cabinteely, Dublin 18",2012,1 to 2 bed,Apartment,992.61,981.35,1.1
21,Laughanstown,53.250606,-6.155006,12.11,39,No,"Cabinteely, Dublin 18",2012,1 to 3 bed,All property types,1090.67,981.47,11.1
21,Laughanstown,53.250606,-6.155006,12.11,39,No,"Cabinteely, Dublin 18",2012,1 to 3 bed,Semi detached house,1264.24,1072.69,17.9
21,Laughanstown,53.250606,-6.155006,12.11,39,No,"Cabinteely, Dublin 18",2012,1 to 3 bed,Apartment,1061.72,1012.1,4.9
21,Laughanstown,53.250606,-6.155006,12.11,39,No,"Cabinteely, Dublin 18",2012,Four plus bed,All property types,1641.4,1560.66,5.2
22,Cherrywood,53.245333,-6.145853,12.94,41,No,"Cabinteely, Dublin 18",2012,All bedrooms,All property types,1147.92,1027.43,11.7
22,Cherrywood,53.245333,-6.145853,12.94,41,No,"Cabinteely, Dublin 18",2012,All bedrooms,Detached house,1638.64,1481.37,10.6
22,Cherrywood,53.245333,-6.145853,12.94,41,No,"Cabinteely, Dublin 18",2012,All bedrooms,Semi detached house,1345.66,1162.22,15.8
22,Cherrywood,53.245333,-6.145853,12.94,41,No,"Cabinteely, Dublin 18",2012,All bedrooms,Apartment,1063.66,1022.84,4.0
22,Cherrywood,53.245333,-6.145853,12.94,41,No,"Cabinteely, Dublin 18",2012,One bed,All property types,849.62,738.61,15.0
22,Cherrywood,53.245333,-6.145853,12.94,41,No,"Cabinteely, Dublin 18",2012,One bed,Apartment,858.88,835.08,2.9
22,Cherrywood,53.245333,-6.145853,12.94,41,No,"Cabinteely, Dublin 18",2012,Two bed,All property types,1023.01,1032.15,-0.9
22,Cherrywood,53.245333,-6.145853,12.94,41,No,"Cabinteely, Dublin 18",2012,Two bed,Apartment,1022.0,1049.16,-2.6
22,Cherrywood,53.245333,-6.145853,12.94,41,No,"Cabinteely, Dublin 18",2012,Three bed,All property types,1280.98,1158.17,10.6
22,Cherrywood,53.245333,-6.145853,12.94,41,No,"Cabinteely, Dublin 18",2012,Three bed,Semi detached house,1282.5,1096.61,17.0
22,Cherrywood,53.245333,-6.145853,12.94,41,No,"Cabinteely, Dublin 18",2012,Three bed,Apartment,1275.34,1293.08,-1.4
22,Cherrywood,53.245333,-6.145853,12.94,41,No,"Cabinteely, Dublin 18",2012,1 to 2 bed,All property types,991.15,922.41,7.5
22,Cherrywood,53.245333,-6.145853,12.94,41,No,"Cabinteely, Dublin 18",2012,1 to 2 bed,Apartment,992.61,981.35,1.1
22,Cherrywood,53.245333,-6.145853,12.94,41,No,"Cabinteely, Dublin 18",2012,1 to 3 bed,All property types,1090.67,981.47,11.1
22,Cherrywood,53.245333,-6.145853,12.94,41,No,"Cabinteely, Dublin 18",2012,1 to 3 bed,Semi detached house,1264.24,1072.69,17.9
22,Cherrywood,53.245333,-6.145853,12.94,41,No,"Cabinteely, Dublin 18",2012,1 to 3 bed,Apartment,1061.72,1012.1,4.9
22,Cherrywood,53.245333,-6.145853,12.94,41,No,"Cabinteely, Dublin 18",2012,Four plus bed,All property types,1641.4,1560.66,5.2
23,Brides Glen,53.242075,-6.142886,13.35,42,No,"Shankill, Dublin",2012,All bedrooms,All property types,1105.33,1027.43,7.6
23,Brides Glen,53.242075,-6.142886,13.35,42,No,"Shankill, Dublin",2012,All bedrooms,Semi detached house,1228.26,1162.22,5.7
23,Brides Glen,53.242075,-6.142886,13.35,42,No,"Shankill, Dublin",2012,All bedrooms,Apartment,979.64,1022.84,-4.2
23,Brides Glen,53.242075,-6.142886,13.35,42,No,"Shankill, Dublin",2012,Two bed,All property types,982.79,1032.15,-4.8
23,Brides Glen,53.242075,-6.142886,13.35,42,No,"Shankill, Dublin",2012,Two bed,Apartment,986.47,1049.16,-6.0
23,Brides Glen,53.242075,-6.142886,13.35,42,No,"Shankill, Dublin",2012,Three bed,All property types,1134.25,1158.17,-2.1
23,Brides Glen,53.242075,-6.142886,13.35,42,No,"Shankill, Dublin",2012,Three bed,Semi detached house,1129.02,1096.61,3.0
23,Brides Glen,53.242075,-6.142886,13.35,42,No,"Shankill, Dublin",2012,1 to 2 bed,All property types,962.33,922.41,4.3
23,Brides Glen,53.242075,-6.142886,13.35,42,No,"Shankill, Dublin",2012,1 to 2 bed,Apartment,962.07,981.35,-2.0
23,Brides Glen,53.242075,-6.142886,13.35,42,No,"Shankill, Dublin",2012,1 to 3 bed,All property types,1030.74,981.47,5.0
23,Brides Glen,53.242075,-6.142886,13.35,42,No,"Shankill, Dublin",2012,1 to 3 bed,Semi detached house,1112.71,1072.69,3.7
23,Brides Glen,53.242075,-6.142886,13.35,42,No,"Shankill, Dublin",2012,1 to 3 bed,Apartment,979.64,1012.1,-3.2
23,Brides Glen,53.242075,-6.142886,13.35,42,No,"Shankill, Dublin",2012,Four plus bed,All property types,1480.26,1560.66,-5.2
0,St. Stephen's Green,53.339072,-6.261333,0.0,0,No,"Charlemont Street, Dublin 2",2013,All bedrooms,All property types,1295.2,1069.77,21.1
0,St. Stephen's Green,53.339072,-6.261333,0.0,0,No,"Charlemont Street, Dublin 2",2013,All bedrooms,Apartment,1295.2,1068.52,21.2
0,St. Stephen's Green,53.339072,-6.261333,0.0,0,No,"Charlemont Street, Dublin 2",2013,Two bed,All property types,1235.16,1076.6,14.7
0,St. Stephen's Green,53.339072,-6.261333,0.0,0,No,"Charlemont Street, Dublin 2",2013,Two bed,Apartment,1235.16,1096.37,12.7
0,St. Stephen's Green,53.339072,-6.261333,0.0,0,No,"Charlemont Street, Dublin 2",2013,1 to 2 bed,All property types,1171.25,960.65,21.9
0,St. Stephen's Green,53.339072,-6.261333,0.0,0,No,"Charlemont Street, Dublin 2",2013,1 to 2 bed,Apartment,1171.25,1023.91,14.4
0,St. Stephen's Green,53.339072,-6.261333,0.0,0,No,"Charlemont Street, Dublin 2",2013,1 to 3 bed,All property types,1295.2,1017.89,27.2
0,St. Stephen's Green,53.339072,-6.261333,0.0,0,No,"Charlemont Street, Dublin 2",2013,1 to 3 bed,Apartment,1295.2,1054.13,22.9
1,Harcourt,53.333358,-6.26265,0.64,2,No,"Charlemont Street, Dublin 2",2013,All bedrooms,All property types,1295.2,1069.77,21.1
1,Harcourt,53.333358,-6.26265,0.64,2,No,"Charlemont Street, Dublin 2",2013,All bedrooms,Apartment,1295.2,1068.52,21.2
1,Harcourt,53.333358,-6.26265,0.64,2,No,"Charlemont Street, Dublin 2",2013,Two bed,All property types,1235.16,1076.6,14.7
1,Harcourt,53.333358,-6.26265,0.64,2,No,"Charlemont Street, Dublin 2",2013,Two bed,Apartment,1235.16,1096.37,12.7
1,Harcourt,53.333358,-6.26265,0.64,2,No,"Charlemont Street, Dublin 2",2013,1 to 2 bed,All property types,1171.25,960.65,21.9
1,Harcourt,53.333358,-6.26265,0.64,2,No,"Charlemont Street, Dublin 2",2013,1 to 2 bed,Apartment,1171.25,1023.91,14.4
1,Harcourt,53.333358,-6.26265,0.64,2,No,"Charlemont Street, Dublin 2",2013,1 to 3 bed,All property types,1295.2,1017.89,27.2
1,Harcourt,53.333358,-6.26265,0.64,2,No,"Charlemont Street, Dublin 2",2013,1 to 3 bed,Apartment,1295.2,1054.13,22.9
2,Charlemont,53.330669,-6.258683,0.95,4,No,"Charlemont Street, Dublin 2",2013,All bedrooms,All property types,1295.2,1069.77,21.1
2,Charlemont,53.330669,-6.258683,0.95,4,No,"Charlemont Street, Dublin 2",2013,All bedrooms,Apartment,1295.2,1068.52,21.2
2,Charlemont,53.330669,-6.258683,0.95,4,No,"Charlemont Street, Dublin 2",2013,Two bed,All property types,1235.16,1076.6,14.7
2,Charlemont,53.330669,-6.258683,0.95,4,No,"Charlemont Street, Dublin 2",2013,Two bed,Apartment,1235.16,1096.37,12.7
2,Charlemont,53.330669,-6.258683,0.95,4,No,"Charlemont Street, Dublin 2",2013,1 to 2 bed,All property types,1171.25,960.65,21.9
2,Charlemont,53.330669,-6.258683,0.95,4,No,"Charlemont Street, Dublin 2",2013,1 to 2 bed,Apartment,1171.25,1023.91,14.4
2,Charlemont,53.330669,-6.258683,0.95,4,No,"Charlemont Street, Dublin 2",2013,1 to 3 bed,All property types,1295.2,1017.89,27.2
2,Charlemont,53.330669,-6.258683,0.95,4,No,"Charlemont Street, Dublin 2",2013,1 to 3 bed,Apartment,1295.2,1054.13,22.9
3,Ranelagh,53.326433,-6.256203,1.45,7,No,"Ranelagh, Dublin 6",2013,All bedrooms,All property types,1086.0,1069.77,1.5
3,Ranelagh,53.326433,-6.256203,1.45,7,No,"Ranelagh, Dublin 6",2013,All bedrooms,Semi detached house,1736.68,1205.82,44.0
3,Ranelagh,53.326433,-6.256203,1.45,7,No,"Ranelagh, Dublin 6",2013,All bedrooms,Terrace house,1626.68,1144.65,42.1
3,Ranelagh,53.326433,-6.256203,1.45,7,No,"Ranelagh, Dublin 6",2013,All bedrooms,Apartment,1162.63,1068.52,8.8
3,Ranelagh,53.326433,-6.256203,1.45,7,No,"Ranelagh, Dublin 6",2013,All bedrooms,Other flats,680.71,658.23,3.4
3,Ranelagh,53.326433,-6.256203,1.45,7,No,"Ranelagh, Dublin 6",2013,One bed,All property types,750.75,767.51,-2.2
3,Ranelagh,53.326433,-6.256203,1.45,7,No,"Ranelagh, Dublin 6",2013,One bed,Apartment,998.62,867.96,15.1
3,Ranelagh,53.326433,-6.256203,1.45,7,No,"Ranelagh, Dublin 6",2013,One bed,Other flats,633.84,596.82,6.2
3,Ranelagh,53.326433,-6.256203,1.45,7,No,"Ranelagh, Dublin 6",2013,Two bed,All property types,1244.56,1076.6,15.6
3,Ranelagh,53.326433,-6.256203,1.45,7,No,"Ranelagh, Dublin 6",2013,Two bed,Terrace house,1380.5,1034.86,33.4
3,Ranelagh,53.326433,-6.256203,1.45,7,No,"Ranelagh, Dublin 6",2013,Two bed,Apartment,1277.65,1096.37,16.5
3,Ranelagh,53.326433,-6.256203,1.45,7,No,"Ranelagh, Dublin 6",2013,Two bed,Other flats,918.31,860.75,6.7
3,Ranelagh,53.326433,-6.256203,1.45,7,No,"Ranelagh, Dublin 6",2013,Three bed,All property types,1741.43,1191.73,46.1
3,Ranelagh,53.326433,-6.256203,1.45,7,No,"Ranelagh, Dublin 6",2013,Three bed,Semi detached house,1677.92,1129.58,48.5
3,Ranelagh,53.326433,-6.256203,1.45,7,No,"Ranelagh, Dublin 6",2013,Three bed,Terrace house,1862.92,1149.56,62.1
3,Ranelagh,53.326433,-6.256203,1.45,7,No,"Ranelagh, Dublin 6",2013,1 to 2 bed,All property types,912.58,960.65,-5.0
3,Ranelagh,53.326433,-6.256203,1.45,7,No,"Ranelagh, Dublin 6",2013,1 to 2 bed,Semi detached house,1130.53,1005.06,12.5
3,Ranelagh,53.326433,-6.256203,1.45,7,No,"Ranelagh, Dublin 6",2013,1 to 2 bed,Terrace house,1189.82,994.89,19.6
3,Ranelagh,53.326433,-6.256203,1.45,7,No,"Ranelagh, Dublin 6",2013,1 to 2 bed,Apartment,1138.13,1023.91,11.2
3,Ranelagh,53.326433,-6.256203,1.45,7,No,"Ranelagh, Dublin 6",2013,1 to 2 bed,Other flats,668.65,641.84,4.2
3,Ranelagh,53.326433,-6.256203,1.45,7,No,"Ranelagh, Dublin 6",2013,1 to 3 bed,All property types,1006.81,1017.89,-1.1
3,Ranelagh,53.326433,-6.256203,1.45,7,No,"Ranelagh, Dublin 6",2013,1 to 3 bed,Semi detached house,1400.47,1105.42,26.7
3,Ranelagh,53.326433,-6.256203,1.45,7,No,"Ranelagh, Dublin 6",2013,1 to 3 bed,Terrace house,1538.3,1076.5,42.9
3,Ranelagh,53.326433,-6.256203,1.45,7,No,"Ranelagh, Dublin 6",2013,1 to 3 bed,Apartment,1156.79,1054.13,9.7
3,Ranelagh,53.326433,-6.256203,1.45,7,No,"Ranelagh, Dublin 6",2013,1 to 3 bed,Other flats,674.15,654.46,3.0
3,Ranelagh,53.326433,-6.256203,1.45,7,No,"Ranelagh, Dublin 6",2013,Four plus bed,All property types,2012.33,1649.69,22.0
3,Ranelagh,53.326433,-6.256203,1.45,7,No,"Ranelagh, Dublin 6",2013,Four plus bed,Semi detached house,2335.29,1502.14,55.5
3,Ranelagh,53.326433,-6.256203,1.45,7,No,"Ranelagh, Dublin 6",2013,Four plus bed,Terrace house,1909.89,1601.39,19.3
4,Beechwood,53.320822,-6.254653,2.08,9,No,"Ranelagh, Dublin 6",2013,All bedrooms,All property types,1086.0,1069.77,1.5
4,Beechwood,53.320822,-6.254653,2.08,9,No,"Ranelagh, Dublin 6",2013,All bedrooms,Semi detached house,1736.68,1205.82,44.0
4,Beechwood,53.320822,-6.254653,2.08,9,No,"Ranelagh, Dublin 6",2013,All bedrooms,Terrace house,1626.68,1144.65,42.1
4,Beechwood,53.320822,-6.254653,2.08,9,No,"Ranelagh, Dublin 6",2013,All bedrooms,Apartment,1162.63,1068.52,8.8
4,Beechwood,53.320822,-6.254653,2.08,9,No,"Ranelagh, Dublin 6",2013,All bedrooms,Other flats,680.71,658.23,3.4
4,Beechwood,53.320822,-6.254653,2.08,9,No,"Ranelagh, Dublin 6",2013,One bed,All property types,750.75,767.51,-2.2
4,Beechwood,53.320822,-6.254653,2.08,9,No,"Ranelagh, Dublin 6",2013,One bed,Apartment,998.62,867.96,15.1
4,Beechwood,53.320822,-6.254653,2.08,9,No,"Ranelagh, Dublin 6",2013,One bed,Other flats,633.84,596.82,6.2
4,Beechwood,53.320822,-6.254653,2.08,9,No,"Ranelagh, Dublin 6",2013,Two bed,All property types,1244.56,1076.6,15.6
4,Beechwood,53.320822,-6.254653,2.08,9,No,"Ranelagh, Dublin 6",2013,Two bed,Terrace house,1380.5,1034.86,33.4
4,Beechwood,53.320822,-6.254653,2.08,9,No,"Ranelagh, Dublin 6",2013,Two bed,Apartment,1277.65,1096.37,16.5
4,Beechwood,53.320822,-6.254653,2.08,9,No,"Ranelagh, Dublin 6",2013,Two bed,Other flats,918.31,860.75,6.7
4,Beechwood,53.320822,-6.254653,2.08,9,No,"Ranelagh, Dublin 6",2013,Three bed,All property types,1741.43,1191.73,46.1
4,Beechwood,53.320822,-6.254653,2.08,9,No,"Ranelagh, Dublin 6",2013,Three bed,Semi detached house,1677.92,1129.58,48.5
4,Beechwood,53.320822,-6.254653,2.08,9,No,"Ranelagh, Dublin 6",2013,Three bed,Terrace house,1862.92,1149.56,62.1
4,Beechwood,53.320822,-6.254653,2.08,9,No,"Ranelagh, Dublin 6",2013,1 to 2 bed,All property types,912.58,960.65,-5.0
4,Beechwood,53.320822,-6.254653,2.08,9,No,"Ranelagh, Dublin 6",2013,1 to 2 bed,Semi detached house,1130.53,1005.06,12.5
4,Beechwood,53.320822,-6.254653,2.08,9,No,"Ranelagh, Dublin 6",2013,1 to 2 bed,Terrace house,1189.82,994.89,19.6
4,Beechwood,53.320822,-6.254653,2.08,9,No,"Ranelagh, Dublin 6",2013,1 to 2 bed,Apartment,1138.13,1023.91,11.2
4,Beechwood,53.320822,-6.254653,2.08,9,No,"Ranelagh, Dublin 6",2013,1 to 2 bed,Other flats,668.65,641.84,4.2
4,Beechwood,53.320822,-6.254653,2.08,9,No,"Ranelagh, Dublin 6",2013,1 to 3 bed,All property types,1006.81,1017.89,-1.1
4,Beechwood,53.320822,-6.254653,2.08,9,No,"Ranelagh, Dublin 6",2013,1 to 3 bed,Semi detached house,1400.47,1105.42,26.7
4,Beechwood,53.320822,-6.254653,2.08,9,No,"Ranelagh, Dublin 6",2013,1 to 3 bed,Terrace house,1538.3,1076.5,42.9
4,Beechwood,53.320822,-6.254653,2.08,9,No,"Ranelagh, Dublin 6",2013,1 to 3 bed,Apartment,1156.79,1054.13,9.7
4,Beechwood,53.320822,-6.254653,2.08,9,No,"Ranelagh, Dublin 6",2013,1 to 3 bed,Other flats,674.15,654.46,3.0
4,Beechwood,53.320822,-6.254653,2.08,9,No,"Ranelagh, Dublin 6",2013,Four plus bed,All property types,2012.33,1649.69,22.0
4,Beechwood,53.320822,-6.254653,2.08,9,No,"Ranelagh, Dublin 6",2013,Four plus bed,Semi detached house,2335.29,1502.14,55.5
4,Beechwood,53.320822,-6.254653,2.08,9,No,"Ranelagh, Dublin 6",2013,Four plus bed,Terrace house,1909.89,1601.39,19.3
5,Cowper,53.316467,-6.253447,2.57,11,No,"Ranelagh, Dublin 6",2013,All bedrooms,All property types,1086.0,1069.77,1.5
5,Cowper,53.316467,-6.253447,2.57,11,No,"Ranelagh, Dublin 6",2013,All bedrooms,Semi detached house,1736.68,1205.82,44.0
5,Cowper,53.316467,-6.253447,2.57,11,No,"Ranelagh, Dublin 6",2013,All bedrooms,Terrace house,1626.68,1144.65,42.1
5,Cowper,53.316467,-6.253447,2.57,11,No,"Ranelagh, Dublin 6",2013,All bedrooms,Apartment,1162.63,1068.52,8.8
5,Cowper,53.316467,-6.253447,2.57,11,No,"Ranelagh, Dublin 6",2013,All bedrooms,Other flats,680.71,658.23,3.4
5,Cowper,53.316467,-6.253447,2.57,11,No,"Ranelagh, Dublin 6",2013,One bed,All property types,750.75,767.51,-2.2
5,Cowper,53.316467,-6.253447,2.57,11,No,"Ranelagh, Dublin 6",2013,One bed,Apartment,998.62,867.96,15.1
5,Cowper,53.316467,-6.253447,2.57,11,No,"Ranelagh, Dublin 6",2013,One bed,Other flats,633.84,596.82,6.2
5,Cowper,53.316467,-6.253447,2.57,11,No,"Ranelagh, Dublin 6",2013,Two bed,All property types,1244.56,1076.6,15.6
5,Cowper,53.316467,-6.253447,2.57,11,No,"Ranelagh, Dublin 6",2013,Two bed,Terrace house,1380.5,1034.86,33.4
5,Cowper,53.316467,-6.253447,2.57,11,No,"Ranelagh, Dublin 6",2013,Two bed,Apartment,1277.65,1096.37,16.5
5,Cowper,53.316467,-6.253447,2.57,11,No,"Ranelagh, Dublin 6",2013,Two bed,Other flats,918.31,860.75,6.7
5,Cowper,53.316467,-6.253447,2.57,11,No,"Ranelagh, Dublin 6",2013,Three bed,All property types,1741.43,1191.73,46.1
5,Cowper,53.316467,-6.253447,2.57,11,No,"Ranelagh, Dublin 6",2013,Three bed,Semi detached house,1677.92,1129.58,48.5
5,Cowper,53.316467,-6.253447,2.57,11,No,"Ranelagh, Dublin 6",2013,Three bed,Terrace house,1862.92,1149.56,62.1
5,Cowper,53.316467,-6.253447,2.57,11,No,"Ranelagh, Dublin 6",2013,1 to 2 bed,All property types,912.58,960.65,-5.0
5,Cowper,53.316467,-6.253447,2.57,11,No,"Ranelagh, Dublin 6",2013,1 to 2 bed,Semi detached house,1130.53,1005.06,12.5
5,Cowper,53.316467,-6.253447,2.57,11,No,"Ranelagh, Dublin 6",2013,1 to 2 bed,Terrace house,1189.82,994.89,19.6
5,Cowper,53.316467,-6.253447,2.57,11,No,"Ranelagh, Dublin 6",2013,1 to 2 bed,Apartment,1138.13,1023.91,11.2
5,Cowper,53.316467,-6.253447,2.57,11,No,"Ranelagh, Dublin 6",2013,1 to 2 bed,Other flats,668.65,641.84,4.2
5,Cowper,53.316467,-6.253447,2.57,11,No,"Ranelagh, Dublin 6",2013,1 to 3 bed,All property types,1006.81,1017.89,-1.1
5,Cowper,53.316467,-6.253447,2.57,11,No,"Ranelagh, Dublin 6",2013,1 to 3 bed,Semi detached house,1400.47,1105.42,26.7
5,Cowper,53.316467,-6.253447,2.57,11,No,"Ranelagh, Dublin 6",2013,1 to 3 bed,Terrace house,1538.3,1076.5,42.9
5,Cowper,53.316467,-6.253447,2.57,11,No,"Ranelagh, Dublin 6",2013,1 to 3 bed,Apartment,1156.79,1054.13,9.7
5,Cowper,53.316467,-6.253447,2.57,11,No,"Ranelagh, Dublin 6",2013,1 to 3 bed,Other flats,674.15,654.46,3.0
5,Cowper,53.316467,-6.253447,2.57,11,No,"Ranelagh, Dublin 6",2013,Four plus bed,All property types,2012.33,1649.69,22.0
5,Cowper,53.316467,-6.253447,2.57,11,No,"Ranelagh, Dublin 6",2013,Four plus bed,Semi detached house,2335.29,1502.14,55.5
5,Cowper,53.316467,-6.253447,2.57,11,No,"Ranelagh, Dublin 6",2013,Four plus bed,Terrace house,1909.89,1601.39,19.3
6,Milltown,53.309917,-6.251728,3.3,13,No,"Milltown, Dublin 6",2013,All bedrooms,All property types,1407.75,1069.77,31.6
6,Milltown,53.309917,-6.251728,3.3,13,No,"Milltown, Dublin 6",2013,All bedrooms,Semi detached house,1761.77,1205.82,46.1
6,Milltown,53.309917,-6.251728,3.3,13,No,"Milltown, Dublin 6",2013,All bedrooms,Terrace house,1433.81,1144.65,25.3
6,Milltown,53.309917,-6.251728,3.3,13,No,"Milltown, Dublin 6",2013,All bedrooms,Apartment,1380.76,1068.52,29.2
6,Milltown,53.309917,-6.251728,3.3,13,No,"Milltown, Dublin 6",2013,One bed,All property types,1085.49,767.51,41.4
6,Milltown,53.309917,-6.251728,3.3,13,No,"Milltown, Dublin 6",2013,One bed,Apartment,1111.06,867.96,28.0
6,Milltown,53.309917,-6.251728,3.3,13,No,"Milltown, Dublin 6",2013,Two bed,All property types,1380.72,1076.6,28.2
6,Milltown,53.309917,-6.251728,3.3,13,No,"Milltown, Dublin 6",2013,Two bed,Terrace house,1311.34,1034.86,26.7
6,Milltown,53.309917,-6.251728,3.3,13,No,"Milltown, Dublin 6",2013,Two bed,Apartment,1395.17,1096.37,27.3
6,Milltown,53.309917,-6.251728,3.3,13,No,"Milltown, Dublin 6",2013,Three bed,All property types,1651.87,1191.73,38.6
6,Milltown,53.309917,-6.251728,3.3,13,No,"Milltown, Dublin 6",2013,Three bed,Apartment,1759.84,1339.62,31.4
6,Milltown,53.309917,-6.251728,3.3,13,No,"Milltown, Dublin 6",2013,1 to 2 bed,All property types,1299.94,960.65,35.3
6,Milltown,53.309917,-6.251728,3.3,13,No,"Milltown, Dublin 6",2013,1 to 2 bed,Terrace house,1309.88,994.89,31.7
6,Milltown,53.309917,-6.251728,3.3,13,No,"Milltown, Dublin 6",2013,1 to 2 bed,Apartment,1310.35,1023.91,28.0
6,Milltown,53.309917,-6.251728,3.3,13,No,"Milltown, Dublin 6",2013,1 to 3 bed,All property types,1363.73,1017.89,34.0
6,Milltown,53.309917,-6.251728,3.3,13,No,"Milltown, Dublin 6",2013,1 to 3 bed,Terrace house,1338.77,1076.5,24.4
6,Milltown,53.309917,-6.251728,3.3,13,No,"Milltown, Dublin 6",2013,1 to 3 bed,Apartment,1372.15,1054.13,30.2
7,Windy Arbour,53.301558,-6.250708,4.23,15,No,"Churchtown, Dublin 14",2013,All bedrooms,All property types,1342.72,1069.77,25.5
7,Windy Arbour,53.301558,-6.250708,4.23,15,No,"Churchtown, Dublin 14",2013,All bedrooms,Semi detached house,1531.97,1205.82,27.0
7,Windy Arbour,53.301558,-6.250708,4.23,15,No,"Churchtown, Dublin 14",2013,All bedrooms,Terrace house,1417.17,1144.65,23.8
7,Windy Arbour,53.301558,-6.250708,4.23,15,No,"Churchtown, Dublin 14",2013,All bedrooms,Apartment,1149.58,1068.52,7.6
7,Windy Arbour,53.301558,-6.250708,4.23,15,No,"Churchtown, Dublin 14",2013,One bed,All property types,969.89,767.51,26.4
7,Windy Arbour,53.301558,-6.250708,4.23,15,No,"Churchtown, Dublin 14",2013,One bed,Apartment,980.0,867.96,12.9
7,Windy Arbour,53.301558,-6.250708,4.23,15,No,"Churchtown, Dublin 14",2013,Two bed,All property types,1220.43,1076.6,13.4
7,Windy Arbour,53.301558,-6.250708,4.23,15,No,"Churchtown, Dublin 14",2013,Two bed,Apartment,1241.26,1096.37,13.2
7,Windy Arbour,53.301558,-6.250708,4.23,15,No,"Churchtown, Dublin 14",2013,Three bed,All property types,1435.27,1191.73,20.4
7,Windy Arbour,53.301558,-6.250708,4.23,15,No,"Churchtown, Dublin 14",2013,Three bed,Semi detached house,1442.5,1129.58,27.7
7,Windy Arbour,53.301558,-6.250708,4.23,15,No,"Churchtown, Dublin 14",2013,Three bed,Terrace house,1435.83,1149.56,24.9
7,Windy Arbour,53.301558,-6.250708,4.23,15,No,"Churchtown, Dublin 14",2013,1 to 2 bed,All property types,1142.03,960.65,18.9
7,Windy Arbour,53.301558,-6.250708,4.23,15,No,"Churchtown, Dublin 14",2013,1 to 2 bed,Apartment,1143.84,1023.91,11.7
7,Windy Arbour,53.301558,-6.250708,4.23,15,No,"Churchtown, Dublin 14",2013,1 to 3 bed,All property types,1240.22,1017.89,21.8
7,Windy Arbour,53.301558,-6.250708,4.23,15,No,"Churchtown, Dublin 14",2013,1 to 3 bed,Semi detached house,1386.34,1105.42,25.4
7,Windy Arbour,53.301558,-6.250708,4.23,15,No,"Churchtown, Dublin 14",2013,1 to 3 bed,Terrace house,1345.67,1076.5,25.0
7,Windy Arbour,53.301558,-6.250708,4.23,15,No,"Churchtown, Dublin 14",2013,1 to 3 bed,Apartment,1149.58,1054.13,9.1
7,Windy Arbour,53.301558,-6.250708,4.23,15,No,"Churchtown, Dublin 14",2013,Four plus bed,All property types,1857.55,1649.69,12.6
8,Dundrum,53.292358,-6.245117,5.3,17,No,"Dundrum, Dublin 16",2013,All bedrooms,All property types,1257.17,1069.77,17.5
8,Dundrum,53.292358,-6.245117,5.3,17,No,"Dundrum, Dublin 16",2013,All bedrooms,Detached house,1580.0,1536.32,2.8
8,Dundrum,53.292358,-6.245117,5.3,17,No,"Dundrum, Dublin 16",2013,All bedrooms,Semi detached house,1512.93,1205.82,25.5
8,Dundrum,53.292358,-6.245117,5.3,17,No,"Dundrum, Dublin 16",2013,All bedrooms,Terrace house,1262.08,1144.65,10.3
8,Dundrum,53.292358,-6.245117,5.3,17,No,"Dundrum, Dublin 16",2013,All bedrooms,Apartment,1205.61,1068.52,12.8
8,Dundrum,53.292358,-6.245117,5.3,17,No,"Dundrum, Dublin 16",2013,One bed,All property types,970.11,767.51,26.4
8,Dundrum,53.292358,-6.245117,5.3,17,No,"Dundrum, Dublin 16",2013,One bed,Apartment,998.23,867.96,15.0
8,Dundrum,53.292358,-6.245117,5.3,17,No,"Dundrum, Dublin 16",2013,Two bed,All property types,1211.55,1076.6,12.5
8,Dundrum,53.292358,-6.245117,5.3,17,No,"Dundrum, Dublin 16",2013,Two bed,Terrace house,1143.71,1034.86,10.5
8,Dundrum,53.292358,-6.245117,5.3,17,No,"Dundrum, Dublin 16",2013,Two bed,Apartment,1223.75,1096.37,11.6
8,Dundrum,53.292358,-6.245117,5.3,17,No,"Dundrum, Dublin 16",2013,Three bed,All property types,1469.52,1191.73,23.3
8,Dundrum,53.292358,-6.245117,5.3,17,No,"Dundrum, Dublin 16",2013,Three bed,Semi detached house,1380.57,1129.58,22.2
8,Dundrum,53.292358,-6.245117,5.3,17,No,"Dundrum, Dublin 16",2013,Three bed,Terrace house,1350.16,1149.56,17.5
8,Dundrum,53.292358,-6.245117,5.3,17,No,"Dundrum, Dublin 16",2013,Three bed,Apartment,1724.23,1339.62,28.7
8,Dundrum,53.292358,-6.245117,5.3,17,No,"Dundrum, Dublin 16",2013,1 to 2 bed,All property types,1159.05,960.65,20.7
8,Dundrum,53.292358,-6.245117,5.3,17,No,"Dundrum, Dublin 16",2013,1 to 2 bed,Terrace house,1143.71,994.89,15.0
8,Dundrum,53.292358,-6.245117,5.3,17,No,"Dundrum, Dublin 16",2013,1 to 2 bed,Apartment,1175.39,1023.91,14.8
8,Dundrum,53.292358,-6.245117,5.3,17,No,"Dundrum, Dublin 16",2013,1 to 3 bed,All property types,1211.13,1017.89,19.0
8,Dundrum,53.292358,-6.245117,5.3,17,No,"Dundrum, Dublin 16",2013,1 to 3 bed,Semi detached house,1329.95,1105.42,20.3
8,Dundrum,53.292358,-6.245117,5.3,17,No,"Dundrum, Dublin 16",2013,1 to 3 bed,Terrace house,1225.16,1076.5,13.8
8,Dundrum,53.292358,-6.245117,5.3,17,No,"Dundrum, Dublin 16",2013,1 to 3 bed,Apartment,1205.31,1054.13,14.3
8,Dundrum,53.292358,-6.245117,5.3,17,No,"Dundrum, Dublin 16",2013,Four plus bed,All property types,1762.25,1649.69,6.8
8,Dundrum,53.292358,-6.245117,5.3,17,No,"Dundrum, Dublin 16",2013,Four plus bed,Semi detached house,1787.41,1502.14,19.0
9,Balally,53.286106,-6.236772,6.11,19,Yes,"Dundrum, Dublin 16",2013,All bedrooms,All property types,1257.17,1069.77,17.5
9,Balally,53.286106,-6.236772,6.11,19,Yes,"Dundrum, Dublin 16",2013,All bedrooms,Detached house,1580.0,1536.32,2.8
9,Balally,53.286106,-6.236772,6.11,19,Yes,"Dundrum, Dublin 16",2013,All bedrooms,Semi detached house,1512.93,1205.82,25.5
9,Balally,53.286106,-6.236772,6.11,19,Yes,"Dundrum, Dublin 16",2013,All bedrooms,Terrace house,1262.08,1144.65,10.3
9,Balally,53.286106,-6.236772,6.11,19,Yes,"Dundrum, Dublin 16",2013,All bedrooms,Apartment,1205.61,1068.52,12.8
9,Balally,53.286106,-6.236772,6.11,19,Yes,"Dundrum, Dublin 16",2013,One bed,All property types,970.11,767.51,26.4
9,Balally,53.286106,-6.236772,6.11,19,Yes,"Dundrum, Dublin 16",2013,One bed,Apartment,998.23,867.96,15.0
9,Balally,53.286106,-6.236772,6.11,19,Yes,"Dundrum, Dublin 16",2013,Two bed,All property types,1211.55,1076.6,12.5
9,Balally,53.286106,-6.236772,6.11,19,Yes,"Dundrum, Dublin 16",2013,Two bed,Terrace house,1143.71,1034.86,10.5
9,Balally,53.286106,-6.236772,6.11,19,Yes,"Dundrum, Dublin 16",2013,Two bed,Apartment,1223.75,1096.37,11.6
9,Balally,53.286106,-6.236772,6.11,19,Yes,"Dundrum, Dublin 16",2013,Three bed,All property types,1469.52,1191.73,23.3
9,Balally,53.286106,-6.236772,6.11,19,Yes,"Dundrum, Dublin 16",2013,Three bed,Semi detached house,1380.57,1129.58,22.2
9,Balally,53.286106,-6.236772,6.11,19,Yes,"Dundrum, Dublin 16",2013,Three bed,Terrace house,1350.16,1149.56,17.5
9,Balally,53.286106,-6.236772,6.11,19,Yes,"Dundrum, Dublin 16",2013,Three bed,Apartment,1724.23,1339.62,28.7
9,Balally,53.286106,-6.236772,6.11,19,Yes,"Dundrum, Dublin 16",2013,1 to 2 bed,All property types,1159.05,960.65,20.7
9,Balally,53.286106,-6.236772,6.11,19,Yes,"Dundrum, Dublin 16",2013,1 to 2 bed,Terrace house,1143.71,994.89,15.0
9,Balally,53.286106,-6.236772,6.11,19,Yes,"Dundrum, Dublin 16",2013,1 to 2 bed,Apartment,1175.39,1023.91,14.8
9,Balally,53.286106,-6.236772,6.11,19,Yes,"Dundrum, Dublin 16",2013,1 to 3 bed,All property types,1211.13,1017.89,19.0
9,Balally,53.286106,-6.236772,6.11,19,Yes,"Dundrum, Dublin 16",2013,1 to 3 bed,Semi detached house,1329.95,1105.42,20.3
9,Balally,53.286106,-6.236772,6.11,19,Yes,"Dundrum, Dublin 16",2013,1 to 3 bed,Terrace house,1225.16,1076.5,13.8
9,Balally,53.286106,-6.236772,6.11,19,Yes,"Dundrum, Dublin 16",2013,1 to 3 bed,Apartment,1205.31,1054.13,14.3
9,Balally,53.286106,-6.236772,6.11,19,Yes,"Dundrum, Dublin 16",2013,Four plus bed,All property types,1762.25,1649.69,6.8
9,Balally,53.286106,-6.236772,6.11,19,Yes,"Dundrum, Dublin 16",2013,Four plus bed,Semi detached house,1787.41,1502.14,19.0
10,Kilmacud,53.283008,-6.223886,6.71,21,No,"Stillorgan, Dublin",2013,All bedrooms,All property types,1315.57,1069.77,23.0
10,Kilmacud,53.283008,-6.223886,6.71,21,No,"Stillorgan, Dublin",2013,All bedrooms,Detached house,1646.32,1536.32,7.2
10,Kilmacud,53.283008,-6.223886,6.71,21,No,"Stillorgan, Dublin",2013,All bedrooms,Semi detached house,1520.87,1205.82,26.1
10,Kilmacud,53.283008,-6.223886,6.71,21,No,"Stillorgan, Dublin",2013,All bedrooms,Terrace house,1442.96,1144.65,26.1
10,Kilmacud,53.283008,-6.223886,6.71,21,No,"Stillorgan, Dublin",2013,All bedrooms,Apartment,1214.86,1068.52,13.7
10,Kilmacud,53.283008,-6.223886,6.71,21,No,"Stillorgan, Dublin",2013,One bed,All property types,938.6,767.51,22.3
10,Kilmacud,53.283008,-6.223886,6.71,21,No,"Stillorgan, Dublin",2013,One bed,Apartment,958.73,867.96,10.5
10,Kilmacud,53.283008,-6.223886,6.71,21,No,"Stillorgan, Dublin",2013,Two bed,All property types,1204.09,1076.6,11.8
10,Kilmacud,53.283008,-6.223886,6.71,21,No,"Stillorgan, Dublin",2013,Two bed,Apartment,1202.39,1096.37,9.7
10,Kilmacud,53.283008,-6.223886,6.71,21,No,"Stillorgan, Dublin",2013,Three bed,All property types,1493.36,1191.73,25.3
10,Kilmacud,53.283008,-6.223886,6.71,21,No,"Stillorgan, Dublin",2013,Three bed,Semi detached house,1420.69,1129.58,25.8
10,Kilmacud,53.283008,-6.223886,6.71,21,No,"Stillorgan, Dublin",2013,Three bed,Terrace house,1445.0,1149.56,25.7
10,Kilmacud,53.283008,-6.223886,6.71,21,No,"Stillorgan, Dublin",2013,Three bed,Apartment,1599.11,1339.62,19.4
10,Kilmacud,53.283008,-6.223886,6.71,21,No,"Stillorgan, Dublin",2013,1 to 2 bed,All property types,1148.98,960.65,19.6
10,Kilmacud,53.283008,-6.223886,6.71,21,No,"Stillorgan, Dublin",2013,1 to 2 bed,Apartment,1152.18,1023.91,12.5
10,Kilmacud,53.283008,-6.223886,6.71,21,No,"Stillorgan, Dublin",2013,1 to 3 bed,All property types,1249.58,1017.89,22.8
10,Kilmacud,53.283008,-6.223886,6.71,21,No,"Stillorgan, Dublin",2013,1 to 3 bed,Semi detached house,1393.57,1105.42,26.1
10,Kilmacud,53.283008,-6.223886,6.71,21,No,"Stillorgan, Dublin",2013,1 to 3 bed,Terrace house,1344.1,1076.5,24.9
10,Kilmacud,53.283008,-6.223886,6.71,21,No,"Stillorgan, Dublin",2013,1 to 3 bed,Apartment,1211.77,1054.13,15.0
10,Kilmacud,53.283008,-6.223886,6.71,21,No,"Stillorgan, Dublin",2013,Four plus bed,All property types,1743.78,1649.69,5.7
10,Kilmacud,53.283008,-6.223886,6.71,21,No,"Stillorgan, Dublin",2013,Four plus bed,Semi detached house,1732.13,1502.14,15.3
11,Stillorgan,53.279311,-6.209919,7.47,22,Yes,"Stillorgan, Dublin",2013,All bedrooms,All property types,1315.57,1069.77,23.0
11,Stillorgan,53.279311,-6.209919,7.47,22,Yes,"Stillorgan, Dublin",2013,All bedrooms,Detached house,1646.32,1536.32,7.2
11,Stillorgan,53.279311,-6.209919,7.47,22,Yes,"Stillorgan, Dublin",2013,All bedrooms,Semi detached house,1520.87,1205.82,26.1
11,Stillorgan,53.279311,-6.209919,7.47,22,Yes,"Stillorgan, Dublin",2013,All bedrooms,Terrace house,1442.96,1144.65,26.1
11,Stillorgan,53.279311,-6.209919,7.47,22,Yes,"Stillorgan, Dublin",2013,All bedrooms,Apartment,1214.86,1068.52,13.7
11,Stillorgan,53.279311,-6.209919,7.47,22,Yes,"Stillorgan, Dublin",2013,One bed,All property types,938.6,767.51,22.3
11,Stillorgan,53.279311,-6.209919,7.47,22,Yes,"Stillorgan, Dublin",2013,One bed,Apartment,958.73,867.96,10.5
11,Stillorgan,53.279311,-6.209919,7.47,22,Yes,"Stillorgan, Dublin",2013,Two bed,All property types,1204.09,1076.6,11.8
11,Stillorgan,53.279311,-6.209919,7.47,22,Yes,"Stillorgan, Dublin",2013,Two bed,Apartment,1202.39,1096.37,9.7
11,Stillorgan,53.279311,-6.209919,7.47,22,Yes,"Stillorgan, Dublin",2013,Three bed,All property types,1493.36,1191.73,25.3
11,Stillorgan,53.279311,-6.209919,7.47,22,Yes,"Stillorgan, Dublin",2013,Three bed,Semi detached house,1420.69,1129.58,25.8
11,Stillorgan,53.279311,-6.209919,7.47,22,Yes,"Stillorgan, Dublin",2013,Three bed,Terrace house,1445.0,1149.56,25.7
11,Stillorgan,53.279311,-6.209919,7.47,22,Yes,"Stillorgan, Dublin",2013,Three bed,Apartment,1599.11,1339.62,19.4
11,Stillorgan,53.279311,-6.209919,7.47,22,Yes,"Stillorgan, Dublin",2013,1 to 2 bed,All property types,1148.98,960.65,19.6
11,Stillorgan,53.279311,-6.209919,7.47,22,Yes,"Stillorgan, Dublin",2013,1 to 2 bed,Apartment,1152.18,1023.91,12.5
11,Stillorgan,53.279311,-6.209919,7.47,22,Yes,"Stillorgan, Dublin",2013,1 to 3 bed,All property types,1249.58,1017.89,22.8
11,Stillorgan,53.279311,-6.209919,7.47,22,Yes,"Stillorgan, Dublin",2013,1 to 3 bed,Semi detached house,1393.57,1105.42,26.1
11,Stillorgan,53.279311,-6.209919,7.47,22,Yes,"Stillorgan, Dublin",2013,1 to 3 bed,Terrace house,1344.1,1076.5,24.9
11,Stillorgan,53.279311,-6.209919,7.47,22,Yes,"Stillorgan, Dublin",2013,1 to 3 bed,Apartment,1211.77,1054.13,15.0
11,Stillorgan,53.279311,-6.209919,7.47,22,Yes,"Stillorgan, Dublin",2013,Four plus bed,All property types,1743.78,1649.69,5.7
11,Stillorgan,53.279311,-6.209919,7.47,22,Yes,"Stillorgan, Dublin",2013,Four plus bed,Semi detached house,1732.13,1502.14,15.3
12,Sandyford,53.277603,-6.204678,7.8,24,Yes,"Sandyford, Dublin 18",2013,All bedrooms,All property types,1196.25,1069.77,11.8
12,Sandyford,53.277603,-6.204678,7.8,24,Yes,"Sandyford, Dublin 18",2013,All bedrooms,Semi detached house,1300.13,1205.82,7.8
12,Sandyford,53.277603,-6.204678,7.8,24,Yes,"Sandyford, Dublin 18",2013,All bedrooms,Terrace house,1312.14,1144.65,14.6
12,Sandyford,53.277603,-6.204678,7.8,24,Yes,"Sandyford, Dublin 18",2013,All bedrooms,Apartment,1182.67,1068.52,10.7
12,Sandyford,53.277603,-6.204678,7.8,24,Yes,"Sandyford, Dublin 18",2013,One bed,All property types,959.75,767.51,25.0
12,Sandyford,53.277603,-6.204678,7.8,24,Yes,"Sandyford, Dublin 18",2013,One bed,Apartment,985.54,867.96,13.5
12,Sandyford,53.277603,-6.204678,7.8,24,Yes,"Sandyford, Dublin 18",2013,Two bed,All property types,1206.73,1076.6,12.1
12,Sandyford,53.277603,-6.204678,7.8,24,Yes,"Sandyford, Dublin 18",2013,Two bed,Apartment,1206.15,1096.37,10.0
12,Sandyford,53.277603,-6.204678,7.8,24,Yes,"Sandyford, Dublin 18",2013,Three bed,All property types,1338.11,1191.73,12.3
12,Sandyford,53.277603,-6.204678,7.8,24,Yes,"Sandyford, Dublin 18",2013,Three bed,Semi detached house,1201.6,1129.58,6.4
12,Sandyford,53.277603,-6.204678,7.8,24,Yes,"Sandyford, Dublin 18",2013,Three bed,Apartment,1394.22,1339.62,4.1
12,Sandyford,53.277603,-6.204678,7.8,24,Yes,"Sandyford, Dublin 18",2013,1 to 2 bed,All property types,1144.79,960.65,19.2
12,Sandyford,53.277603,-6.204678,7.8,24,Yes,"Sandyford, Dublin 18",2013,1 to 2 bed,Apartment,1154.17,1023.91,12.7
12,Sandyford,53.277603,-6.204678,7.8,24,Yes,"Sandyford, Dublin 18",2013,1 to 3 bed,All property types,1179.28,1017.89,15.9
12,Sandyford,53.277603,-6.204678,7.8,24,Yes,"Sandyford, Dublin 18",2013,1 to 3 bed,Semi detached house,1195.64,1105.42,8.2
12,Sandyford,53.277603,-6.204678,7.8,24,Yes,"Sandyford, Dublin 18",2013,1 to 3 bed,Terrace house,1318.55,1076.5,22.5
12,Sandyford,53.277603,-6.204678,7.8,24,Yes,"Sandyford, Dublin 18",2013,1 to 3 bed,Apartment,1181.93,1054.13,12.1
12,Sandyford,53.277603,-6.204678,7.8,24,Yes,"Sandyford, Dublin 18",2013,Four plus bed,All property types,1601.06,1649.69,-2.9
13,Central Park,53.27015,-6.203764,8.57,26,No,"Leopardstown, Dublin 18",2013,All bedrooms,All property types,1295.08,1069.77,21.1
13,Central Park,53.27015,-6.203764,8.57,26,No,"Leopardstown, Dublin 18",2013,All bedrooms,Semi detached house,1425.59,1205.82,18.2
13,Central Park,53.27015,-6.203764,8.57,26,No,"Leopardstown, Dublin 18",2013,All bedrooms,Apartment,1226.32,1068.52,14.8
13,Central Park,53.27015,-6.203764,8.57,26,No,"Leopardstown, Dublin 18",2013,One bed,All property types,1010.6,767.51,31.7
13,Central Park,53.27015,-6.203764,8.57,26,No,"Leopardstown, Dublin 18",2013,One bed,Apartment,1010.6,867.96,16.4
13,Central Park,53.27015,-6.203764,8.57,26,No,"Leopardstown, Dublin 18",2013,Two bed,All property types,1199.55,1076.6,11.4
13,Central Park,53.27015,-6.203764,8.57,26,No,"Leopardstown, Dublin 18",2013,Two bed,Apartment,1198.12,1096.37,9.3
13,Central Park,53.27015,-6.203764,8.57,26,No,"Leopardstown, Dublin 18",2013,Three bed,All property types,1414.31,1191.73,18.7
13,Central Park,53.27015,-6.203764,8.57,26,No,"Leopardstown, Dublin 18",2013,Three bed,Semi detached house,1323.09,1129.58,17.1
13,Central Park,53.27015,-6.203764,8.57,26,No,"Leopardstown, Dublin 18",2013,Three bed,Apartment,1538.5,1339.62,14.8
13,Central Park,53.27015,-6.203764,8.57,26,No,"Leopardstown, Dublin 18",2013,1 to 2 bed,All property types,1161.76,960.65,20.9
13,Central Park,53.27015,-6.203764,8.57,26,No,"Leopardstown, Dublin 18",2013,1 to 2 bed,Apartment,1159.7,1023.91,13.3
13,Central Park,53.27015,-6.203764,8.57,26,No,"Leopardstown, Dublin 18",2013,1 to 3 bed,All property types,1243.21,1017.89,22.1
13,Central Park,53.27015,-6.203764,8.57,26,No,"Leopardstown, Dublin 18",2013,1 to 3 bed,Semi detached house,1318.79,1105.42,19.3
13,Central Park,53.27015,-6.203764,8.57,26,No,"Leopardstown, Dublin 18",2013,1 to 3 bed,Apartment,1224.12,1054.13,16.1
13,Central Park,53.27015,-6.203764,8.57,26,No,"Leopardstown, Dublin 18",2013,Four plus bed,All property types,1685.72,1649.69,2.2
13,Central Park,53.27015,-6.203764,8.57,26,No,"Leopardstown, Dublin 18",2013,Four plus bed,Semi detached house,1659.86,1502.14,10.5
14,Glencairn,53.266336,-6.209942,8.78,28,No,"Leopardstown, Dublin 18",2013,All bedrooms,All property types,1295.08,1069.77,21.1
14,Glencairn,53.266336,-6.209942,8.78,28,No,"Leopardstown, Dublin 18",2013,All bedrooms,Semi detached house,1425.59,1205.82,18.2
14,Glencairn,53.266336,-6.209942,8.78,28,No,"Leopardstown, Dublin 18",2013,All bedrooms,Apartment,1226.32,1068.52,14.8
14,Glencairn,53.266336,-6.209942,8.78,28,No,"Leopardstown, Dublin 18",2013,One bed,All property types,1010.6,767.51,31.7
14,Glencairn,53.266336,-6.209942,8.78,28,No,"Leopardstown, Dublin 18",2013,One bed,Apartment,1010.6,867.96,16.4
14,Glencairn,53.266336,-6.209942,8.78,28,No,"Leopardstown, Dublin 18",2013,Two bed,All property types,1199.55,1076.6,11.4
14,Glencairn,53.266336,-6.209942,8.78,28,No,"Leopardstown, Dublin 18",2013,Two bed,Apartment,1198.12,1096.37,9.3
14,Glencairn,53.266336,-6.209942,8.78,28,No,"Leopardstown, Dublin 18",2013,Three bed,All property types,1414.31,1191.73,18.7
14,Glencairn,53.266336,-6.209942,8.78,28,No,"Leopardstown, Dublin 18",2013,Three bed,Semi detached house,1323.09,1129.58,17.1
14,Glencairn,53.266336,-6.209942,8.78,28,No,"Leopardstown, Dublin 18",2013,Three bed,Apartment,1538.5,1339.62,14.8
14,Glencairn,53.266336,-6.209942,8.78,28,No,"Leopardstown, Dublin 18",2013,1 to 2 bed,All property types,1161.76,960.65,20.9
14,Glencairn,53.266336,-6.209942,8.78,28,No,"Leopardstown, Dublin 18",2013,1 to 2 bed,Apartment,1159.7,1023.91,13.3
14,Glencairn,53.266336,-6.209942,8.78,28,No,"Leopardstown, Dublin 18",2013,1 to 3 bed,All property types,1243.21,1017.89,22.1
14,Glencairn,53.266336,-6.209942,8.78,28,No,"Leopardstown, Dublin 18",2013,1 to 3 bed,Semi detached house,1318.79,1105.42,19.3
14,Glencairn,53.266336,-6.209942,8.78,28,No,"Leopardstown, Dublin 18",2013,1 to 3 bed,Apartment,1224.12,1054.13,16.1
14,Glencairn,53.266336,-6.209942,8.78,28,No,"Leopardstown, Dublin 18",2013,Four plus bed,All property types,1685.72,1649.69,2.2
14,Glencairn,53.266336,-6.209942,8.78,28,No,"Leopardstown, Dublin 18",2013,Four plus bed,Semi detached house,1659.86,1502.14,10.5
15,The Gallops,53.261164,-6.206022,9.41,29,No,"Leopardstown, Dublin 18",2013,All bedrooms,All property types,1295.08,1069.77,21.1
15,The Gallops,53.261164,-6.206022,9.41,29,No,"Leopardstown, Dublin 18",2013,All bedrooms,Semi detached house,1425.59,1205.82,18.2
15,The Gallops,53.261164,-6.206022,9.41,29,No,"Leopardstown, Dublin 18",2013,All bedrooms,Apartment,1226.32,1068.52,14.8
15,The Gallops,53.261164,-6.206022,9.41,29,No,"Leopardstown, Dublin 18",2013,One bed,All property types,1010.6,767.51,31.7
15,The Gallops,53.261164,-6.206022,9.41,29,No,"Leopardstown, Dublin 18",2013,One bed,Apartment,1010.6,867.96,16.4
15,The Gallops,53.261164,-6.206022,9.41,29,No,"Leopardstown, Dublin 18",2013,Two bed,All property types,1199.55,1076.6,11.4
15,The Gallops,53.261164,-6.206022,9.41,29,No,"Leopardstown, Dublin 18",2013,Two bed,Apartment,1198.12,1096.37,9.3
15,The Gallops,53.261164,-6.206022,9.41,29,No,"Leopardstown, Dublin 18",2013,Three bed,All property types,1414.31,1191.73,18.7
15,The Gallops,53.261164,-6.206022,9.41,29,No,"Leopardstown, Dublin 18",2013,Three bed,Semi detached house,1323.09,1129.58,17.1
15,The Gallops,53.261164,-6.206022,9.41,29,No,"Leopardstown, Dublin 18",2013,Three bed,Apartment,1538.5,1339.62,14.8
15,The Gallops,53.261164,-6.206022,9.41,29,No,"Leopardstown, Dublin 18",2013,1 to 2 bed,All property types,1161.76,960.65,20.9
15,The Gallops,53.261164,-6.206022,9.41,29,No,"Leopardstown, Dublin 18",2013,1 to 2 bed,Apartment,1159.7,1023.91,13.3
15,The Gallops,53.261164,-6.206022,9.41,29,No,"Leopardstown, Dublin 18",2013,1 to 3 bed,All property types,1243.21,1017.89,22.1
15,The Gallops,53.261164,-6.206022,9.41,29,No,"Leopardstown, Dublin 18",2013,1 to 3 bed,Semi detached house,1318.79,1105.42,19.3
15,The Gallops,53.261164,-6.206022,9.41,29,No,"Leopardstown, Dublin 18",2013,1 to 3 bed,Apartment,1224.12,1054.13,16.1
15,The Gallops,53.261164,-6.206022,9.41,29,No,"Leopardstown, Dublin 18",2013,Four plus bed,All property types,1685.72,1649.69,2.2
15,The Gallops,53.261164,-6.206022,9.41,29,No,"Leopardstown, Dublin 18",2013,Four plus bed,Semi detached house,1659.86,1502.14,10.5
16,Leopardstown Valley,53.258247,-6.198361,9.91,31,No,"Leopardstown, Dublin 18",2013,All bedrooms,All property types,1295.08,1069.77,21.1
16,Leopardstown Valley,53.258247,-6.198361,9.91,31,No,"Leopardstown, Dublin 18",2013,All bedrooms,Semi detached house,1425.59,1205.82,18.2
16,Leopardstown Valley,53.258247,-6.198361,9.91,31,No,"Leopardstown, Dublin 18",2013,All bedrooms,Apartment,1226.32,1068.52,14.8
16,Leopardstown Valley,53.258247,-6.198361,9.91,31,No,"Leopardstown, Dublin 18",2013,One bed,All property types,1010.6,767.51,31.7
16,Leopardstown Valley,53.258247,-6.198361,9.91,31,No,"Leopardstown, Dublin 18",2013,One bed,Apartment,1010.6,867.96,16.4
16,Leopardstown Valley,53.258247,-6.198361,9.91,31,No,"Leopardstown, Dublin 18",2013,Two bed,All property types,1199.55,1076.6,11.4
16,Leopardstown Valley,53.258247,-6.198361,9.91,31,No,"Leopardstown, Dublin 18",2013,Two bed,Apartment,1198.12,1096.37,9.3
16,Leopardstown Valley,53.258247,-6.198361,9.91,31,No,"Leopardstown, Dublin 18",2013,Three bed,All property types,1414.31,1191.73,18.7
16,Leopardstown Valley,53.258247,-6.198361,9.91,31,No,"Leopardstown, Dublin 18",2013,Three bed,Semi detached house,1323.09,1129.58,17.1
16,Leopardstown Valley,53.258247,-6.198361,9.91,31,No,"Leopardstown, Dublin 18",2013,Three bed,Apartment,1538.5,1339.62,14.8
16,Leopardstown Valley,53.258247,-6.198361,9.91,31,No,"Leopardstown, Dublin 18",2013,1 to 2 bed,All property types,1161.76,960.65,20.9
16,Leopardstown Valley,53.258247,-6.198361,9.91,31,No,"Leopardstown, Dublin 18",2013,1 to 2 bed,Apartment,1159.7,1023.91,13.3
16,Leopardstown Valley,53.258247,-6.198361,9.91,31,No,"Leopardstown, Dublin 18",2013,1 to 3 bed,All property types,1243.21,1017.89,22.1
16,Leopardstown Valley,53.258247,-6.198361,9.91,31,No,"Leopardstown, Dublin 18",2013,1 to 3 bed,Semi detached house,1318.79,1105.42,19.3
16,Leopardstown Valley,53.258247,-6.198361,9.91,31,No,"Leopardstown, Dublin 18",2013,1 to 3 bed,Apartment,1224.12,1054.13,16.1
16,Leopardstown Valley,53.258247,-6.198361,9.91,31,No,"Leopardstown, Dublin 18",2013,Four plus bed,All property types,1685.72,1649.69,2.2
16,Leopardstown Valley,53.258247,-6.198361,9.91,31,No,"Leopardstown, Dublin 18",2013,Four plus bed,Semi detached house,1659.86,1502.14,10.5
17,Ballyogan Wood,53.255047,-6.184475,10.65,33,No,"Carrickmines, Dublin 18",2013,All bedrooms,All property types,1257.56,1069.77,17.6
17,Ballyogan Wood,53.255047,-6.184475,10.65,33,No,"Carrickmines, Dublin 18",2013,All bedrooms,Apartment,1113.75,1068.52,4.2
17,Ballyogan Wood,53.255047,-6.184475,10.65,33,No,"Carrickmines, Dublin 18",2013,One bed,All property types,879.75,767.51,14.6
17,Ballyogan Wood,53.255047,-6.184475,10.65,33,No,"Carrickmines, Dublin 18",2013,One bed,Apartment,879.75,867.96,1.4
17,Ballyogan Wood,53.255047,-6.184475,10.65,33,No,"Carrickmines, Dublin 18",2013,Two bed,All property types,1155.47,1076.6,7.3
17,Ballyogan Wood,53.255047,-6.184475,10.65,33,No,"Carrickmines, Dublin 18",2013,Two bed,Apartment,1142.08,1096.37,4.2
17,Ballyogan Wood,53.255047,-6.184475,10.65,33,No,"Carrickmines, Dublin 18",2013,Three bed,All property types,1469.71,1191.73,23.3
17,Ballyogan Wood,53.255047,-6.184475,10.65,33,No,"Carrickmines, Dublin 18",2013,1 to 2 bed,All property types,1084.78,960.65,12.9
17,Ballyogan Wood,53.255047,-6.184475,10.65,33,No,"Carrickmines, Dublin 18",2013,1 to 2 bed,Apartment,1070.21,1023.91,4.5
17,Ballyogan Wood,53.255047,-6.184475,10.65,33,No,"Carrickmines, Dublin 18",2013,1 to 3 bed,All property types,1153.66,1017.89,13.3
17,Ballyogan Wood,53.255047,-6.184475,10.65,33,No,"Carrickmines, Dublin 18",2013,1 to 3 bed,Apartment,1101.89,1054.13,4.5
18,Racecourse,53.255367,-6.175161,10.93,34,No,"Leopardstown, Dublin 18",2013,All bedrooms,All property types,1295.08,1069.77,21.1
18,Racecourse,53.255367,-6.175161,10.93,34,No,"Leopardstown, Dublin 18",2013,All bedrooms,Semi detached house,1425.59,1205.82,18.2
18,Racecourse,53.255367,-6.175161,10.93,34,No,"Leopardstown, Dublin 18",2013,All bedrooms,Apartment,1226.32,1068.52,14.8
18,Racecourse,53.255367,-6.175161,10.93,34,No,"Leopardstown, Dublin 18",2013,One bed,All property types,1010.6,767.51,31.7
18,Racecourse,53.255367,-6.175161,10.93,34,No,"Leopardstown, Dublin 18",2013,One bed,Apartment,1010.6,867.96,16.4
18,Racecourse,53.255367,-6.175161,10.93,34,No,"Leopardstown, Dublin 18",2013,Two bed,All property types,1199.55,1076.6,11.4
18,Racecourse,53.255367,-6.175161,10.93,34,No,"Leopardstown, Dublin 18",2013,Two bed,Apartment,1198.12,1096.37,9.3
18,Racecourse,53.255367,-6.175161,10.93,34,No,"Leopardstown, Dublin 18",2013,Three bed,All property types,1414.31,1191.73,18.7
18,Racecourse,53.255367,-6.175161,10.93,34,No,"Leopardstown, Dublin 18",2013,Three bed,Semi detached house,1323.09,1129.58,17.1
18,Racecourse,53.255367,-6.175161,10.93,34,No,"Leopardstown, Dublin 18",2013,Three bed,Apartment,1538.5,1339.62,14.8
18,Racecourse,53.255367,-6.175161,10.93,34,No,"Leopardstown, Dublin 18",2013,1 to 2 bed,All property types,1161.76,960.65,20.9
18,Racecourse,53.255367,-6.175161,10.93,34,No,"Leopardstown, Dublin 18",2013,1 to 2 bed,Apartment,1159.7,1023.91,13.3
18,Racecourse,53.255367,-6.175161,10.93,34,No,"Leopardstown, Dublin 18",2013,1 to 3 bed,All property types,1243.21,1017.89,22.1
18,Racecourse,53.255367,-6.175161,10.93,34,No,"Leopardstown, Dublin 18",2013,1 to 3 bed,Semi detached house,1318.79,1105.42,19.3
18,Racecourse,53.255367,-6.175161,10.93,34,No,"Leopardstown, Dublin 18",2013,1 to 3 bed,Apartment,1224.12,1054.13,16.1
18,Racecourse,53.255367,-6.175161,10.93,34,No,"Leopardstown, Dublin 18",2013,Four plus bed,All property types,1685.72,1649.69,2.2
18,Racecourse,53.255367,-6.175161,10.93,34,No,"Leopardstown, Dublin 18",2013,Four plus bed,Semi detached house,1659.86,1502.14,10.5
19,Carrickmines,53.254033,-6.169908,11.24,36,Yes,"Carrickmines, Dublin 18",2013,All bedrooms,All property types,1257.56,1069.77,17.6
19,Carrickmines,53.254033,-6.169908,11.24,36,Yes,"Carrickmines, Dublin 18",2013,All bedrooms,Apartment,1113.75,1068.52,4.2
19,Carrickmines,53.254033,-6.169908,11.24,36,Yes,"Carrickmines, Dublin 18",2013,One bed,All property types,879.75,767.51,14.6
19,Carrickmines,53.254033,-6.169908,11.24,36,Yes,"Carrickmines, Dublin 18",2013,One bed,Apartment,879.75,867.96,1.4
19,Carrickmines,53.254033,-6.169908,11.24,36,Yes,"Carrickmines, Dublin 18",2013,Two bed,All property types,1155.47,1076.6,7.3
19,Carrickmines,53.254033,-6.169908,11.24,36,Yes,"Carrickmines, Dublin 18",2013,Two bed,Apartment,1142.08,1096.37,4.2
19,Carrickmines,53.254033,-6.169908,11.24,36,Yes,"Carrickmines, Dublin 18",2013,Three bed,All property types,1469.71,1191.73,23.3
19,Carrickmines,53.254033,-6.169908,11.24,36,Yes,"Carrickmines, Dublin 18",2013,1 to 2 bed,All property types,1084.78,960.65,12.9
19,Carrickmines,53.254033,-6.169908,11.24,36,Yes,"Carrickmines, Dublin 18",2013,1 to 2 bed,Apartment,1070.21,1023.91,4.5
19,Carrickmines,53.254033,-6.169908,11.24,36,Yes,"Carrickmines, Dublin 18",2013,1 to 3 bed,All property types,1153.66,1017.89,13.3
19,Carrickmines,53.254033,-6.169908,11.24,36,Yes,"Carrickmines, Dublin 18",2013,1 to 3 bed,Apartment,1101.89,1054.13,4.5
20,Brennanstown,53.252619,-6.161597,11.68,37,No,"Cabinteely, Dublin 18",2013,All bedrooms,All property types,1193.46,1069.77,11.6
20,Brennanstown,53.252619,-6.161597,11.68,37,No,"Cabinteely, Dublin 18",2013,All bedrooms,Detached house,1775.76,1536.32,15.6
20,Brennanstown,53.252619,-6.161597,11.68,37,No,"Cabinteely, Dublin 18",2013,All bedrooms,Semi detached house,1357.86,1205.82,12.6
20,Brennanstown,53.252619,-6.161597,11.68,37,No,"Cabinteely, Dublin 18",2013,All bedrooms,Apartment,1098.06,1068.52,2.8
20,Brennanstown,53.252619,-6.161597,11.68,37,No,"Cabinteely, Dublin 18",2013,One bed,All property types,880.57,767.51,14.7
20,Brennanstown,53.252619,-6.161597,11.68,37,No,"Cabinteely, Dublin 18",2013,One bed,Apartment,885.2,867.96,2.0
20,Brennanstown,53.252619,-6.161597,11.68,37,No,"Cabinteely, Dublin 18",2013,Two bed,All property types,1059.37,1076.6,-1.6
20,Brennanstown,53.252619,-6.161597,11.68,37,No,"Cabinteely, Dublin 18",2013,Two bed,Apartment,1056.09,1096.37,-3.7
20,Brennanstown,53.252619,-6.161597,11.68,37,No,"Cabinteely, Dublin 18",2013,Three bed,All property types,1320.51,1191.73,10.8
20,Brennanstown,53.252619,-6.161597,11.68,37,No,"Cabinteely, Dublin 18",2013,Three bed,Semi detached house,1287.86,1129.58,14.0
20,Brennanstown,53.252619,-6.161597,11.68,37,No,"Cabinteely, Dublin 18",2013,Three bed,Apartment,1321.9,1339.62,-1.3
20,Brennanstown,53.252619,-6.161597,11.68,37,No,"Cabinteely, Dublin 18",2013,1 to 2 bed,All property types,1022.78,960.65,6.5
20,Brennanstown,53.252619,-6.161597,11.68,37,No,"Cabinteely, Dublin 18",2013,1 to 2 bed,Apartment,1021.08,1023.91,-0.3
20,Brennanstown,53.252619,-6.161597,11.68,37,No,"Cabinteely, Dublin 18",2013,1 to 3 bed,All property types,1128.69,1017.89,10.9
20,Brennanstown,53.252619,-6.161597,11.68,37,No,"Cabinteely, Dublin 18",2013,1 to 3 bed,Semi detached house,1271.73,1105.42,15.0
20,Brennanstown,53.252619,-6.161597,11.68,37,No,"Cabinteely, Dublin 18",2013,1 to 3 bed,Apartment,1093.54,1054.13,3.7
20,Brennanstown,53.252619,-6.161597,11.68,37,No,"Cabinteely, Dublin 18",2013,Four plus bed,All property types,1694.23,1649.69,2.7
21,Laughanstown,53.250606,-6.155006,12.11,39,No,"Cabinteely, Dublin 18",2013,All bedrooms,All property types,1193.46,1069.77,11.6
21,Laughanstown,53.250606,-6.155006,12.11,39,No,"Cabinteely, Dublin 18",2013,All bedrooms,Detached house,1775.76,1536.32,15.6
21,Laughanstown,53.250606,-6.155006,12.11,39,No,"Cabinteely, Dublin 18",2013,All bedrooms,Semi detached house,1357.86,1205.82,12.6
21,Laughanstown,53.250606,-6.155006,12.11,39,No,"Cabinteely, Dublin 18",2013,All bedrooms,Apartment,1098.06,1068.52,2.8
21,Laughanstown,53.250606,-6.155006,12.11,39,No,"Cabinteely, Dublin 18",2013,One bed,All property types,880.57,767.51,14.7
21,Laughanstown,53.250606,-6.155006,12.11,39,No,"Cabinteely, Dublin 18",2013,One bed,Apartment,885.2,867.96,2.0
21,Laughanstown,53.250606,-6.155006,12.11,39,No,"Cabinteely, Dublin 18",2013,Two bed,All property types,1059.37,1076.6,-1.6
21,Laughanstown,53.250606,-6.155006,12.11,39,No,"Cabinteely, Dublin 18",2013,Two bed,Apartment,1056.09,1096.37,-3.7
21,Laughanstown,53.250606,-6.155006,12.11,39,No,"Cabinteely, Dublin 18",2013,Three bed,All property types,1320.51,1191.73,10.8
21,Laughanstown,53.250606,-6.155006,12.11,39,No,"Cabinteely, Dublin 18",2013,Three bed,Semi detached house,1287.86,1129.58,14.0
21,Laughanstown,53.250606,-6.155006,12.11,39,No,"Cabinteely, Dublin 18",2013,Three bed,Apartment,1321.9,1339.62,-1.3
21,Laughanstown,53.250606,-6.155006,12.11,39,No,"Cabinteely, Dublin 18",2013,1 to 2 bed,All property types,1022.78,960.65,6.5
21,Laughanstown,53.250606,-6.155006,12.11,39,No,"Cabinteely, Dublin 18",2013,1 to 2 bed,Apartment,1021.08,1023.91,-0.3
21,Laughanstown,53.250606,-6.155006,12.11,39,No,"Cabinteely, Dublin 18",2013,1 to 3 bed,All property types,1128.69,1017.89,10.9
21,Laughanstown,53.250606,-6.155006,12.11,39,No,"Cabinteely, Dublin 18",2013,1 to 3 bed,Semi detached house,1271.73,1105.42,15.0
21,Laughanstown,53.250606,-6.155006,12.11,39,No,"Cabinteely, Dublin 18",2013,1 to 3 bed,Apartment,1093.54,1054.13,3.7
21,Laughanstown,53.250606,-6.155006,12.11,39,No,"Cabinteely, Dublin 18",2013,Four plus bed,All property types,1694.23,1649.69,2.7
22,Cherrywood,53.245333,-6.145853,12.94,41,No,"Cabinteely, Dublin 18",2013,All bedrooms,All property types,1193.46,1069.77,11.6
22,Cherrywood,53.245333,-6.145853,12.94,41,No,"Cabinteely, Dublin 18",2013,All bedrooms,Detached house,1775.76,1536.32,15.6
22,Cherrywood,53.245333,-6.145853,12.94,41,No,"Cabinteely, Dublin 18",2013,All bedrooms,Semi detached house,1357.86,1205.82,12.6
22,Cherrywood,53.245333,-6.145853,12.94,41,No,"Cabinteely, Dublin 18",2013,All bedrooms,Apartment,1098.06,1068.52,2.8
22,Cherrywood,53.245333,-6.145853,12.94,41,No,"Cabinteely, Dublin 18",2013,One bed,All property types,880.57,767.51,14.7
22,Cherrywood,53.245333,-6.145853,12.94,41,No,"Cabinteely, Dublin 18",2013,One bed,Apartment,885.2,867.96,2.0
22,Cherrywood,53.245333,-6.145853,12.94,41,No,"Cabinteely, Dublin 18",2013,Two bed,All property types,1059.37,1076.6,-1.6
22,Cherrywood,53.245333,-6.145853,12.94,41,No,"Cabinteely, Dublin 18",2013,Two bed,Apartment,1056.09,1096.37,-3.7
22,Cherrywood,53.245333,-6.145853,12.94,41,No,"Cabinteely, Dublin 18",2013,Three bed,All property types,1320.51,1191.73,10.8
22,Cherrywood,53.245333,-6.145853,12.94,41,No,"Cabinteely, Dublin 18",2013,Three bed,Semi detached house,1287.86,1129.58,14.0
22,Cherrywood,53.245333,-6.145853,12.94,41,No,"Cabinteely, Dublin 18",2013,Three bed,Apartment,1321.9,1339.62,-1.3
22,Cherrywood,53.245333,-6.145853,12.94,41,No,"Cabinteely, Dublin 18",2013,1 to 2 bed,All property types,1022.78,960.65,6.5
22,Cherrywood,53.245333,-6.145853,12.94,41,No,"Cabinteely, Dublin 18",2013,1 to 2 bed,Apartment,1021.08,1023.91,-0.3
22,Cherrywood,53.245333,-6.145853,12.94,41,No,"Cabinteely, Dublin 18",2013,1 to 3 bed,All property types,1128.69,1017.89,10.9
22,Cherrywood,53.245333,-6.145853,12.94,41,No,"Cabinteely, Dublin 18",2013,1 to 3 bed,Semi detached house,1271.73,1105.42,15.0
22,Cherrywood,53.245333,-6.145853,12.94,41,No,"Cabinteely, Dublin 18",2013,1 to 3 bed,Apartment,1093.54,1054.13,3.7
22,Cherrywood,53.245333,-6.145853,12.94,41,No,"Cabinteely, Dublin 18",2013,Four plus bed,All property types,1694.23,1649.69,2.7
23,Brides Glen,53.242075,-6.142886,13.35,42,No,"Shankill, Dublin",2013,All bedrooms,All property types,1131.13,1069.77,5.7
23,Brides Glen,53.242075,-6.142886,13.35,42,No,"Shankill, Dublin",2013,All bedrooms,Semi detached house,1269.47,1205.82,5.3
23,Brides Glen,53.242075,-6.142886,13.35,42,No,"Shankill, Dublin",2013,All bedrooms,Terrace house,1054.7,1144.65,-7.9
23,Brides Glen,53.242075,-6.142886,13.35,42,No,"Shankill, Dublin",2013,All bedrooms,Apartment,1035.63,1068.52,-3.1
23,Brides Glen,53.242075,-6.142886,13.35,42,No,"Shankill, Dublin",2013,Two bed,All property types,1040.18,1076.6,-3.4
23,Brides Glen,53.242075,-6.142886,13.35,42,No,"Shankill, Dublin",2013,Two bed,Apartment,1052.68,1096.37,-4.0
23,Brides Glen,53.242075,-6.142886,13.35,42,No,"Shankill, Dublin",2013,Three bed,All property types,1190.98,1191.73,-0.1
23,Brides Glen,53.242075,-6.142886,13.35,42,No,"Shankill, Dublin",2013,Three bed,Semi detached house,1203.47,1129.58,6.5
23,Brides Glen,53.242075,-6.142886,13.35,42,No,"Shankill, Dublin",2013,1 to 2 bed,All property types,1012.55,960.65,5.4
23,Brides Glen,53.242075,-6.142886,13.35,42,No,"Shankill, Dublin",2013,1 to 2 bed,Apartment,1020.52,1023.91,-0.3
23,Brides Glen,53.242075,-6.142886,13.35,42,No,"Shankill, Dublin",2013,1 to 3 bed,All property types,1068.54,1017.89,5.0
23,Brides Glen,53.242075,-6.142886,13.35,42,No,"Shankill, Dublin",2013,1 to 3 bed,Semi detached house,1157.95,1105.42,4.8
23,Brides Glen,53.242075,-6.142886,13.35,42,No,"Shankill, Dublin",2013,1 to 3 bed,Terrace house,1054.7,1076.5,-2.0
23,Brides Glen,53.242075,-6.142886,13.35,42,No,"Shankill, Dublin",2013,1 to 3 bed,Apartment,1035.63,1054.13,-1.8
23,Brides Glen,53.242075,-6.142886,13.35,42,No,"Shankill, Dublin",2013,Four plus bed,All property types,1523.33,1649.69,-7.7
0,St. Stephen's Green,53.339072,-6.261333,0.0,0,No,"Charlemont Street, Dublin 2",2014,All bedrooms,All property types,1381.67,1159.42,19.2
0,St. Stephen's Green,53.339072,-6.261333,0.0,0,No,"Charlemont Street, Dublin 2",2014,All bedrooms,Apartment,1381.67,1162.87,18.8
0,St. Stephen's Green,53.339072,-6.261333,0.0,0,No,"Charlemont Street, Dublin 2",2014,Two bed,All property types,1305.31,1171.62,11.4
0,St. Stephen's Green,53.339072,-6.261333,0.0,0,No,"Charlemont Street, Dublin 2",2014,Two bed,Apartment,1305.31,1196.77,9.1
0,St. Stephen's Green,53.339072,-6.261333,0.0,0,No,"Charlemont Street, Dublin 2",2014,1 to 2 bed,All property types,1245.59,1044.62,19.2
0,St. Stephen's Green,53.339072,-6.261333,0.0,0,No,"Charlemont Street, Dublin 2",2014,1 to 2 bed,Apartment,1245.59,1114.46,11.8
0,St. Stephen's Green,53.339072,-6.261333,0.0,0,No,"Charlemont Street, Dublin 2",2014,1 to 3 bed,All property types,1365.91,1101.91,24.0
0,St. Stephen's Green,53.339072,-6.261333,0.0,0,No,"Charlemont Street, Dublin 2",2014,1 to 3 bed,Apartment,1365.91,1146.15,19.2
1,Harcourt,53.333358,-6.26265,0.64,2,No,"Charlemont Street, Dublin 2",2014,All bedrooms,All property types,1381.67,1159.42,19.2
1,Harcourt,53.333358,-6.26265,0.64,2,No,"Charlemont Street, Dublin 2",2014,All bedrooms,Apartment,1381.67,1162.87,18.8
1,Harcourt,53.333358,-6.26265,0.64,2,No,"Charlemont Street, Dublin 2",2014,Two bed,All property types,1305.31,1171.62,11.4
1,Harcourt,53.333358,-6.26265,0.64,2,No,"Charlemont Street, Dublin 2",2014,Two bed,Apartment,1305.31,1196.77,9.1
1,Harcourt,53.333358,-6.26265,0.64,2,No,"Charlemont Street, Dublin 2",2014,1 to 2 bed,All property types,1245.59,1044.62,19.2
1,Harcourt,53.333358,-6.26265,0.64,2,No,"Charlemont Street, Dublin 2",2014,1 to 2 bed,Apartment,1245.59,1114.46,11.8
1,Harcourt,53.333358,-6.26265,0.64,2,No,"Charlemont Street, Dublin 2",2014,1 to 3 bed,All property types,1365.91,1101.91,24.0
1,Harcourt,53.333358,-6.26265,0.64,2,No,"Charlemont Street, Dublin 2",2014,1 to 3 bed,Apartment,1365.91,1146.15,19.2
2,Charlemont,53.330669,-6.258683,0.95,4,No,"Charlemont Street, Dublin 2",2014,All bedrooms,All property types,1381.67,1159.42,19.2
2,Charlemont,53.330669,-6.258683,0.95,4,No,"Charlemont Street, Dublin 2",2014,All bedrooms,Apartment,1381.67,1162.87,18.8
2,Charlemont,53.330669,-6.258683,0.95,4,No,"Charlemont Street, Dublin 2",2014,Two bed,All property types,1305.31,1171.62,11.4
2,Charlemont,53.330669,-6.258683,0.95,4,No,"Charlemont Street, Dublin 2",2014,Two bed,Apartment,1305.31,1196.77,9.1
2,Charlemont,53.330669,-6.258683,0.95,4,No,"Charlemont Street, Dublin 2",2014,1 to 2 bed,All property types,1245.59,1044.62,19.2
2,Charlemont,53.330669,-6.258683,0.95,4,No,"Charlemont Street, Dublin 2",2014,1 to 2 bed,Apartment,1245.59,1114.46,11.8
2,Charlemont,53.330669,-6.258683,0.95,4,No,"Charlemont Street, Dublin 2",2014,1 to 3 bed,All property types,1365.91,1101.91,24.0
2,Charlemont,53.330669,-6.258683,0.95,4,No,"Charlemont Street, Dublin 2",2014,1 to 3 bed,Apartment,1365.91,1146.15,19.2
3,Ranelagh,53.326433,-6.256203,1.45,7,No,"Ranelagh, Dublin 6",2014,All bedrooms,All property types,1195.5,1159.42,3.1
3,Ranelagh,53.326433,-6.256203,1.45,7,No,"Ranelagh, Dublin 6",2014,All bedrooms,Semi detached house,1963.56,1294.0,51.7
3,Ranelagh,53.326433,-6.256203,1.45,7,No,"Ranelagh, Dublin 6",2014,All bedrooms,Terrace house,1738.63,1230.01,41.4
3,Ranelagh,53.326433,-6.256203,1.45,7,No,"Ranelagh, Dublin 6",2014,All bedrooms,Apartment,1252.85,1162.87,7.7
3,Ranelagh,53.326433,-6.256203,1.45,7,No,"Ranelagh, Dublin 6",2014,All bedrooms,Other flats,733.64,722.75,1.5
3,Ranelagh,53.326433,-6.256203,1.45,7,No,"Ranelagh, Dublin 6",2014,One bed,All property types,778.33,836.01,-6.9
3,Ranelagh,53.326433,-6.256203,1.45,7,No,"Ranelagh, Dublin 6",2014,One bed,Apartment,1026.22,941.04,9.1
3,Ranelagh,53.326433,-6.256203,1.45,7,No,"Ranelagh, Dublin 6",2014,One bed,Other flats,672.36,653.04,3.0
3,Ranelagh,53.326433,-6.256203,1.45,7,No,"Ranelagh, Dublin 6",2014,Two bed,All property types,1342.78,1171.62,14.6
3,Ranelagh,53.326433,-6.256203,1.45,7,No,"Ranelagh, Dublin 6",2014,Two bed,Terrace house,1484.48,1104.52,34.4
3,Ranelagh,53.326433,-6.256203,1.45,7,No,"Ranelagh, Dublin 6",2014,Two bed,Apartment,1396.91,1196.77,16.7
3,Ranelagh,53.326433,-6.256203,1.45,7,No,"Ranelagh, Dublin 6",2014,Two bed,Other flats,1010.47,955.37,5.8
3,Ranelagh,53.326433,-6.256203,1.45,7,No,"Ranelagh, Dublin 6",2014,Three bed,All property types,1943.91,1281.0,51.7
3,Ranelagh,53.326433,-6.256203,1.45,7,No,"Ranelagh, Dublin 6",2014,Three bed,Semi detached house,2053.16,1204.56,70.4
3,Ranelagh,53.326433,-6.256203,1.45,7,No,"Ranelagh, Dublin 6",2014,Three bed,Terrace house,2022.12,1234.49,63.8
3,Ranelagh,53.326433,-6.256203,1.45,7,No,"Ranelagh, Dublin 6",2014,1 to 2 bed,All property types,967.87,1044.62,-7.3
3,Ranelagh,53.326433,-6.256203,1.45,7,No,"Ranelagh, Dublin 6",2014,1 to 2 bed,Semi detached house,1162.74,1073.42,8.3
3,Ranelagh,53.326433,-6.256203,1.45,7,No,"Ranelagh, Dublin 6",2014,1 to 2 bed,Terrace house,1300.21,1069.37,21.6
3,Ranelagh,53.326433,-6.256203,1.45,7,No,"Ranelagh, Dublin 6",2014,1 to 2 bed,Apartment,1215.69,1114.46,9.1
3,Ranelagh,53.326433,-6.256203,1.45,7,No,"Ranelagh, Dublin 6",2014,1 to 2 bed,Other flats,714.54,704.6,1.4
3,Ranelagh,53.326433,-6.256203,1.45,7,No,"Ranelagh, Dublin 6",2014,1 to 3 bed,All property types,1107.81,1101.91,0.5
3,Ranelagh,53.326433,-6.256203,1.45,7,No,"Ranelagh, Dublin 6",2014,1 to 3 bed,Semi detached house,1689.96,1179.54,43.3
3,Ranelagh,53.326433,-6.256203,1.45,7,No,"Ranelagh, Dublin 6",2014,1 to 3 bed,Terrace house,1668.43,1156.28,44.3
3,Ranelagh,53.326433,-6.256203,1.45,7,No,"Ranelagh, Dublin 6",2014,1 to 3 bed,Apartment,1246.95,1146.15,8.8
3,Ranelagh,53.326433,-6.256203,1.45,7,No,"Ranelagh, Dublin 6",2014,1 to 3 bed,Other flats,731.88,718.04,1.9
3,Ranelagh,53.326433,-6.256203,1.45,7,No,"Ranelagh, Dublin 6",2014,Four plus bed,All property types,2149.01,1796.11,19.6
3,Ranelagh,53.326433,-6.256203,1.45,7,No,"Ranelagh, Dublin 6",2014,Four plus bed,Semi detached house,2470.73,1620.22,52.5
3,Ranelagh,53.326433,-6.256203,1.45,7,No,"Ranelagh, Dublin 6",2014,Four plus bed,Terrace house,1976.34,1745.84,13.2
4,Beechwood,53.320822,-6.254653,2.08,9,No,"Ranelagh, Dublin 6",2014,All bedrooms,All property types,1195.5,1159.42,3.1
4,Beechwood,53.320822,-6.254653,2.08,9,No,"Ranelagh, Dublin 6",2014,All bedrooms,Semi detached house,1963.56,1294.0,51.7
4,Beechwood,53.320822,-6.254653,2.08,9,No,"Ranelagh, Dublin 6",2014,All bedrooms,Terrace house,1738.63,1230.01,41.4
4,Beechwood,53.320822,-6.254653,2.08,9,No,"Ranelagh, Dublin 6",2014,All bedrooms,Apartment,1252.85,1162.87,7.7
4,Beechwood,53.320822,-6.254653,2.08,9,No,"Ranelagh, Dublin 6",2014,All bedrooms,Other flats,733.64,722.75,1.5
4,Beechwood,53.320822,-6.254653,2.08,9,No,"Ranelagh, Dublin 6",2014,One bed,All property types,778.33,836.01,-6.9
4,Beechwood,53.320822,-6.254653,2.08,9,No,"Ranelagh, Dublin 6",2014,One bed,Apartment,1026.22,941.04,9.1
4,Beechwood,53.320822,-6.254653,2.08,9,No,"Ranelagh, Dublin 6",2014,One bed,Other flats,672.36,653.04,3.0
4,Beechwood,53.320822,-6.254653,2.08,9,No,"Ranelagh, Dublin 6",2014,Two bed,All property types,1342.78,1171.62,14.6
4,Beechwood,53.320822,-6.254653,2.08,9,No,"Ranelagh, Dublin 6",2014,Two bed,Terrace house,1484.48,1104.52,34.4
4,Beechwood,53.320822,-6.254653,2.08,9,No,"Ranelagh, Dublin 6",2014,Two bed,Apartment,1396.91,1196.77,16.7
4,Beechwood,53.320822,-6.254653,2.08,9,No,"Ranelagh, Dublin 6",2014,Two bed,Other flats,1010.47,955.37,5.8
4,Beechwood,53.320822,-6.254653,2.08,9,No,"Ranelagh, Dublin 6",2014,Three bed,All property types,1943.91,1281.0,51.7
4,Beechwood,53.320822,-6.254653,2.08,9,No,"Ranelagh, Dublin 6",2014,Three bed,Semi detached house,2053.16,1204.56,70.4
4,Beechwood,53.320822,-6.254653,2.08,9,No,"Ranelagh, Dublin 6",2014,Three bed,Terrace house,2022.12,1234.49,63.8
4,Beechwood,53.320822,-6.254653,2.08,9,No,"Ranelagh, Dublin 6",2014,1 to 2 bed,All property types,967.87,1044.62,-7.3
4,Beechwood,53.320822,-6.254653,2.08,9,No,"Ranelagh, Dublin 6",2014,1 to 2 bed,Semi detached house,1162.74,1073.42,8.3
4,Beechwood,53.320822,-6.254653,2.08,9,No,"Ranelagh, Dublin 6",2014,1 to 2 bed,Terrace house,1300.21,1069.37,21.6
4,Beechwood,53.320822,-6.254653,2.08,9,No,"Ranelagh, Dublin 6",2014,1 to 2 bed,Apartment,1215.69,1114.46,9.1
4,Beechwood,53.320822,-6.254653,2.08,9,No,"Ranelagh, Dublin 6",2014,1 to 2 bed,Other flats,714.54,704.6,1.4
4,Beechwood,53.320822,-6.254653,2.08,9,No,"Ranelagh, Dublin 6",2014,1 to 3 bed,All property types,1107.81,1101.91,0.5
4,Beechwood,53.320822,-6.254653,2.08,9,No,"Ranelagh, Dublin 6",2014,1 to 3 bed,Semi detached house,1689.96,1179.54,43.3
4,Beechwood,53.320822,-6.254653,2.08,9,No,"Ranelagh, Dublin 6",2014,1 to 3 bed,Terrace house,1668.43,1156.28,44.3
4,Beechwood,53.320822,-6.254653,2.08,9,No,"Ranelagh, Dublin 6",2014,1 to 3 bed,Apartment,1246.95,1146.15,8.8
4,Beechwood,53.320822,-6.254653,2.08,9,No,"Ranelagh, Dublin 6",2014,1 to 3 bed,Other flats,731.88,718.04,1.9
4,Beechwood,53.320822,-6.254653,2.08,9,No,"Ranelagh, Dublin 6",2014,Four plus bed,All property types,2149.01,1796.11,19.6
4,Beechwood,53.320822,-6.254653,2.08,9,No,"Ranelagh, Dublin 6",2014,Four plus bed,Semi detached house,2470.73,1620.22,52.5
4,Beechwood,53.320822,-6.254653,2.08,9,No,"Ranelagh, Dublin 6",2014,Four plus bed,Terrace house,1976.34,1745.84,13.2
5,Cowper,53.316467,-6.253447,2.57,11,No,"Ranelagh, Dublin 6",2014,All bedrooms,All property types,1195.5,1159.42,3.1
5,Cowper,53.316467,-6.253447,2.57,11,No,"Ranelagh, Dublin 6",2014,All bedrooms,Semi detached house,1963.56,1294.0,51.7
5,Cowper,53.316467,-6.253447,2.57,11,No,"Ranelagh, Dublin 6",2014,All bedrooms,Terrace house,1738.63,1230.01,41.4
5,Cowper,53.316467,-6.253447,2.57,11,No,"Ranelagh, Dublin 6",2014,All bedrooms,Apartment,1252.85,1162.87,7.7
5,Cowper,53.316467,-6.253447,2.57,11,No,"Ranelagh, Dublin 6",2014,All bedrooms,Other flats,733.64,722.75,1.5
5,Cowper,53.316467,-6.253447,2.57,11,No,"Ranelagh, Dublin 6",2014,One bed,All property types,778.33,836.01,-6.9
5,Cowper,53.316467,-6.253447,2.57,11,No,"Ranelagh, Dublin 6",2014,One bed,Apartment,1026.22,941.04,9.1
5,Cowper,53.316467,-6.253447,2.57,11,No,"Ranelagh, Dublin 6",2014,One bed,Other flats,672.36,653.04,3.0
5,Cowper,53.316467,-6.253447,2.57,11,No,"Ranelagh, Dublin 6",2014,Two bed,All property types,1342.78,1171.62,14.6
5,Cowper,53.316467,-6.253447,2.57,11,No,"Ranelagh, Dublin 6",2014,Two bed,Terrace house,1484.48,1104.52,34.4
5,Cowper,53.316467,-6.253447,2.57,11,No,"Ranelagh, Dublin 6",2014,Two bed,Apartment,1396.91,1196.77,16.7
5,Cowper,53.316467,-6.253447,2.57,11,No,"Ranelagh, Dublin 6",2014,Two bed,Other flats,1010.47,955.37,5.8
5,Cowper,53.316467,-6.253447,2.57,11,No,"Ranelagh, Dublin 6",2014,Three bed,All property types,1943.91,1281.0,51.7
5,Cowper,53.316467,-6.253447,2.57,11,No,"Ranelagh, Dublin 6",2014,Three bed,Semi detached house,2053.16,1204.56,70.4
5,Cowper,53.316467,-6.253447,2.57,11,No,"Ranelagh, Dublin 6",2014,Three bed,Terrace house,2022.12,1234.49,63.8
5,Cowper,53.316467,-6.253447,2.57,11,No,"Ranelagh, Dublin 6",2014,1 to 2 bed,All property types,967.87,1044.62,-7.3
5,Cowper,53.316467,-6.253447,2.57,11,No,"Ranelagh, Dublin 6",2014,1 to 2 bed,Semi detached house,1162.74,1073.42,8.3
5,Cowper,53.316467,-6.253447,2.57,11,No,"Ranelagh, Dublin 6",2014,1 to 2 bed,Terrace house,1300.21,1069.37,21.6
5,Cowper,53.316467,-6.253447,2.57,11,No,"Ranelagh, Dublin 6",2014,1 to 2 bed,Apartment,1215.69,1114.46,9.1
5,Cowper,53.316467,-6.253447,2.57,11,No,"Ranelagh, Dublin 6",2014,1 to 2 bed,Other flats,714.54,704.6,1.4
5,Cowper,53.316467,-6.253447,2.57,11,No,"Ranelagh, Dublin 6",2014,1 to 3 bed,All property types,1107.81,1101.91,0.5
5,Cowper,53.316467,-6.253447,2.57,11,No,"Ranelagh, Dublin 6",2014,1 to 3 bed,Semi detached house,1689.96,1179.54,43.3
5,Cowper,53.316467,-6.253447,2.57,11,No,"Ranelagh, Dublin 6",2014,1 to 3 bed,Terrace house,1668.43,1156.28,44.3
5,Cowper,53.316467,-6.253447,2.57,11,No,"Ranelagh, Dublin 6",2014,1 to 3 bed,Apartment,1246.95,1146.15,8.8
5,Cowper,53.316467,-6.253447,2.57,11,No,"Ranelagh, Dublin 6",2014,1 to 3 bed,Other flats,731.88,718.04,1.9
5,Cowper,53.316467,-6.253447,2.57,11,No,"Ranelagh, Dublin 6",2014,Four plus bed,All property types,2149.01,1796.11,19.6
5,Cowper,53.316467,-6.253447,2.57,11,No,"Ranelagh, Dublin 6",2014,Four plus bed,Semi detached house,2470.73,1620.22,52.5
5,Cowper,53.316467,-6.253447,2.57,11,No,"Ranelagh, Dublin 6",2014,Four plus bed,Terrace house,1976.34,1745.84,13.2
6,Milltown,53.309917,-6.251728,3.3,13,No,"Milltown, Dublin 6",2014,All bedrooms,All property types,1493.96,1159.42,28.9
6,Milltown,53.309917,-6.251728,3.3,13,No,"Milltown, Dublin 6",2014,All bedrooms,Terrace house,1608.3,1230.01,30.8
6,Milltown,53.309917,-6.251728,3.3,13,No,"Milltown, Dublin 6",2014,All bedrooms,Apartment,1454.35,1162.87,25.1
6,Milltown,53.309917,-6.251728,3.3,13,No,"Milltown, Dublin 6",2014,One bed,All property types,1205.91,836.01,44.2
6,Milltown,53.309917,-6.251728,3.3,13,No,"Milltown, Dublin 6",2014,One bed,Apartment,1240.82,941.04,31.9
6,Milltown,53.309917,-6.251728,3.3,13,No,"Milltown, Dublin 6",2014,Two bed,All property types,1456.4,1171.62,24.3
6,Milltown,53.309917,-6.251728,3.3,13,No,"Milltown, Dublin 6",2014,Two bed,Terrace house,1370.17,1104.52,24.1
6,Milltown,53.309917,-6.251728,3.3,13,No,"Milltown, Dublin 6",2014,Two bed,Apartment,1468.11,1196.77,22.7
6,Milltown,53.309917,-6.251728,3.3,13,No,"Milltown, Dublin 6",2014,Three bed,All property types,1712.24,1281.0,33.7
6,Milltown,53.309917,-6.251728,3.3,13,No,"Milltown, Dublin 6",2014,Three bed,Apartment,1782.5,1457.14,22.3
6,Milltown,53.309917,-6.251728,3.3,13,No,"Milltown, Dublin 6",2014,1 to 2 bed,All property types,1386.12,1044.62,32.7
6,Milltown,53.309917,-6.251728,3.3,13,No,"Milltown, Dublin 6",2014,1 to 2 bed,Terrace house,1366.29,1069.37,27.8
6,Milltown,53.309917,-6.251728,3.3,13,No,"Milltown, Dublin 6",2014,1 to 2 bed,Apartment,1400.92,1114.46,25.7
6,Milltown,53.309917,-6.251728,3.3,13,No,"Milltown, Dublin 6",2014,1 to 3 bed,All property types,1448.41,1101.91,31.4
6,Milltown,53.309917,-6.251728,3.3,13,No,"Milltown, Dublin 6",2014,1 to 3 bed,Terrace house,1445.53,1156.28,25.0
6,Milltown,53.309917,-6.251728,3.3,13,No,"Milltown, Dublin 6",2014,1 to 3 bed,Apartment,1452.77,1146.15,26.8
6,Milltown,53.309917,-6.251728,3.3,13,No,"Milltown, Dublin 6",2014,Four plus bed,All property types,2243.28,1796.11,24.9
7,Windy Arbour,53.301558,-6.250708,4.23,15,No,"Churchtown, Dublin 14",2014,All bedrooms,All property types,1436.7,1159.42,23.9
7,Windy Arbour,53.301558,-6.250708,4.23,15,No,"Churchtown, Dublin 14",2014,All bedrooms,Semi detached house,1674.14,1294.0,29.4
7,Windy Arbour,53.301558,-6.250708,4.23,15,No,"Churchtown, Dublin 14",2014,All bedrooms,Terrace house,1508.1,1230.01,22.6
7,Windy Arbour,53.301558,-6.250708,4.23,15,No,"Churchtown, Dublin 14",2014,All bedrooms,Apartment,1133.13,1162.87,-2.6
7,Windy Arbour,53.301558,-6.250708,4.23,15,No,"Churchtown, Dublin 14",2014,One bed,All property types,1017.43,836.01,21.7
7,Windy Arbour,53.301558,-6.250708,4.23,15,No,"Churchtown, Dublin 14",2014,One bed,Apartment,1020.78,941.04,8.5
7,Windy Arbour,53.301558,-6.250708,4.23,15,No,"Churchtown, Dublin 14",2014,Two bed,All property types,1206.97,1171.62,3.0
7,Windy Arbour,53.301558,-6.250708,4.23,15,No,"Churchtown, Dublin 14",2014,Two bed,Apartment,1197.51,1196.77,0.1
7,Windy Arbour,53.301558,-6.250708,4.23,15,No,"Churchtown, Dublin 14",2014,Three bed,All property types,1526.03,1281.0,19.1
7,Windy Arbour,53.301558,-6.250708,4.23,15,No,"Churchtown, Dublin 14",2014,Three bed,Semi detached house,1488.71,1204.56,23.6
7,Windy Arbour,53.301558,-6.250708,4.23,15,No,"Churchtown, Dublin 14",2014,1 to 2 bed,All property types,1137.14,1044.62,8.9
7,Windy Arbour,53.301558,-6.250708,4.23,15,No,"Churchtown, Dublin 14",2014,1 to 2 bed,Apartment,1117.86,1114.46,0.3
7,Windy Arbour,53.301558,-6.250708,4.23,15,No,"Churchtown, Dublin 14",2014,1 to 3 bed,All property types,1292.2,1101.91,17.3
7,Windy Arbour,53.301558,-6.250708,4.23,15,No,"Churchtown, Dublin 14",2014,1 to 3 bed,Semi detached house,1462.58,1179.54,24.0
7,Windy Arbour,53.301558,-6.250708,4.23,15,No,"Churchtown, Dublin 14",2014,1 to 3 bed,Terrace house,1444.47,1156.28,24.9
7,Windy Arbour,53.301558,-6.250708,4.23,15,No,"Churchtown, Dublin 14",2014,1 to 3 bed,Apartment,1133.13,1146.15,-1.1
7,Windy Arbour,53.301558,-6.250708,4.23,15,No,"Churchtown, Dublin 14",2014,Four plus bed,All property types,1993.54,1796.11,11.0
7,Windy Arbour,53.301558,-6.250708,4.23,15,No,"Churchtown, Dublin 14",2014,Four plus bed,Semi detached house,1975.16,1620.22,21.9
8,Dundrum,53.292358,-6.245117,5.3,17,No,"Dundrum, Dublin 16",2014,All bedrooms,All property types,1378.17,1159.42,18.9
8,Dundrum,53.292358,-6.245117,5.3,17,No,"Dundrum, Dublin 16",2014,All bedrooms,Semi detached house,1612.39,1294.0,24.6
8,Dundrum,53.292358,-6.245117,5.3,17,No,"Dundrum, Dublin 16",2014,All bedrooms,Terrace house,1440.53,1230.01,17.1
8,Dundrum,53.292358,-6.245117,5.3,17,No,"Dundrum, Dublin 16",2014,All bedrooms,Apartment,1325.52,1162.87,14.0
8,Dundrum,53.292358,-6.245117,5.3,17,No,"Dundrum, Dublin 16",2014,One bed,All property types,1030.67,836.01,23.3
8,Dundrum,53.292358,-6.245117,5.3,17,No,"Dundrum, Dublin 16",2014,One bed,Apartment,1095.55,941.04,16.4
8,Dundrum,53.292358,-6.245117,5.3,17,No,"Dundrum, Dublin 16",2014,Two bed,All property types,1321.16,1171.62,12.8
8,Dundrum,53.292358,-6.245117,5.3,17,No,"Dundrum, Dublin 16",2014,Two bed,Terrace house,1269.7,1104.52,15.0
8,Dundrum,53.292358,-6.245117,5.3,17,No,"Dundrum, Dublin 16",2014,Two bed,Apartment,1330.71,1196.77,11.2
8,Dundrum,53.292358,-6.245117,5.3,17,No,"Dundrum, Dublin 16",2014,Three bed,All property types,1596.82,1281.0,24.7
8,Dundrum,53.292358,-6.245117,5.3,17,No,"Dundrum, Dublin 16",2014,Three bed,Semi detached house,1442.86,1204.56,19.8
8,Dundrum,53.292358,-6.245117,5.3,17,No,"Dundrum, Dublin 16",2014,Three bed,Terrace house,1581.45,1234.49,28.1
8,Dundrum,53.292358,-6.245117,5.3,17,No,"Dundrum, Dublin 16",2014,Three bed,Apartment,1844.85,1457.14,26.6
8,Dundrum,53.292358,-6.245117,5.3,17,No,"Dundrum, Dublin 16",2014,1 to 2 bed,All property types,1269.36,1044.62,21.5
8,Dundrum,53.292358,-6.245117,5.3,17,No,"Dundrum, Dublin 16",2014,1 to 2 bed,Terrace house,1255.29,1069.37,17.4
8,Dundrum,53.292358,-6.245117,5.3,17,No,"Dundrum, Dublin 16",2014,1 to 2 bed,Apartment,1291.28,1114.46,15.9
8,Dundrum,53.292358,-6.245117,5.3,17,No,"Dundrum, Dublin 16",2014,1 to 3 bed,All property types,1329.24,1101.91,20.6
8,Dundrum,53.292358,-6.245117,5.3,17,No,"Dundrum, Dublin 16",2014,1 to 3 bed,Semi detached house,1410.16,1179.54,19.6
8,Dundrum,53.292358,-6.245117,5.3,17,No,"Dundrum, Dublin 16",2014,1 to 3 bed,Terrace house,1422.92,1156.28,23.1
8,Dundrum,53.292358,-6.245117,5.3,17,No,"Dundrum, Dublin 16",2014,1 to 3 bed,Apartment,1326.07,1146.15,15.7
8,Dundrum,53.292358,-6.245117,5.3,17,No,"Dundrum, Dublin 16",2014,Four plus bed,All property types,1930.65,1796.11,7.5
8,Dundrum,53.292358,-6.245117,5.3,17,No,"Dundrum, Dublin 16",2014,Four plus bed,Semi detached house,1951.13,1620.22,20.4
9,Balally,53.286106,-6.236772,6.11,19,Yes,"Dundrum, Dublin 16",2014,All bedrooms,All property types,1378.17,1159.42,18.9
9,Balally,53.286106,-6.236772,6.11,19,Yes,"Dundrum, Dublin 16",2014,All bedrooms,Semi detached house,1612.39,1294.0,24.6
9,Balally,53.286106,-6.236772,6.11,19,Yes,"Dundrum, Dublin 16",2014,All bedrooms,Terrace house,1440.53,1230.01,17.1
9,Balally,53.286106,-6.236772,6.11,19,Yes,"Dundrum, Dublin 16",2014,All bedrooms,Apartment,1325.52,1162.87,14.0
9,Balally,53.286106,-6.236772,6.11,19,Yes,"Dundrum, Dublin 16",2014,One bed,All property types,1030.67,836.01,23.3
9,Balally,53.286106,-6.236772,6.11,19,Yes,"Dundrum, Dublin 16",2014,One bed,Apartment,1095.55,941.04,16.4
9,Balally,53.286106,-6.236772,6.11,19,Yes,"Dundrum, Dublin 16",2014,Two bed,All property types,1321.16,1171.62,12.8
9,Balally,53.286106,-6.236772,6.11,19,Yes,"Dundrum, Dublin 16",2014,Two bed,Terrace house,1269.7,1104.52,15.0
9,Balally,53.286106,-6.236772,6.11,19,Yes,"Dundrum, Dublin 16",2014,Two bed,Apartment,1330.71,1196.77,11.2
9,Balally,53.286106,-6.236772,6.11,19,Yes,"Dundrum, Dublin 16",2014,Three bed,All property types,1596.82,1281.0,24.7
9,Balally,53.286106,-6.236772,6.11,19,Yes,"Dundrum, Dublin 16",2014,Three bed,Semi detached house,1442.86,1204.56,19.8
9,Balally,53.286106,-6.236772,6.11,19,Yes,"Dundrum, Dublin 16",2014,Three bed,Terrace house,1581.45,1234.49,28.1
9,Balally,53.286106,-6.236772,6.11,19,Yes,"Dundrum, Dublin 16",2014,Three bed,Apartment,1844.85,1457.14,26.6
9,Balally,53.286106,-6.236772,6.11,19,Yes,"Dundrum, Dublin 16",2014,1 to 2 bed,All property types,1269.36,1044.62,21.5
9,Balally,53.286106,-6.236772,6.11,19,Yes,"Dundrum, Dublin 16",2014,1 to 2 bed,Terrace house,1255.29,1069.37,17.4
9,Balally,53.286106,-6.236772,6.11,19,Yes,"Dundrum, Dublin 16",2014,1 to 2 bed,Apartment,1291.28,1114.46,15.9
9,Balally,53.286106,-6.236772,6.11,19,Yes,"Dundrum, Dublin 16",2014,1 to 3 bed,All property types,1329.24,1101.91,20.6
9,Balally,53.286106,-6.236772,6.11,19,Yes,"Dundrum, Dublin 16",2014,1 to 3 bed,Semi detached house,1410.16,1179.54,19.6
9,Balally,53.286106,-6.236772,6.11,19,Yes,"Dundrum, Dublin 16",2014,1 to 3 bed,Terrace house,1422.92,1156.28,23.1
9,Balally,53.286106,-6.236772,6.11,19,Yes,"Dundrum, Dublin 16",2014,1 to 3 bed,Apartment,1326.07,1146.15,15.7
9,Balally,53.286106,-6.236772,6.11,19,Yes,"Dundrum, Dublin 16",2014,Four plus bed,All property types,1930.65,1796.11,7.5
9,Balally,53.286106,-6.236772,6.11,19,Yes,"Dundrum, Dublin 16",2014,Four plus bed,Semi detached house,1951.13,1620.22,20.4
10,Kilmacud,53.283008,-6.223886,6.71,21,No,"Stillorgan, Dublin",2014,All bedrooms,All property types,1452.46,1159.42,25.3
10,Kilmacud,53.283008,-6.223886,6.71,21,No,"Stillorgan, Dublin",2014,All bedrooms,Detached house,1930.97,1697.92,13.7
10,Kilmacud,53.283008,-6.223886,6.71,21,No,"Stillorgan, Dublin",2014,All bedrooms,Semi detached house,1659.33,1294.0,28.2
10,Kilmacud,53.283008,-6.223886,6.71,21,No,"Stillorgan, Dublin",2014,All bedrooms,Terrace house,1545.2,1230.01,25.6
10,Kilmacud,53.283008,-6.223886,6.71,21,No,"Stillorgan, Dublin",2014,All bedrooms,Apartment,1368.54,1162.87,17.7
10,Kilmacud,53.283008,-6.223886,6.71,21,No,"Stillorgan, Dublin",2014,One bed,All property types,1056.71,836.01,26.4
10,Kilmacud,53.283008,-6.223886,6.71,21,No,"Stillorgan, Dublin",2014,One bed,Apartment,1074.84,941.04,14.2
10,Kilmacud,53.283008,-6.223886,6.71,21,No,"Stillorgan, Dublin",2014,Two bed,All property types,1356.72,1171.62,15.8
10,Kilmacud,53.283008,-6.223886,6.71,21,No,"Stillorgan, Dublin",2014,Two bed,Apartment,1359.83,1196.77,13.6
10,Kilmacud,53.283008,-6.223886,6.71,21,No,"Stillorgan, Dublin",2014,Three bed,All property types,1685.36,1281.0,31.6
10,Kilmacud,53.283008,-6.223886,6.71,21,No,"Stillorgan, Dublin",2014,Three bed,Semi detached house,1573.83,1204.56,30.7
10,Kilmacud,53.283008,-6.223886,6.71,21,No,"Stillorgan, Dublin",2014,Three bed,Terrace house,1614.22,1234.49,30.8
10,Kilmacud,53.283008,-6.223886,6.71,21,No,"Stillorgan, Dublin",2014,Three bed,Apartment,1806.95,1457.14,24.0
10,Kilmacud,53.283008,-6.223886,6.71,21,No,"Stillorgan, Dublin",2014,1 to 2 bed,All property types,1297.22,1044.62,24.2
10,Kilmacud,53.283008,-6.223886,6.71,21,No,"Stillorgan, Dublin",2014,1 to 2 bed,Apartment,1303.09,1114.46,16.9
10,Kilmacud,53.283008,-6.223886,6.71,21,No,"Stillorgan, Dublin",2014,1 to 3 bed,All property types,1390.05,1101.91,26.1
10,Kilmacud,53.283008,-6.223886,6.71,21,No,"Stillorgan, Dublin",2014,1 to 3 bed,Semi detached house,1526.37,1179.54,29.4
10,Kilmacud,53.283008,-6.223886,6.71,21,No,"Stillorgan, Dublin",2014,1 to 3 bed,Terrace house,1479.62,1156.28,28.0
10,Kilmacud,53.283008,-6.223886,6.71,21,No,"Stillorgan, Dublin",2014,1 to 3 bed,Apartment,1366.82,1146.15,19.3
10,Kilmacud,53.283008,-6.223886,6.71,21,No,"Stillorgan, Dublin",2014,Four plus bed,All property types,1879.73,1796.11,4.7
10,Kilmacud,53.283008,-6.223886,6.71,21,No,"Stillorgan, Dublin",2014,Four plus bed,Semi detached house,1837.55,1620.22,13.4
11,Stillorgan,53.279311,-6.209919,7.47,22,Yes,"Stillorgan, Dublin",2014,All bedrooms,All property types,1452.46,1159.42,25.3
11,Stillorgan,53.279311,-6.209919,7.47,22,Yes,"Stillorgan, Dublin",2014,All bedrooms,Detached house,1930.97,1697.92,13.7
11,Stillorgan,53.279311,-6.209919,7.47,22,Yes,"Stillorgan, Dublin",2014,All bedrooms,Semi detached house,1659.33,1294.0,28.2
11,Stillorgan,53.279311,-6.209919,7.47,22,Yes,"Stillorgan, Dublin",2014,All bedrooms,Terrace house,1545.2,1230.01,25.6
11,Stillorgan,53.279311,-6.209919,7.47,22,Yes,"Stillorgan, Dublin",2014,All bedrooms,Apartment,1368.54,1162.87,17.7
11,Stillorgan,53.279311,-6.209919,7.47,22,Yes,"Stillorgan, Dublin",2014,One bed,All property types,1056.71,836.01,26.4
11,Stillorgan,53.279311,-6.209919,7.47,22,Yes,"Stillorgan, Dublin",2014,One bed,Apartment,1074.84,941.04,14.2
11,Stillorgan,53.279311,-6.209919,7.47,22,Yes,"Stillorgan, Dublin",2014,Two bed,All property types,1356.72,1171.62,15.8
11,Stillorgan,53.279311,-6.209919,7.47,22,Yes,"Stillorgan, Dublin",2014,Two bed,Apartment,1359.83,1196.77,13.6
11,Stillorgan,53.279311,-6.209919,7.47,22,Yes,"Stillorgan, Dublin",2014,Three bed,All property types,1685.36,1281.0,31.6
11,Stillorgan,53.279311,-6.209919,7.47,22,Yes,"Stillorgan, Dublin",2014,Three bed,Semi detached house,1573.83,1204.56,30.7
11,Stillorgan,53.279311,-6.209919,7.47,22,Yes,"Stillorgan, Dublin",2014,Three bed,Terrace house,1614.22,1234.49,30.8
11,Stillorgan,53.279311,-6.209919,7.47,22,Yes,"Stillorgan, Dublin",2014,Three bed,Apartment,1806.95,1457.14,24.0
11,Stillorgan,53.279311,-6.209919,7.47,22,Yes,"Stillorgan, Dublin",2014,1 to 2 bed,All property types,1297.22,1044.62,24.2
11,Stillorgan,53.279311,-6.209919,7.47,22,Yes,"Stillorgan, Dublin",2014,1 to 2 bed,Apartment,1303.09,1114.46,16.9
11,Stillorgan,53.279311,-6.209919,7.47,22,Yes,"Stillorgan, Dublin",2014,1 to 3 bed,All property types,1390.05,1101.91,26.1
11,Stillorgan,53.279311,-6.209919,7.47,22,Yes,"Stillorgan, Dublin",2014,1 to 3 bed,Semi detached house,1526.37,1179.54,29.4
11,Stillorgan,53.279311,-6.209919,7.47,22,Yes,"Stillorgan, Dublin",2014,1 to 3 bed,Terrace house,1479.62,1156.28,28.0
11,Stillorgan,53.279311,-6.209919,7.47,22,Yes,"Stillorgan, Dublin",2014,1 to 3 bed,Apartment,1366.82,1146.15,19.3
11,Stillorgan,53.279311,-6.209919,7.47,22,Yes,"Stillorgan, Dublin",2014,Four plus bed,All property types,1879.73,1796.11,4.7
11,Stillorgan,53.279311,-6.209919,7.47,22,Yes,"Stillorgan, Dublin",2014,Four plus bed,Semi detached house,1837.55,1620.22,13.4
12,Sandyford,53.277603,-6.204678,7.8,24,Yes,"Sandyford, Dublin 18",2014,All bedrooms,All property types,1316.73,1159.42,13.6
12,Sandyford,53.277603,-6.204678,7.8,24,Yes,"Sandyford, Dublin 18",2014,All bedrooms,Semi detached house,1356.44,1294.0,4.8
12,Sandyford,53.277603,-6.204678,7.8,24,Yes,"Sandyford, Dublin 18",2014,All bedrooms,Terrace house,1473.33,1230.01,19.8
12,Sandyford,53.277603,-6.204678,7.8,24,Yes,"Sandyford, Dublin 18",2014,All bedrooms,Apartment,1304.92,1162.87,12.2
12,Sandyford,53.277603,-6.204678,7.8,24,Yes,"Sandyford, Dublin 18",2014,One bed,All property types,1101.12,836.01,31.7
12,Sandyford,53.277603,-6.204678,7.8,24,Yes,"Sandyford, Dublin 18",2014,One bed,Apartment,1113.33,941.04,18.3
12,Sandyford,53.277603,-6.204678,7.8,24,Yes,"Sandyford, Dublin 18",2014,Two bed,All property types,1322.16,1171.62,12.8
12,Sandyford,53.277603,-6.204678,7.8,24,Yes,"Sandyford, Dublin 18",2014,Two bed,Apartment,1322.2,1196.77,10.5
12,Sandyford,53.277603,-6.204678,7.8,24,Yes,"Sandyford, Dublin 18",2014,Three bed,All property types,1439.48,1281.0,12.4
12,Sandyford,53.277603,-6.204678,7.8,24,Yes,"Sandyford, Dublin 18",2014,Three bed,Semi detached house,1277.76,1204.56,6.1
12,Sandyford,53.277603,-6.204678,7.8,24,Yes,"Sandyford, Dublin 18",2014,Three bed,Apartment,1512.74,1457.14,3.8
12,Sandyford,53.277603,-6.204678,7.8,24,Yes,"Sandyford, Dublin 18",2014,1 to 2 bed,All property types,1276.92,1044.62,22.2
12,Sandyford,53.277603,-6.204678,7.8,24,Yes,"Sandyford, Dublin 18",2014,1 to 2 bed,Apartment,1279.82,1114.46,14.8
12,Sandyford,53.277603,-6.204678,7.8,24,Yes,"Sandyford, Dublin 18",2014,1 to 3 bed,All property types,1303.63,1101.91,18.3
12,Sandyford,53.277603,-6.204678,7.8,24,Yes,"Sandyford, Dublin 18",2014,1 to 3 bed,Semi detached house,1292.83,1179.54,9.6
12,Sandyford,53.277603,-6.204678,7.8,24,Yes,"Sandyford, Dublin 18",2014,1 to 3 bed,Terrace house,1454.84,1156.28,25.8
12,Sandyford,53.277603,-6.204678,7.8,24,Yes,"Sandyford, Dublin 18",2014,1 to 3 bed,Apartment,1304.49,1146.15,13.8
12,Sandyford,53.277603,-6.204678,7.8,24,Yes,"Sandyford, Dublin 18",2014,Four plus bed,All property types,1705.62,1796.11,-5.0
13,Central Park,53.27015,-6.203764,8.57,26,No,"Leopardstown, Dublin 18",2014,All bedrooms,All property types,1427.57,1159.42,23.1
13,Central Park,53.27015,-6.203764,8.57,26,No,"Leopardstown, Dublin 18",2014,All bedrooms,Semi detached house,1533.87,1294.0,18.5
13,Central Park,53.27015,-6.203764,8.57,26,No,"Leopardstown, Dublin 18",2014,All bedrooms,Apartment,1346.63,1162.87,15.8
13,Central Park,53.27015,-6.203764,8.57,26,No,"Leopardstown, Dublin 18",2014,One bed,All property types,1056.83,836.01,26.4
13,Central Park,53.27015,-6.203764,8.57,26,No,"Leopardstown, Dublin 18",2014,One bed,Apartment,1056.83,941.04,12.3
13,Central Park,53.27015,-6.203764,8.57,26,No,"Leopardstown, Dublin 18",2014,Two bed,All property types,1304.58,1171.62,11.3
13,Central Park,53.27015,-6.203764,8.57,26,No,"Leopardstown, Dublin 18",2014,Two bed,Apartment,1310.27,1196.77,9.5
13,Central Park,53.27015,-6.203764,8.57,26,No,"Leopardstown, Dublin 18",2014,Three bed,All property types,1514.93,1281.0,18.3
13,Central Park,53.27015,-6.203764,8.57,26,No,"Leopardstown, Dublin 18",2014,Three bed,Semi detached house,1414.8,1204.56,17.5
13,Central Park,53.27015,-6.203764,8.57,26,No,"Leopardstown, Dublin 18",2014,Three bed,Apartment,1688.51,1457.14,15.9
13,Central Park,53.27015,-6.203764,8.57,26,No,"Leopardstown, Dublin 18",2014,1 to 2 bed,All property types,1254.02,1044.62,20.0
13,Central Park,53.27015,-6.203764,8.57,26,No,"Leopardstown, Dublin 18",2014,1 to 2 bed,Apartment,1257.1,1114.46,12.8
13,Central Park,53.27015,-6.203764,8.57,26,No,"Leopardstown, Dublin 18",2014,1 to 3 bed,All property types,1359.02,1101.91,23.3
13,Central Park,53.27015,-6.203764,8.57,26,No,"Leopardstown, Dublin 18",2014,1 to 3 bed,Semi detached house,1411.16,1179.54,19.6
13,Central Park,53.27015,-6.203764,8.57,26,No,"Leopardstown, Dublin 18",2014,1 to 3 bed,Apartment,1345.78,1146.15,17.4
13,Central Park,53.27015,-6.203764,8.57,26,No,"Leopardstown, Dublin 18",2014,Four plus bed,All property types,1819.78,1796.11,1.3
13,Central Park,53.27015,-6.203764,8.57,26,No,"Leopardstown, Dublin 18",2014,Four plus bed,Semi detached house,1783.24,1620.22,10.1
14,Glencairn,53.266336,-6.209942,8.78,28,No,"Leopardstown, Dublin 18",2014,All bedrooms,All property types,1427.57,1159.42,23.1
14,Glencairn,53.266336,-6.209942,8.78,28,No,"Leopardstown, Dublin 18",2014,All bedrooms,Semi detached house,1533.87,1294.0,18.5
14,Glencairn,53.266336,-6.209942,8.78,28,No,"Leopardstown, Dublin 18",2014,All bedrooms,Apartment,1346.63,1162.87,15.8
14,Glencairn,53.266336,-6.209942,8.78,28,No,"Leopardstown, Dublin 18",2014,One bed,All property types,1056.83,836.01,26.4
14,Glencairn,53.266336,-6.209942,8.78,28,No,"Leopardstown, Dublin 18",2014,One bed,Apartment,1056.83,941.04,12.3
14,Glencairn,53.266336,-6.209942,8.78,28,No,"Leopardstown, Dublin 18",2014,Two bed,All property types,1304.58,1171.62,11.3
14,Glencairn,53.266336,-6.209942,8.78,28,No,"Leopardstown, Dublin 18",2014,Two bed,Apartment,1310.27,1196.77,9.5
14,Glencairn,53.266336,-6.209942,8.78,28,No,"Leopardstown, Dublin 18",2014,Three bed,All property types,1514.93,1281.0,18.3
14,Glencairn,53.266336,-6.209942,8.78,28,No,"Leopardstown, Dublin 18",2014,Three bed,Semi detached house,1414.8,1204.56,17.5
14,Glencairn,53.266336,-6.209942,8.78,28,No,"Leopardstown, Dublin 18",2014,Three bed,Apartment,1688.51,1457.14,15.9
14,Glencairn,53.266336,-6.209942,8.78,28,No,"Leopardstown, Dublin 18",2014,1 to 2 bed,All property types,1254.02,1044.62,20.0
14,Glencairn,53.266336,-6.209942,8.78,28,No,"Leopardstown, Dublin 18",2014,1 to 2 bed,Apartment,1257.1,1114.46,12.8
14,Glencairn,53.266336,-6.209942,8.78,28,No,"Leopardstown, Dublin 18",2014,1 to 3 bed,All property types,1359.02,1101.91,23.3
14,Glencairn,53.266336,-6.209942,8.78,28,No,"Leopardstown, Dublin 18",2014,1 to 3 bed,Semi detached house,1411.16,1179.54,19.6
14,Glencairn,53.266336,-6.209942,8.78,28,No,"Leopardstown, Dublin 18",2014,1 to 3 bed,Apartment,1345.78,1146.15,17.4
14,Glencairn,53.266336,-6.209942,8.78,28,No,"Leopardstown, Dublin 18",2014,Four plus bed,All property types,1819.78,1796.11,1.3
14,Glencairn,53.266336,-6.209942,8.78,28,No,"Leopardstown, Dublin 18",2014,Four plus bed,Semi detached house,1783.24,1620.22,10.1
15,The Gallops,53.261164,-6.206022,9.41,29,No,"Leopardstown, Dublin 18",2014,All bedrooms,All property types,1427.57,1159.42,23.1
15,The Gallops,53.261164,-6.206022,9.41,29,No,"Leopardstown, Dublin 18",2014,All bedrooms,Semi detached house,1533.87,1294.0,18.5
15,The Gallops,53.261164,-6.206022,9.41,29,No,"Leopardstown, Dublin 18",2014,All bedrooms,Apartment,1346.63,1162.87,15.8
15,The Gallops,53.261164,-6.206022,9.41,29,No,"Leopardstown, Dublin 18",2014,One bed,All property types,1056.83,836.01,26.4
15,The Gallops,53.261164,-6.206022,9.41,29,No,"Leopardstown, Dublin 18",2014,One bed,Apartment,1056.83,941.04,12.3
15,The Gallops,53.261164,-6.206022,9.41,29,No,"Leopardstown, Dublin 18",2014,Two bed,All property types,1304.58,1171.62,11.3
15,The Gallops,53.261164,-6.206022,9.41,29,No,"Leopardstown, Dublin 18",2014,Two bed,Apartment,1310.27,1196.77,9.5
15,The Gallops,53.261164,-6.206022,9.41,29,No,"Leopardstown, Dublin 18",2014,Three bed,All property types,1514.93,1281.0,18.3
15,The Gallops,53.261164,-6.206022,9.41,29,No,"Leopardstown, Dublin 18",2014,Three bed,Semi detached house,1414.8,1204.56,17.5
15,The Gallops,53.261164,-6.206022,9.41,29,No,"Leopardstown, Dublin 18",2014,Three bed,Apartment,1688.51,1457.14,15.9
15,The Gallops,53.261164,-6.206022,9.41,29,No,"Leopardstown, Dublin 18",2014,1 to 2 bed,All property types,1254.02,1044.62,20.0
15,The Gallops,53.261164,-6.206022,9.41,29,No,"Leopardstown, Dublin 18",2014,1 to 2 bed,Apartment,1257.1,1114.46,12.8
15,The Gallops,53.261164,-6.206022,9.41,29,No,"Leopardstown, Dublin 18",2014,1 to 3 bed,All property types,1359.02,1101.91,23.3
15,The Gallops,53.261164,-6.206022,9.41,29,No,"Leopardstown, Dublin 18",2014,1 to 3 bed,Semi detached house,1411.16,1179.54,19.6
15,The Gallops,53.261164,-6.206022,9.41,29,No,"Leopardstown, Dublin 18",2014,1 to 3 bed,Apartment,1345.78,1146.15,17.4
15,The Gallops,53.261164,-6.206022,9.41,29,No,"Leopardstown, Dublin 18",2014,Four plus bed,All property types,1819.78,1796.11,1.3
15,The Gallops,53.261164,-6.206022,9.41,29,No,"Leopardstown, Dublin 18",2014,Four plus bed,Semi detached house,1783.24,1620.22,10.1
16,Leopardstown Valley,53.258247,-6.198361,9.91,31,No,"Leopardstown, Dublin 18",2014,All bedrooms,All property types,1427.57,1159.42,23.1
16,Leopardstown Valley,53.258247,-6.198361,9.91,31,No,"Leopardstown, Dublin 18",2014,All bedrooms,Semi detached house,1533.87,1294.0,18.5
16,Leopardstown Valley,53.258247,-6.198361,9.91,31,No,"Leopardstown, Dublin 18",2014,All bedrooms,Apartment,1346.63,1162.87,15.8
16,Leopardstown Valley,53.258247,-6.198361,9.91,31,No,"Leopardstown, Dublin 18",2014,One bed,All property types,1056.83,836.01,26.4
16,Leopardstown Valley,53.258247,-6.198361,9.91,31,No,"Leopardstown, Dublin 18",2014,One bed,Apartment,1056.83,941.04,12.3
16,Leopardstown Valley,53.258247,-6.198361,9.91,31,No,"Leopardstown, Dublin 18",2014,Two bed,All property types,1304.58,1171.62,11.3
16,Leopardstown Valley,53.258247,-6.198361,9.91,31,No,"Leopardstown, Dublin 18",2014,Two bed,Apartment,1310.27,1196.77,9.5
16,Leopardstown Valley,53.258247,-6.198361,9.91,31,No,"Leopardstown, Dublin 18",2014,Three bed,All property types,1514.93,1281.0,18.3
16,Leopardstown Valley,53.258247,-6.198361,9.91,31,No,"Leopardstown, Dublin 18",2014,Three bed,Semi detached house,1414.8,1204.56,17.5
16,Leopardstown Valley,53.258247,-6.198361,9.91,31,No,"Leopardstown, Dublin 18",2014,Three bed,Apartment,1688.51,1457.14,15.9
16,Leopardstown Valley,53.258247,-6.198361,9.91,31,No,"Leopardstown, Dublin 18",2014,1 to 2 bed,All property types,1254.02,1044.62,20.0
16,Leopardstown Valley,53.258247,-6.198361,9.91,31,No,"Leopardstown, Dublin 18",2014,1 to 2 bed,Apartment,1257.1,1114.46,12.8
16,Leopardstown Valley,53.258247,-6.198361,9.91,31,No,"Leopardstown, Dublin 18",2014,1 to 3 bed,All property types,1359.02,1101.91,23.3
16,Leopardstown Valley,53.258247,-6.198361,9.91,31,No,"Leopardstown, Dublin 18",2014,1 to 3 bed,Semi detached house,1411.16,1179.54,19.6
16,Leopardstown Valley,53.258247,-6.198361,9.91,31,No,"Leopardstown, Dublin 18",2014,1 to 3 bed,Apartment,1345.78,1146.15,17.4
16,Leopardstown Valley,53.258247,-6.198361,9.91,31,No,"Leopardstown, Dublin 18",2014,Four plus bed,All property types,1819.78,1796.11,1.3
16,Leopardstown Valley,53.258247,-6.198361,9.91,31,No,"Leopardstown, Dublin 18",2014,Four plus bed,Semi detached house,1783.24,1620.22,10.1
17,Ballyogan Wood,53.255047,-6.184475,10.65,33,No,"Carrickmines, Dublin 18",2014,All bedrooms,All property types,1367.71,1159.42,18.0
17,Ballyogan Wood,53.255047,-6.184475,10.65,33,No,"Carrickmines, Dublin 18",2014,All bedrooms,Apartment,1245.08,1162.87,7.1
17,Ballyogan Wood,53.255047,-6.184475,10.65,33,No,"Carrickmines, Dublin 18",2014,One bed,All property types,1020.65,836.01,22.1
17,Ballyogan Wood,53.255047,-6.184475,10.65,33,No,"Carrickmines, Dublin 18",2014,One bed,Apartment,1020.65,941.04,8.5
17,Ballyogan Wood,53.255047,-6.184475,10.65,33,No,"Carrickmines, Dublin 18",2014,Two bed,All property types,1283.03,1171.62,9.5
17,Ballyogan Wood,53.255047,-6.184475,10.65,33,No,"Carrickmines, Dublin 18",2014,Two bed,Apartment,1294.42,1196.77,8.2
17,Ballyogan Wood,53.255047,-6.184475,10.65,33,No,"Carrickmines, Dublin 18",2014,Three bed,All property types,1456.29,1281.0,13.7
17,Ballyogan Wood,53.255047,-6.184475,10.65,33,No,"Carrickmines, Dublin 18",2014,1 to 2 bed,All property types,1215.25,1044.62,16.3
17,Ballyogan Wood,53.255047,-6.184475,10.65,33,No,"Carrickmines, Dublin 18",2014,1 to 2 bed,Apartment,1216.56,1114.46,9.2
17,Ballyogan Wood,53.255047,-6.184475,10.65,33,No,"Carrickmines, Dublin 18",2014,1 to 3 bed,All property types,1260.23,1101.91,14.4
17,Ballyogan Wood,53.255047,-6.184475,10.65,33,No,"Carrickmines, Dublin 18",2014,1 to 3 bed,Apartment,1245.08,1146.15,8.6
18,Racecourse,53.255367,-6.175161,10.93,34,No,"Leopardstown, Dublin 18",2014,All bedrooms,All property types,1427.57,1159.42,23.1
18,Racecourse,53.255367,-6.175161,10.93,34,No,"Leopardstown, Dublin 18",2014,All bedrooms,Semi detached house,1533.87,1294.0,18.5
18,Racecourse,53.255367,-6.175161,10.93,34,No,"Leopardstown, Dublin 18",2014,All bedrooms,Apartment,1346.63,1162.87,15.8
18,Racecourse,53.255367,-6.175161,10.93,34,No,"Leopardstown, Dublin 18",2014,One bed,All property types,1056.83,836.01,26.4
18,Racecourse,53.255367,-6.175161,10.93,34,No,"Leopardstown, Dublin 18",2014,One bed,Apartment,1056.83,941.04,12.3
18,Racecourse,53.255367,-6.175161,10.93,34,No,"Leopardstown, Dublin 18",2014,Two bed,All property types,1304.58,1171.62,11.3
18,Racecourse,53.255367,-6.175161,10.93,34,No,"Leopardstown, Dublin 18",2014,Two bed,Apartment,1310.27,1196.77,9.5
18,Racecourse,53.255367,-6.175161,10.93,34,No,"Leopardstown, Dublin 18",2014,Three bed,All property types,1514.93,1281.0,18.3
18,Racecourse,53.255367,-6.175161,10.93,34,No,"Leopardstown, Dublin 18",2014,Three bed,Semi detached house,1414.8,1204.56,17.5
18,Racecourse,53.255367,-6.175161,10.93,34,No,"Leopardstown, Dublin 18",2014,Three bed,Apartment,1688.51,1457.14,15.9
18,Racecourse,53.255367,-6.175161,10.93,34,No,"Leopardstown, Dublin 18",2014,1 to 2 bed,All property types,1254.02,1044.62,20.0
18,Racecourse,53.255367,-6.175161,10.93,34,No,"Leopardstown, Dublin 18",2014,1 to 2 bed,Apartment,1257.1,1114.46,12.8
18,Racecourse,53.255367,-6.175161,10.93,34,No,"Leopardstown, Dublin 18",2014,1 to 3 bed,All property types,1359.02,1101.91,23.3
18,Racecourse,53.255367,-6.175161,10.93,34,No,"Leopardstown, Dublin 18",2014,1 to 3 bed,Semi detached house,1411.16,1179.54,19.6
18,Racecourse,53.255367,-6.175161,10.93,34,No,"Leopardstown, Dublin 18",2014,1 to 3 bed,Apartment,1345.78,1146.15,17.4
18,Racecourse,53.255367,-6.175161,10.93,34,No,"Leopardstown, Dublin 18",2014,Four plus bed,All property types,1819.78,1796.11,1.3
18,Racecourse,53.255367,-6.175161,10.93,34,No,"Leopardstown, Dublin 18",2014,Four plus bed,Semi detached house,1783.24,1620.22,10.1
19,Carrickmines,53.254033,-6.169908,11.24,36,Yes,"Carrickmines, Dublin 18",2014,All bedrooms,All property types,1367.71,1159.42,18.0
19,Carrickmines,53.254033,-6.169908,11.24,36,Yes,"Carrickmines, Dublin 18",2014,All bedrooms,Apartment,1245.08,1162.87,7.1
19,Carrickmines,53.254033,-6.169908,11.24,36,Yes,"Carrickmines, Dublin 18",2014,One bed,All property types,1020.65,836.01,22.1
19,Carrickmines,53.254033,-6.169908,11.24,36,Yes,"Carrickmines, Dublin 18",2014,One bed,Apartment,1020.65,941.04,8.5
19,Carrickmines,53.254033,-6.169908,11.24,36,Yes,"Carrickmines, Dublin 18",2014,Two bed,All property types,1283.03,1171.62,9.5
19,Carrickmines,53.254033,-6.169908,11.24,36,Yes,"Carrickmines, Dublin 18",2014,Two bed,Apartment,1294.42,1196.77,8.2
19,Carrickmines,53.254033,-6.169908,11.24,36,Yes,"Carrickmines, Dublin 18",2014,Three bed,All property types,1456.29,1281.0,13.7
19,Carrickmines,53.254033,-6.169908,11.24,36,Yes,"Carrickmines, Dublin 18",2014,1 to 2 bed,All property types,1215.25,1044.62,16.3
19,Carrickmines,53.254033,-6.169908,11.24,36,Yes,"Carrickmines, Dublin 18",2014,1 to 2 bed,Apartment,1216.56,1114.46,9.2
19,Carrickmines,53.254033,-6.169908,11.24,36,Yes,"Carrickmines, Dublin 18",2014,1 to 3 bed,All property types,1260.23,1101.91,14.4
19,Carrickmines,53.254033,-6.169908,11.24,36,Yes,"Carrickmines, Dublin 18",2014,1 to 3 bed,Apartment,1245.08,1146.15,8.6
20,Brennanstown,53.252619,-6.161597,11.68,37,No,"Cabinteely, Dublin 18",2014,All bedrooms,All property types,1289.89,1159.42,11.3
20,Brennanstown,53.252619,-6.161597,11.68,37,No,"Cabinteely, Dublin 18",2014,All bedrooms,Detached house,1907.97,1697.92,12.4
20,Brennanstown,53.252619,-6.161597,11.68,37,No,"Cabinteely, Dublin 18",2014,All bedrooms,Semi detached house,1440.14,1294.0,11.3
20,Brennanstown,53.252619,-6.161597,11.68,37,No,"Cabinteely, Dublin 18",2014,All bedrooms,Apartment,1184.44,1162.87,1.9
20,Brennanstown,53.252619,-6.161597,11.68,37,No,"Cabinteely, Dublin 18",2014,One bed,All property types,967.23,836.01,15.7
20,Brennanstown,53.252619,-6.161597,11.68,37,No,"Cabinteely, Dublin 18",2014,One bed,Apartment,976.33,941.04,3.8
20,Brennanstown,53.252619,-6.161597,11.68,37,No,"Cabinteely, Dublin 18",2014,Two bed,All property types,1142.8,1171.62,-2.5
20,Brennanstown,53.252619,-6.161597,11.68,37,No,"Cabinteely, Dublin 18",2014,Two bed,Apartment,1145.46,1196.77,-4.3
20,Brennanstown,53.252619,-6.161597,11.68,37,No,"Cabinteely, Dublin 18",2014,Three bed,All property types,1394.65,1281.0,8.9
20,Brennanstown,53.252619,-6.161597,11.68,37,No,"Cabinteely, Dublin 18",2014,Three bed,Semi detached house,1353.89,1204.56,12.4
20,Brennanstown,53.252619,-6.161597,11.68,37,No,"Cabinteely, Dublin 18",2014,Three bed,Apartment,1397.47,1457.14,-4.1
20,Brennanstown,53.252619,-6.161597,11.68,37,No,"Cabinteely, Dublin 18",2014,1 to 2 bed,All property types,1107.38,1044.62,6.0
20,Brennanstown,53.252619,-6.161597,11.68,37,No,"Cabinteely, Dublin 18",2014,1 to 2 bed,Apartment,1110.71,1114.46,-0.3
20,Brennanstown,53.252619,-6.161597,11.68,37,No,"Cabinteely, Dublin 18",2014,1 to 3 bed,All property types,1212.27,1101.91,10.0
20,Brennanstown,53.252619,-6.161597,11.68,37,No,"Cabinteely, Dublin 18",2014,1 to 3 bed,Semi detached house,1344.32,1179.54,14.0
20,Brennanstown,53.252619,-6.161597,11.68,37,No,"Cabinteely, Dublin 18",2014,1 to 3 bed,Apartment,1182.4,1146.15,3.2
20,Brennanstown,53.252619,-6.161597,11.68,37,No,"Cabinteely, Dublin 18",2014,Four plus bed,All property types,1883.33,1796.11,4.9
20,Brennanstown,53.252619,-6.161597,11.68,37,No,"Cabinteely, Dublin 18",2014,Four plus bed,Detached house,2085.11,2054.62,1.5
21,Laughanstown,53.250606,-6.155006,12.11,39,No,"Cabinteely, Dublin 18",2014,All bedrooms,All property types,1289.89,1159.42,11.3
21,Laughanstown,53.250606,-6.155006,12.11,39,No,"Cabinteely, Dublin 18",2014,All bedrooms,Detached house,1907.97,1697.92,12.4
21,Laughanstown,53.250606,-6.155006,12.11,39,No,"Cabinteely, Dublin 18",2014,All bedrooms,Semi detached house,1440.14,1294.0,11.3
21,Laughanstown,53.250606,-6.155006,12.11,39,No,"Cabinteely, Dublin 18",2014,All bedrooms,Apartment,1184.44,1162.87,1.9
21,Laughanstown,53.250606,-6.155006,12.11,39,No,"Cabinteely, Dublin 18",2014,One bed,All property types,967.23,836.01,15.7
21,Laughanstown,53.250606,-6.155006,12.11,39,No,"Cabinteely, Dublin 18",2014,One bed,Apartment,976.33,941.04,3.8
21,Laughanstown,53.250606,-6.155006,12.11,39,No,"Cabinteely, Dublin 18",2014,Two bed,All property types,1142.8,1171.62,-2.5
21,Laughanstown,53.250606,-6.155006,12.11,39,No,"Cabinteely, Dublin 18",2014,Two bed,Apartment,1145.46,1196.77,-4.3
21,Laughanstown,53.250606,-6.155006,12.11,39,No,"Cabinteely, Dublin 18",2014,Three bed,All property types,1394.65,1281.0,8.9
21,Laughanstown,53.250606,-6.155006,12.11,39,No,"Cabinteely, Dublin 18",2014,Three bed,Semi detached house,1353.89,1204.56,12.4
21,Laughanstown,53.250606,-6.155006,12.11,39,No,"Cabinteely, Dublin 18",2014,Three bed,Apartment,1397.47,1457.14,-4.1
21,Laughanstown,53.250606,-6.155006,12.11,39,No,"Cabinteely, Dublin 18",2014,1 to 2 bed,All property types,1107.38,1044.62,6.0
21,Laughanstown,53.250606,-6.155006,12.11,39,No,"Cabinteely, Dublin 18",2014,1 to 2 bed,Apartment,1110.71,1114.46,-0.3
21,Laughanstown,53.250606,-6.155006,12.11,39,No,"Cabinteely, Dublin 18",2014,1 to 3 bed,All property types,1212.27,1101.91,10.0
21,Laughanstown,53.250606,-6.155006,12.11,39,No,"Cabinteely, Dublin 18",2014,1 to 3 bed,Semi detached house,1344.32,1179.54,14.0
21,Laughanstown,53.250606,-6.155006,12.11,39,No,"Cabinteely, Dublin 18",2014,1 to 3 bed,Apartment,1182.4,1146.15,3.2
21,Laughanstown,53.250606,-6.155006,12.11,39,No,"Cabinteely, Dublin 18",2014,Four plus bed,All property types,1883.33,1796.11,4.9
21,Laughanstown,53.250606,-6.155006,12.11,39,No,"Cabinteely, Dublin 18",2014,Four plus bed,Detached house,2085.11,2054.62,1.5
22,Cherrywood,53.245333,-6.145853,12.94,41,No,"Cabinteely, Dublin 18",2014,All bedrooms,All property types,1289.89,1159.42,11.3
22,Cherrywood,53.245333,-6.145853,12.94,41,No,"Cabinteely, Dublin 18",2014,All bedrooms,Detached house,1907.97,1697.92,12.4
22,Cherrywood,53.245333,-6.145853,12.94,41,No,"Cabinteely, Dublin 18",2014,All bedrooms,Semi detached house,1440.14,1294.0,11.3
22,Cherrywood,53.245333,-6.145853,12.94,41,No,"Cabinteely, Dublin 18",2014,All bedrooms,Apartment,1184.44,1162.87,1.9
22,Cherrywood,53.245333,-6.145853,12.94,41,No,"Cabinteely, Dublin 18",2014,One bed,All property types,967.23,836.01,15.7
22,Cherrywood,53.245333,-6.145853,12.94,41,No,"Cabinteely, Dublin 18",2014,One bed,Apartment,976.33,941.04,3.8
22,Cherrywood,53.245333,-6.145853,12.94,41,No,"Cabinteely, Dublin 18",2014,Two bed,All property types,1142.8,1171.62,-2.5
22,Cherrywood,53.245333,-6.145853,12.94,41,No,"Cabinteely, Dublin 18",2014,Two bed,Apartment,1145.46,1196.77,-4.3
22,Cherrywood,53.245333,-6.145853,12.94,41,No,"Cabinteely, Dublin 18",2014,Three bed,All property types,1394.65,1281.0,8.9
22,Cherrywood,53.245333,-6.145853,12.94,41,No,"Cabinteely, Dublin 18",2014,Three bed,Semi detached house,1353.89,1204.56,12.4
22,Cherrywood,53.245333,-6.145853,12.94,41,No,"Cabinteely, Dublin 18",2014,Three bed,Apartment,1397.47,1457.14,-4.1
22,Cherrywood,53.245333,-6.145853,12.94,41,No,"Cabinteely, Dublin 18",2014,1 to 2 bed,All property types,1107.38,1044.62,6.0
22,Cherrywood,53.245333,-6.145853,12.94,41,No,"Cabinteely, Dublin 18",2014,1 to 2 bed,Apartment,1110.71,1114.46,-0.3
22,Cherrywood,53.245333,-6.145853,12.94,41,No,"Cabinteely, Dublin 18",2014,1 to 3 bed,All property types,1212.27,1101.91,10.0
22,Cherrywood,53.245333,-6.145853,12.94,41,No,"Cabinteely, Dublin 18",2014,1 to 3 bed,Semi detached house,1344.32,1179.54,14.0
22,Cherrywood,53.245333,-6.145853,12.94,41,No,"Cabinteely, Dublin 18",2014,1 to 3 bed,Apartment,1182.4,1146.15,3.2
22,Cherrywood,53.245333,-6.145853,12.94,41,No,"Cabinteely, Dublin 18",2014,Four plus bed,All property types,1883.33,1796.11,4.9
22,Cherrywood,53.245333,-6.145853,12.94,41,No,"Cabinteely, Dublin 18",2014,Four plus bed,Detached house,2085.11,2054.62,1.5
23,Brides Glen,53.242075,-6.142886,13.35,42,No,"Shankill, Dublin",2014,All bedrooms,All property types,1187.5,1159.42,2.4
23,Brides Glen,53.242075,-6.142886,13.35,42,No,"Shankill, Dublin",2014,All bedrooms,Semi detached house,1306.06,1294.0,0.9
23,Brides Glen,53.242075,-6.142886,13.35,42,No,"Shankill, Dublin",2014,All bedrooms,Terrace house,1200.06,1230.01,-2.4
23,Brides Glen,53.242075,-6.142886,13.35,42,No,"Shankill, Dublin",2014,All bedrooms,Apartment,1075.08,1162.87,-7.5
23,Brides Glen,53.242075,-6.142886,13.35,42,No,"Shankill, Dublin",2014,Two bed,All property types,1106.93,1171.62,-5.5
23,Brides Glen,53.242075,-6.142886,13.35,42,No,"Shankill, Dublin",2014,Two bed,Apartment,1105.8,1196.77,-7.6
23,Brides Glen,53.242075,-6.142886,13.35,42,No,"Shankill, Dublin",2014,Three bed,All property types,1216.27,1281.0,-5.1
23,Brides Glen,53.242075,-6.142886,13.35,42,No,"Shankill, Dublin",2014,Three bed,Semi detached house,1249.24,1204.56,3.7
23,Brides Glen,53.242075,-6.142886,13.35,42,No,"Shankill, Dublin",2014,1 to 2 bed,All property types,1065.59,1044.62,2.0
23,Brides Glen,53.242075,-6.142886,13.35,42,No,"Shankill, Dublin",2014,1 to 2 bed,Apartment,1064.81,1114.46,-4.5
23,Brides Glen,53.242075,-6.142886,13.35,42,No,"Shankill, Dublin",2014,1 to 3 bed,All property types,1116.34,1101.91,1.3
23,Brides Glen,53.242075,-6.142886,13.35,42,No,"Shankill, Dublin",2014,1 to 3 bed,Semi detached house,1204.27,1179.54,2.1
23,Brides Glen,53.242075,-6.142886,13.35,42,No,"Shankill, Dublin",2014,1 to 3 bed,Terrace house,1198.4,1156.28,3.6
23,Brides Glen,53.242075,-6.142886,13.35,42,No,"Shankill, Dublin",2014,1 to 3 bed,Apartment,1075.08,1146.15,-6.2
23,Brides Glen,53.242075,-6.142886,13.35,42,No,"Shankill, Dublin",2014,Four plus bed,All property types,1585.15,1796.11,-11.7
23,Brides Glen,53.242075,-6.142886,13.35,42,No,"Shankill, Dublin",2014,Four plus bed,Semi detached house,1442.86,1620.22,-10.9
0,St. Stephen's Green,53.339072,-6.261333,0.0,0,No,"Charlemont Street, Dublin 2",2015,All bedrooms,All property types,1467.68,1270.58,15.5
0,St. Stephen's Green,53.339072,-6.261333,0.0,0,No,"Charlemont Street, Dublin 2",2015,All bedrooms,Apartment,1467.68,1279.42,14.7
0,St. Stephen's Green,53.339072,-6.261333,0.0,0,No,"Charlemont Street, Dublin 2",2015,Two bed,All property types,1417.0,1288.6,10.0
0,St. Stephen's Green,53.339072,-6.261333,0.0,0,No,"Charlemont Street, Dublin 2",2015,Two bed,Apartment,1417.0,1315.98,7.7
0,St. Stephen's Green,53.339072,-6.261333,0.0,0,No,"Charlemont Street, Dublin 2",2015,1 to 2 bed,All property types,1333.17,1151.07,15.8
0,St. Stephen's Green,53.339072,-6.261333,0.0,0,No,"Charlemont Street, Dublin 2",2015,1 to 2 bed,Apartment,1333.17,1227.47,8.6
0,St. Stephen's Green,53.339072,-6.261333,0.0,0,No,"Charlemont Street, Dublin 2",2015,1 to 3 bed,All property types,1456.64,1212.33,20.2
0,St. Stephen's Green,53.339072,-6.261333,0.0,0,No,"Charlemont Street, Dublin 2",2015,1 to 3 bed,Apartment,1456.64,1263.45,15.3
1,Harcourt,53.333358,-6.26265,0.64,2,No,"Charlemont Street, Dublin 2",2015,All bedrooms,All property types,1467.68,1270.58,15.5
1,Harcourt,53.333358,-6.26265,0.64,2,No,"Charlemont Street, Dublin 2",2015,All bedrooms,Apartment,1467.68,1279.42,14.7
1,Harcourt,53.333358,-6.26265,0.64,2,No,"Charlemont Street, Dublin 2",2015,Two bed,All property types,1417.0,1288.6,10.0
1,Harcourt,53.333358,-6.26265,0.64,2,No,"Charlemont Street, Dublin 2",2015,Two bed,Apartment,1417.0,1315.98,7.7
1,Harcourt,53.333358,-6.26265,0.64,2,No,"Charlemont Street, Dublin 2",2015,1 to 2 bed,All property types,1333.17,1151.07,15.8
1,Harcourt,53.333358,-6.26265,0.64,2,No,"Charlemont Street, Dublin 2",2015,1 to 2 bed,Apartment,1333.17,1227.47,8.6
1,Harcourt,53.333358,-6.26265,0.64,2,No,"Charlemont Street, Dublin 2",2015,1 to 3 bed,All property types,1456.64,1212.33,20.2
1,Harcourt,53.333358,-6.26265,0.64,2,No,"Charlemont Street, Dublin 2",2015,1 to 3 bed,Apartment,1456.64,1263.45,15.3
2,Charlemont,53.330669,-6.258683,0.95,4,No,"Charlemont Street, Dublin 2",2015,All bedrooms,All property types,1467.68,1270.58,15.5
2,Charlemont,53.330669,-6.258683,0.95,4,No,"Charlemont Street, Dublin 2",2015,All bedrooms,Apartment,1467.68,1279.42,14.7
2,Charlemont,53.330669,-6.258683,0.95,4,No,"Charlemont Street, Dublin 2",2015,Two bed,All property types,1417.0,1288.6,10.0
2,Charlemont,53.330669,-6.258683,0.95,4,No,"Charlemont Street, Dublin 2",2015,Two bed,Apartment,1417.0,1315.98,7.7
2,Charlemont,53.330669,-6.258683,0.95,4,No,"Charlemont Street, Dublin 2",2015,1 to 2 bed,All property types,1333.17,1151.07,15.8
2,Charlemont,53.330669,-6.258683,0.95,4,No,"Charlemont Street, Dublin 2",2015,1 to 2 bed,Apartment,1333.17,1227.47,8.6
2,Charlemont,53.330669,-6.258683,0.95,4,No,"Charlemont Street, Dublin 2",2015,1 to 3 bed,All property types,1456.64,1212.33,20.2
2,Charlemont,53.330669,-6.258683,0.95,4,No,"Charlemont Street, Dublin 2",2015,1 to 3 bed,Apartment,1456.64,1263.45,15.3
3,Ranelagh,53.326433,-6.256203,1.45,7,No,"Ranelagh, Dublin 6",2015,All bedrooms,All property types,1327.89,1270.58,4.5
3,Ranelagh,53.326433,-6.256203,1.45,7,No,"Ranelagh, Dublin 6",2015,All bedrooms,Semi detached house,2063.49,1415.59,45.8
3,Ranelagh,53.326433,-6.256203,1.45,7,No,"Ranelagh, Dublin 6",2015,All bedrooms,Terrace house,1952.44,1345.12,45.1
3,Ranelagh,53.326433,-6.256203,1.45,7,No,"Ranelagh, Dublin 6",2015,All bedrooms,Apartment,1379.96,1279.42,7.9
3,Ranelagh,53.326433,-6.256203,1.45,7,No,"Ranelagh, Dublin 6",2015,All bedrooms,Other flats,810.94,792.22,2.4
3,Ranelagh,53.326433,-6.256203,1.45,7,No,"Ranelagh, Dublin 6",2015,One bed,All property types,857.39,924.15,-7.2
3,Ranelagh,53.326433,-6.256203,1.45,7,No,"Ranelagh, Dublin 6",2015,One bed,Apartment,1134.96,1041.58,9.0
3,Ranelagh,53.326433,-6.256203,1.45,7,No,"Ranelagh, Dublin 6",2015,One bed,Other flats,727.87,712.19,2.2
3,Ranelagh,53.326433,-6.256203,1.45,7,No,"Ranelagh, Dublin 6",2015,Two bed,All property types,1437.03,1288.6,11.5
3,Ranelagh,53.326433,-6.256203,1.45,7,No,"Ranelagh, Dublin 6",2015,Two bed,Terrace house,1580.19,1213.75,30.2
3,Ranelagh,53.326433,-6.256203,1.45,7,No,"Ranelagh, Dublin 6",2015,Two bed,Apartment,1517.72,1315.98,15.3
3,Ranelagh,53.326433,-6.256203,1.45,7,No,"Ranelagh, Dublin 6",2015,Two bed,Other flats,1087.79,1050.55,3.5
3,Ranelagh,53.326433,-6.256203,1.45,7,No,"Ranelagh, Dublin 6",2015,Three bed,All property types,2093.24,1411.91,48.3
3,Ranelagh,53.326433,-6.256203,1.45,7,No,"Ranelagh, Dublin 6",2015,Three bed,Semi detached house,2195.16,1320.36,66.3
3,Ranelagh,53.326433,-6.256203,1.45,7,No,"Ranelagh, Dublin 6",2015,Three bed,Terrace house,2164.77,1350.56,60.3
3,Ranelagh,53.326433,-6.256203,1.45,7,No,"Ranelagh, Dublin 6",2015,1 to 2 bed,All property types,1069.36,1151.07,-7.1
3,Ranelagh,53.326433,-6.256203,1.45,7,No,"Ranelagh, Dublin 6",2015,1 to 2 bed,Semi detached house,1184.85,1164.96,1.7
3,Ranelagh,53.326433,-6.256203,1.45,7,No,"Ranelagh, Dublin 6",2015,1 to 2 bed,Terrace house,1406.53,1175.51,19.7
3,Ranelagh,53.326433,-6.256203,1.45,7,No,"Ranelagh, Dublin 6",2015,1 to 2 bed,Apartment,1334.97,1227.47,8.8
3,Ranelagh,53.326433,-6.256203,1.45,7,No,"Ranelagh, Dublin 6",2015,1 to 2 bed,Other flats,785.85,770.7,2.0
3,Ranelagh,53.326433,-6.256203,1.45,7,No,"Ranelagh, Dublin 6",2015,1 to 3 bed,All property types,1226.13,1212.33,1.1
3,Ranelagh,53.326433,-6.256203,1.45,7,No,"Ranelagh, Dublin 6",2015,1 to 3 bed,Semi detached house,1773.13,1291.3,37.3
3,Ranelagh,53.326433,-6.256203,1.45,7,No,"Ranelagh, Dublin 6",2015,1 to 3 bed,Terrace house,1787.87,1266.03,41.2
3,Ranelagh,53.326433,-6.256203,1.45,7,No,"Ranelagh, Dublin 6",2015,1 to 3 bed,Apartment,1370.69,1263.45,8.5
3,Ranelagh,53.326433,-6.256203,1.45,7,No,"Ranelagh, Dublin 6",2015,1 to 3 bed,Other flats,809.46,787.26,2.8
3,Ranelagh,53.326433,-6.256203,1.45,7,No,"Ranelagh, Dublin 6",2015,Four plus bed,All property types,2528.3,1953.43,29.4
3,Ranelagh,53.326433,-6.256203,1.45,7,No,"Ranelagh, Dublin 6",2015,Four plus bed,Semi detached house,2700.67,1767.05,52.8
3,Ranelagh,53.326433,-6.256203,1.45,7,No,"Ranelagh, Dublin 6",2015,Four plus bed,Terrace house,2515.28,1936.7,29.9
4,Beechwood,53.320822,-6.254653,2.08,9,No,"Ranelagh, Dublin 6",2015,All bedrooms,All property types,1327.89,1270.58,4.5
4,Beechwood,53.320822,-6.254653,2.08,9,No,"Ranelagh, Dublin 6",2015,All bedrooms,Semi detached house,2063.49,1415.59,45.8
4,Beechwood,53.320822,-6.254653,2.08,9,No,"Ranelagh, Dublin 6",2015,All bedrooms,Terrace house,1952.44,1345.12,45.1
4,Beechwood,53.320822,-6.254653,2.08,9,No,"Ranelagh, Dublin 6",2015,All bedrooms,Apartment,1379.96,1279.42,7.9
4,Beechwood,53.320822,-6.254653,2.08,9,No,"Ranelagh, Dublin 6",2015,All bedrooms,Other flats,810.94,792.22,2.4
4,Beechwood,53.320822,-6.254653,2.08,9,No,"Ranelagh, Dublin 6",2015,One bed,All property types,857.39,924.15,-7.2
4,Beechwood,53.320822,-6.254653,2.08,9,No,"Ranelagh, Dublin 6",2015,One bed,Apartment,1134.96,1041.58,9.0
4,Beechwood,53.320822,-6.254653,2.08,9,No,"Ranelagh, Dublin 6",2015,One bed,Other flats,727.87,712.19,2.2
4,Beechwood,53.320822,-6.254653,2.08,9,No,"Ranelagh, Dublin 6",2015,Two bed,All property types,1437.03,1288.6,11.5
4,Beechwood,53.320822,-6.254653,2.08,9,No,"Ranelagh, Dublin 6",2015,Two bed,Terrace house,1580.19,1213.75,30.2
4,Beechwood,53.320822,-6.254653,2.08,9,No,"Ranelagh, Dublin 6",2015,Two bed,Apartment,1517.72,1315.98,15.3
4,Beechwood,53.320822,-6.254653,2.08,9,No,"Ranelagh, Dublin 6",2015,Two bed,Other flats,1087.79,1050.55,3.5
4,Beechwood,53.320822,-6.254653,2.08,9,No,"Ranelagh, Dublin 6",2015,Three bed,All property types,2093.24,1411.91,48.3
4,Beechwood,53.320822,-6.254653,2.08,9,No,"Ranelagh, Dublin 6",2015,Three bed,Semi detached house,2195.16,1320.36,66.3
4,Beechwood,53.320822,-6.254653,2.08,9,No,"Ranelagh, Dublin 6",2015,Three bed,Terrace house,2164.77,1350.56,60.3
4,Beechwood,53.320822,-6.254653,2.08,9,No,"Ranelagh, Dublin 6",2015,1 to 2 bed,All property types,1069.36,1151.07,-7.1
4,Beechwood,53.320822,-6.254653,2.08,9,No,"Ranelagh, Dublin 6",2015,1 to 2 bed,Semi detached house,1184.85,1164.96,1.7
4,Beechwood,53.320822,-6.254653,2.08,9,No,"Ranelagh, Dublin 6",2015,1 to 2 bed,Terrace house,1406.53,1175.51,19.7
4,Beechwood,53.320822,-6.254653,2.08,9,No,"Ranelagh, Dublin 6",2015,1 to 2 bed,Apartment,1334.97,1227.47,8.8
4,Beechwood,53.320822,-6.254653,2.08,9,No,"Ranelagh, Dublin 6",2015,1 to 2 bed,Other flats,785.85,770.7,2.0
4,Beechwood,53.320822,-6.254653,2.08,9,No,"Ranelagh, Dublin 6",2015,1 to 3 bed,All property types,1226.13,1212.33,1.1
4,Beechwood,53.320822,-6.254653,2.08,9,No,"Ranelagh, Dublin 6",2015,1 to 3 bed,Semi detached house,1773.13,1291.3,37.3
4,Beechwood,53.320822,-6.254653,2.08,9,No,"Ranelagh, Dublin 6",2015,1 to 3 bed,Terrace house,1787.87,1266.03,41.2
4,Beechwood,53.320822,-6.254653,2.08,9,No,"Ranelagh, Dublin 6",2015,1 to 3 bed,Apartment,1370.69,1263.45,8.5
4,Beechwood,53.320822,-6.254653,2.08,9,No,"Ranelagh, Dublin 6",2015,1 to 3 bed,Other flats,809.46,787.26,2.8
4,Beechwood,53.320822,-6.254653,2.08,9,No,"Ranelagh, Dublin 6",2015,Four plus bed,All property types,2528.3,1953.43,29.4
4,Beechwood,53.320822,-6.254653,2.08,9,No,"Ranelagh, Dublin 6",2015,Four plus bed,Semi detached house,2700.67,1767.05,52.8
4,Beechwood,53.320822,-6.254653,2.08,9,No,"Ranelagh, Dublin 6",2015,Four plus bed,Terrace house,2515.28,1936.7,29.9
5,Cowper,53.316467,-6.253447,2.57,11,No,"Ranelagh, Dublin 6",2015,All bedrooms,All property types,1327.89,1270.58,4.5
5,Cowper,53.316467,-6.253447,2.57,11,No,"Ranelagh, Dublin 6",2015,All bedrooms,Semi detached house,2063.49,1415.59,45.8
5,Cowper,53.316467,-6.253447,2.57,11,No,"Ranelagh, Dublin 6",2015,All bedrooms,Terrace house,1952.44,1345.12,45.1
5,Cowper,53.316467,-6.253447,2.57,11,No,"Ranelagh, Dublin 6",2015,All bedrooms,Apartment,1379.96,1279.42,7.9
5,Cowper,53.316467,-6.253447,2.57,11,No,"Ranelagh, Dublin 6",2015,All bedrooms,Other flats,810.94,792.22,2.4
5,Cowper,53.316467,-6.253447,2.57,11,No,"Ranelagh, Dublin 6",2015,One bed,All property types,857.39,924.15,-7.2
5,Cowper,53.316467,-6.253447,2.57,11,No,"Ranelagh, Dublin 6",2015,One bed,Apartment,1134.96,1041.58,9.0
5,Cowper,53.316467,-6.253447,2.57,11,No,"Ranelagh, Dublin 6",2015,One bed,Other flats,727.87,712.19,2.2
5,Cowper,53.316467,-6.253447,2.57,11,No,"Ranelagh, Dublin 6",2015,Two bed,All property types,1437.03,1288.6,11.5
5,Cowper,53.316467,-6.253447,2.57,11,No,"Ranelagh, Dublin 6",2015,Two bed,Terrace house,1580.19,1213.75,30.2
5,Cowper,53.316467,-6.253447,2.57,11,No,"Ranelagh, Dublin 6",2015,Two bed,Apartment,1517.72,1315.98,15.3
5,Cowper,53.316467,-6.253447,2.57,11,No,"Ranelagh, Dublin 6",2015,Two bed,Other flats,1087.79,1050.55,3.5
5,Cowper,53.316467,-6.253447,2.57,11,No,"Ranelagh, Dublin 6",2015,Three bed,All property types,2093.24,1411.91,48.3
5,Cowper,53.316467,-6.253447,2.57,11,No,"Ranelagh, Dublin 6",2015,Three bed,Semi detached house,2195.16,1320.36,66.3
5,Cowper,53.316467,-6.253447,2.57,11,No,"Ranelagh, Dublin 6",2015,Three bed,Terrace house,2164.77,1350.56,60.3
5,Cowper,53.316467,-6.253447,2.57,11,No,"Ranelagh, Dublin 6",2015,1 to 2 bed,All property types,1069.36,1151.07,-7.1
5,Cowper,53.316467,-6.253447,2.57,11,No,"Ranelagh, Dublin 6",2015,1 to 2 bed,Semi detached house,1184.85,1164.96,1.7
5,Cowper,53.316467,-6.253447,2.57,11,No,"Ranelagh, Dublin 6",2015,1 to 2 bed,Terrace house,1406.53,1175.51,19.7
5,Cowper,53.316467,-6.253447,2.57,11,No,"Ranelagh, Dublin 6",2015,1 to 2 bed,Apartment,1334.97,1227.47,8.8
5,Cowper,53.316467,-6.253447,2.57,11,No,"Ranelagh, Dublin 6",2015,1 to 2 bed,Other flats,785.85,770.7,2.0
5,Cowper,53.316467,-6.253447,2.57,11,No,"Ranelagh, Dublin 6",2015,1 to 3 bed,All property types,1226.13,1212.33,1.1
5,Cowper,53.316467,-6.253447,2.57,11,No,"Ranelagh, Dublin 6",2015,1 to 3 bed,Semi detached house,1773.13,1291.3,37.3
5,Cowper,53.316467,-6.253447,2.57,11,No,"Ranelagh, Dublin 6",2015,1 to 3 bed,Terrace house,1787.87,1266.03,41.2
5,Cowper,53.316467,-6.253447,2.57,11,No,"Ranelagh, Dublin 6",2015,1 to 3 bed,Apartment,1370.69,1263.45,8.5
5,Cowper,53.316467,-6.253447,2.57,11,No,"Ranelagh, Dublin 6",2015,1 to 3 bed,Other flats,809.46,787.26,2.8
5,Cowper,53.316467,-6.253447,2.57,11,No,"Ranelagh, Dublin 6",2015,Four plus bed,All property types,2528.3,1953.43,29.4
5,Cowper,53.316467,-6.253447,2.57,11,No,"Ranelagh, Dublin 6",2015,Four plus bed,Semi detached house,2700.67,1767.05,52.8
5,Cowper,53.316467,-6.253447,2.57,11,No,"Ranelagh, Dublin 6",2015,Four plus bed,Terrace house,2515.28,1936.7,29.9
6,Milltown,53.309917,-6.251728,3.3,13,No,"Milltown, Dublin 6",2015,All bedrooms,All property types,1612.72,1270.58,26.9
6,Milltown,53.309917,-6.251728,3.3,13,No,"Milltown, Dublin 6",2015,All bedrooms,Semi detached house,2086.94,1415.59,47.4
6,Milltown,53.309917,-6.251728,3.3,13,No,"Milltown, Dublin 6",2015,All bedrooms,Terrace house,1724.02,1345.12,28.2
6,Milltown,53.309917,-6.251728,3.3,13,No,"Milltown, Dublin 6",2015,All bedrooms,Apartment,1558.36,1279.42,21.8
6,Milltown,53.309917,-6.251728,3.3,13,No,"Milltown, Dublin 6",2015,One bed,All property types,1287.01,924.15,39.3
6,Milltown,53.309917,-6.251728,3.3,13,No,"Milltown, Dublin 6",2015,One bed,Apartment,1338.28,1041.58,28.5
6,Milltown,53.309917,-6.251728,3.3,13,No,"Milltown, Dublin 6",2015,Two bed,All property types,1558.39,1288.6,20.9
6,Milltown,53.309917,-6.251728,3.3,13,No,"Milltown, Dublin 6",2015,Two bed,Apartment,1569.56,1315.98,19.3
6,Milltown,53.309917,-6.251728,3.3,13,No,"Milltown, Dublin 6",2015,Three bed,All property types,1866.66,1411.91,32.2
6,Milltown,53.309917,-6.251728,3.3,13,No,"Milltown, Dublin 6",2015,Three bed,Apartment,1927.02,1618.72,19.0
6,Milltown,53.309917,-6.251728,3.3,13,No,"Milltown, Dublin 6",2015,1 to 2 bed,All property types,1473.67,1151.07,28.0
6,Milltown,53.309917,-6.251728,3.3,13,No,"Milltown, Dublin 6",2015,1 to 2 bed,Apartment,1495.97,1227.47,21.9
6,Milltown,53.309917,-6.251728,3.3,13,No,"Milltown, Dublin 6",2015,1 to 3 bed,All property types,1549.37,1212.33,27.8
6,Milltown,53.309917,-6.251728,3.3,13,No,"Milltown, Dublin 6",2015,1 to 3 bed,Terrace house,1599.33,1266.03,26.3
6,Milltown,53.309917,-6.251728,3.3,13,No,"Milltown, Dublin 6",2015,1 to 3 bed,Apartment,1546.75,1263.45,22.4
6,Milltown,53.309917,-6.251728,3.3,13,No,"Milltown, Dublin 6",2015,Four plus bed,All property types,2426.18,1953.43,24.2
7,Windy Arbour,53.301558,-6.250708,4.23,15,No,"Churchtown, Dublin 14",2015,All bedrooms,All property types,1544.22,1270.58,21.5
7,Windy Arbour,53.301558,-6.250708,4.23,15,No,"Churchtown, Dublin 14",2015,All bedrooms,Semi detached house,1742.05,1415.59,23.1
7,Windy Arbour,53.301558,-6.250708,4.23,15,No,"Churchtown, Dublin 14",2015,All bedrooms,Terrace house,1565.16,1345.12,16.4
7,Windy Arbour,53.301558,-6.250708,4.23,15,No,"Churchtown, Dublin 14",2015,All bedrooms,Apartment,1336.65,1279.42,4.5
7,Windy Arbour,53.301558,-6.250708,4.23,15,No,"Churchtown, Dublin 14",2015,One bed,All property types,1129.68,924.15,22.2
7,Windy Arbour,53.301558,-6.250708,4.23,15,No,"Churchtown, Dublin 14",2015,One bed,Apartment,1120.0,1041.58,7.5
7,Windy Arbour,53.301558,-6.250708,4.23,15,No,"Churchtown, Dublin 14",2015,Two bed,All property types,1408.75,1288.6,9.3
7,Windy Arbour,53.301558,-6.250708,4.23,15,No,"Churchtown, Dublin 14",2015,Two bed,Apartment,1419.57,1315.98,7.9
7,Windy Arbour,53.301558,-6.250708,4.23,15,No,"Churchtown, Dublin 14",2015,Three bed,All property types,1616.39,1411.91,14.5
7,Windy Arbour,53.301558,-6.250708,4.23,15,No,"Churchtown, Dublin 14",2015,Three bed,Semi detached house,1571.5,1320.36,19.0
7,Windy Arbour,53.301558,-6.250708,4.23,15,No,"Churchtown, Dublin 14",2015,1 to 2 bed,All property types,1313.68,1151.07,14.1
7,Windy Arbour,53.301558,-6.250708,4.23,15,No,"Churchtown, Dublin 14",2015,1 to 2 bed,Apartment,1307.27,1227.47,6.5
7,Windy Arbour,53.301558,-6.250708,4.23,15,No,"Churchtown, Dublin 14",2015,1 to 3 bed,All property types,1435.16,1212.33,18.4
7,Windy Arbour,53.301558,-6.250708,4.23,15,No,"Churchtown, Dublin 14",2015,1 to 3 bed,Semi detached house,1569.14,1291.3,21.5
7,Windy Arbour,53.301558,-6.250708,4.23,15,No,"Churchtown, Dublin 14",2015,1 to 3 bed,Terrace house,1481.77,1266.03,17.0
7,Windy Arbour,53.301558,-6.250708,4.23,15,No,"Churchtown, Dublin 14",2015,1 to 3 bed,Apartment,1336.65,1263.45,5.8
7,Windy Arbour,53.301558,-6.250708,4.23,15,No,"Churchtown, Dublin 14",2015,Four plus bed,All property types,2046.52,1953.43,4.8
8,Dundrum,53.292358,-6.245117,5.3,17,No,"Dundrum, Dublin 16",2015,All bedrooms,All property types,1574.84,1270.58,23.9
8,Dundrum,53.292358,-6.245117,5.3,17,No,"Dundrum, Dublin 16",2015,All bedrooms,Semi detached house,1768.94,1415.59,25.0
8,Dundrum,53.292358,-6.245117,5.3,17,No,"Dundrum, Dublin 16",2015,All bedrooms,Terrace house,1580.39,1345.12,17.5
8,Dundrum,53.292358,-6.245117,5.3,17,No,"Dundrum, Dublin 16",2015,All bedrooms,Apartment,1554.43,1279.42,21.5
8,Dundrum,53.292358,-6.245117,5.3,17,No,"Dundrum, Dublin 16",2015,One bed,All property types,1235.32,924.15,33.7
8,Dundrum,53.292358,-6.245117,5.3,17,No,"Dundrum, Dublin 16",2015,One bed,Apartment,1302.62,1041.58,25.1
8,Dundrum,53.292358,-6.245117,5.3,17,No,"Dundrum, Dublin 16",2015,Two bed,All property types,1506.49,1288.6,16.9
8,Dundrum,53.292358,-6.245117,5.3,17,No,"Dundrum, Dublin 16",2015,Two bed,Terrace house,1411.61,1213.75,16.3
8,Dundrum,53.292358,-6.245117,5.3,17,No,"Dundrum, Dublin 16",2015,Two bed,Apartment,1519.17,1315.98,15.4
8,Dundrum,53.292358,-6.245117,5.3,17,No,"Dundrum, Dublin 16",2015,Three bed,All property types,1861.06,1411.91,31.8
8,Dundrum,53.292358,-6.245117,5.3,17,No,"Dundrum, Dublin 16",2015,Three bed,Semi detached house,1569.45,1320.36,18.9
8,Dundrum,53.292358,-6.245117,5.3,17,No,"Dundrum, Dublin 16",2015,Three bed,Terrace house,1655.51,1350.56,22.6
8,Dundrum,53.292358,-6.245117,5.3,17,No,"Dundrum, Dublin 16",2015,Three bed,Apartment,2154.13,1618.72,33.1
8,Dundrum,53.292358,-6.245117,5.3,17,No,"Dundrum, Dublin 16",2015,1 to 2 bed,All property types,1449.33,1151.07,25.9
8,Dundrum,53.292358,-6.245117,5.3,17,No,"Dundrum, Dublin 16",2015,1 to 2 bed,Terrace house,1380.15,1175.51,17.4
8,Dundrum,53.292358,-6.245117,5.3,17,No,"Dundrum, Dublin 16",2015,1 to 2 bed,Apartment,1475.25,1227.47,20.2
8,Dundrum,53.292358,-6.245117,5.3,17,No,"Dundrum, Dublin 16",2015,1 to 3 bed,All property types,1531.16,1212.33,26.3
8,Dundrum,53.292358,-6.245117,5.3,17,No,"Dundrum, Dublin 16",2015,1 to 3 bed,Semi detached house,1539.22,1291.3,19.2
8,Dundrum,53.292358,-6.245117,5.3,17,No,"Dundrum, Dublin 16",2015,1 to 3 bed,Terrace house,1527.26,1266.03,20.6
8,Dundrum,53.292358,-6.245117,5.3,17,No,"Dundrum, Dublin 16",2015,1 to 3 bed,Apartment,1552.1,1263.45,22.8
8,Dundrum,53.292358,-6.245117,5.3,17,No,"Dundrum, Dublin 16",2015,Four plus bed,All property types,2270.07,1953.43,16.2
8,Dundrum,53.292358,-6.245117,5.3,17,No,"Dundrum, Dublin 16",2015,Four plus bed,Semi detached house,2142.91,1767.05,21.3
9,Balally,53.286106,-6.236772,6.11,19,Yes,"Dundrum, Dublin 16",2015,All bedrooms,All property types,1574.84,1270.58,23.9
9,Balally,53.286106,-6.236772,6.11,19,Yes,"Dundrum, Dublin 16",2015,All bedrooms,Semi detached house,1768.94,1415.59,25.0
9,Balally,53.286106,-6.236772,6.11,19,Yes,"Dundrum, Dublin 16",2015,All bedrooms,Terrace house,1580.39,1345.12,17.5
9,Balally,53.286106,-6.236772,6.11,19,Yes,"Dundrum, Dublin 16",2015,All bedrooms,Apartment,1554.43,1279.42,21.5
9,Balally,53.286106,-6.236772,6.11,19,Yes,"Dundrum, Dublin 16",2015,One bed,All property types,1235.32,924.15,33.7
9,Balally,53.286106,-6.236772,6.11,19,Yes,"Dundrum, Dublin 16",2015,One bed,Apartment,1302.62,1041.58,25.1
9,Balally,53.286106,-6.236772,6.11,19,Yes,"Dundrum, Dublin 16",2015,Two bed,All property types,1506.49,1288.6,16.9
9,Balally,53.286106,-6.236772,6.11,19,Yes,"Dundrum, Dublin 16",2015,Two bed,Terrace house,1411.61,1213.75,16.3
9,Balally,53.286106,-6.236772,6.11,19,Yes,"Dundrum, Dublin 16",2015,Two bed,Apartment,1519.17,1315.98,15.4
9,Balally,53.286106,-6.236772,6.11,19,Yes,"Dundrum, Dublin 16",2015,Three bed,All property types,1861.06,1411.91,31.8
9,Balally,53.286106,-6.236772,6.11,19,Yes,"Dundrum, Dublin 16",2015,Three bed,Semi detached house,1569.45,1320.36,18.9
9,Balally,53.286106,-6.236772,6.11,19,Yes,"Dundrum, Dublin 16",2015,Three bed,Terrace house,1655.51,1350.56,22.6
9,Balally,53.286106,-6.236772,6.11,19,Yes,"Dundrum, Dublin 16",2015,Three bed,Apartment,2154.13,1618.72,33.1
9,Balally,53.286106,-6.236772,6.11,19,Yes,"Dundrum, Dublin 16",2015,1 to 2 bed,All property types,1449.33,1151.07,25.9
9,Balally,53.286106,-6.236772,6.11,19,Yes,"Dundrum, Dublin 16",2015,1 to 2 bed,Terrace house,1380.15,1175.51,17.4
9,Balally,53.286106,-6.236772,6.11,19,Yes,"Dundrum, Dublin 16",2015,1 to 2 bed,Apartment,1475.25,1227.47,20.2
9,Balally,53.286106,-6.236772,6.11,19,Yes,"Dundrum, Dublin 16",2015,1 to 3 bed,All property types,1531.16,1212.33,26.3
9,Balally,53.286106,-6.236772,6.11,19,Yes,"Dundrum, Dublin 16",2015,1 to 3 bed,Semi detached house,1539.22,1291.3,19.2
9,Balally,53.286106,-6.236772,6.11,19,Yes,"Dundrum, Dublin 16",2015,1 to 3 bed,Terrace house,1527.26,1266.03,20.6
9,Balally,53.286106,-6.236772,6.11,19,Yes,"Dundrum, Dublin 16",2015,1 to 3 bed,Apartment,1552.1,1263.45,22.8
9,Balally,53.286106,-6.236772,6.11,19,Yes,"Dundrum, Dublin 16",2015,Four plus bed,All property types,2270.07,1953.43,16.2
9,Balally,53.286106,-6.236772,6.11,19,Yes,"Dundrum, Dublin 16",2015,Four plus bed,Semi detached house,2142.91,1767.05,21.3
10,Kilmacud,53.283008,-6.223886,6.71,21,No,"Stillorgan, Dublin",2015,All bedrooms,All property types,1549.45,1270.58,21.9
10,Kilmacud,53.283008,-6.223886,6.71,21,No,"Stillorgan, Dublin",2015,All bedrooms,Detached house,2102.05,1835.34,14.5
10,Kilmacud,53.283008,-6.223886,6.71,21,No,"Stillorgan, Dublin",2015,All bedrooms,Semi detached house,1747.41,1415.59,23.4
10,Kilmacud,53.283008,-6.223886,6.71,21,No,"Stillorgan, Dublin",2015,All bedrooms,Terrace house,1652.91,1345.12,22.9
10,Kilmacud,53.283008,-6.223886,6.71,21,No,"Stillorgan, Dublin",2015,All bedrooms,Apartment,1470.17,1279.42,14.9
10,Kilmacud,53.283008,-6.223886,6.71,21,No,"Stillorgan, Dublin",2015,One bed,All property types,1179.89,924.15,27.7
10,Kilmacud,53.283008,-6.223886,6.71,21,No,"Stillorgan, Dublin",2015,One bed,Apartment,1179.29,1041.58,13.2
10,Kilmacud,53.283008,-6.223886,6.71,21,No,"Stillorgan, Dublin",2015,Two bed,All property types,1468.75,1288.6,14.0
10,Kilmacud,53.283008,-6.223886,6.71,21,No,"Stillorgan, Dublin",2015,Two bed,Apartment,1472.75,1315.98,11.9
10,Kilmacud,53.283008,-6.223886,6.71,21,No,"Stillorgan, Dublin",2015,Three bed,All property types,1809.44,1411.91,28.2
10,Kilmacud,53.283008,-6.223886,6.71,21,No,"Stillorgan, Dublin",2015,Three bed,Semi detached house,1696.28,1320.36,28.5
10,Kilmacud,53.283008,-6.223886,6.71,21,No,"Stillorgan, Dublin",2015,Three bed,Terrace house,1742.88,1350.56,29.0
10,Kilmacud,53.283008,-6.223886,6.71,21,No,"Stillorgan, Dublin",2015,Three bed,Apartment,1892.37,1618.72,16.9
10,Kilmacud,53.283008,-6.223886,6.71,21,No,"Stillorgan, Dublin",2015,1 to 2 bed,All property types,1403.74,1151.07,22.0
10,Kilmacud,53.283008,-6.223886,6.71,21,No,"Stillorgan, Dublin",2015,1 to 2 bed,Apartment,1404.72,1227.47,14.4
10,Kilmacud,53.283008,-6.223886,6.71,21,No,"Stillorgan, Dublin",2015,1 to 3 bed,All property types,1497.24,1212.33,23.5
10,Kilmacud,53.283008,-6.223886,6.71,21,No,"Stillorgan, Dublin",2015,1 to 3 bed,Semi detached house,1641.14,1291.3,27.1
10,Kilmacud,53.283008,-6.223886,6.71,21,No,"Stillorgan, Dublin",2015,1 to 3 bed,Terrace house,1606.74,1266.03,26.9
10,Kilmacud,53.283008,-6.223886,6.71,21,No,"Stillorgan, Dublin",2015,1 to 3 bed,Apartment,1468.07,1263.45,16.2
10,Kilmacud,53.283008,-6.223886,6.71,21,No,"Stillorgan, Dublin",2015,Four plus bed,All property types,1999.9,1953.43,2.4
10,Kilmacud,53.283008,-6.223886,6.71,21,No,"Stillorgan, Dublin",2015,Four plus bed,Detached house,2183.29,2205.59,-1.0
10,Kilmacud,53.283008,-6.223886,6.71,21,No,"Stillorgan, Dublin",2015,Four plus bed,Semi detached house,1922.75,1767.05,8.8
11,Stillorgan,53.279311,-6.209919,7.47,22,Yes,"Stillorgan, Dublin",2015,All bedrooms,All property types,1549.45,1270.58,21.9
11,Stillorgan,53.279311,-6.209919,7.47,22,Yes,"Stillorgan, Dublin",2015,All bedrooms,Detached house,2102.05,1835.34,14.5
11,Stillorgan,53.279311,-6.209919,7.47,22,Yes,"Stillorgan, Dublin",2015,All bedrooms,Semi detached house,1747.41,1415.59,23.4
11,Stillorgan,53.279311,-6.209919,7.47,22,Yes,"Stillorgan, Dublin",2015,All bedrooms,Terrace house,1652.91,1345.12,22.9
11,Stillorgan,53.279311,-6.209919,7.47,22,Yes,"Stillorgan, Dublin",2015,All bedrooms,Apartment,1470.17,1279.42,14.9
11,Stillorgan,53.279311,-6.209919,7.47,22,Yes,"Stillorgan, Dublin",2015,One bed,All property types,1179.89,924.15,27.7
11,Stillorgan,53.279311,-6.209919,7.47,22,Yes,"Stillorgan, Dublin",2015,One bed,Apartment,1179.29,1041.58,13.2
11,Stillorgan,53.279311,-6.209919,7.47,22,Yes,"Stillorgan, Dublin",2015,Two bed,All property types,1468.75,1288.6,14.0
11,Stillorgan,53.279311,-6.209919,7.47,22,Yes,"Stillorgan, Dublin",2015,Two bed,Apartment,1472.75,1315.98,11.9
11,Stillorgan,53.279311,-6.209919,7.47,22,Yes,"Stillorgan, Dublin",2015,Three bed,All property types,1809.44,1411.91,28.2
11,Stillorgan,53.279311,-6.209919,7.47,22,Yes,"Stillorgan, Dublin",2015,Three bed,Semi detached house,1696.28,1320.36,28.5
11,Stillorgan,53.279311,-6.209919,7.47,22,Yes,"Stillorgan, Dublin",2015,Three bed,Terrace house,1742.88,1350.56,29.0
11,Stillorgan,53.279311,-6.209919,7.47,22,Yes,"Stillorgan, Dublin",2015,Three bed,Apartment,1892.37,1618.72,16.9
11,Stillorgan,53.279311,-6.209919,7.47,22,Yes,"Stillorgan, Dublin",2015,1 to 2 bed,All property types,1403.74,1151.07,22.0
11,Stillorgan,53.279311,-6.209919,7.47,22,Yes,"Stillorgan, Dublin",2015,1 to 2 bed,Apartment,1404.72,1227.47,14.4
11,Stillorgan,53.279311,-6.209919,7.47,22,Yes,"Stillorgan, Dublin",2015,1 to 3 bed,All property types,1497.24,1212.33,23.5
11,Stillorgan,53.279311,-6.209919,7.47,22,Yes,"Stillorgan, Dublin",2015,1 to 3 bed,Semi detached house,1641.14,1291.3,27.1
11,Stillorgan,53.279311,-6.209919,7.47,22,Yes,"Stillorgan, Dublin",2015,1 to 3 bed,Terrace house,1606.74,1266.03,26.9
11,Stillorgan,53.279311,-6.209919,7.47,22,Yes,"Stillorgan, Dublin",2015,1 to 3 bed,Apartment,1468.07,1263.45,16.2
11,Stillorgan,53.279311,-6.209919,7.47,22,Yes,"Stillorgan, Dublin",2015,Four plus bed,All property types,1999.9,1953.43,2.4
11,Stillorgan,53.279311,-6.209919,7.47,22,Yes,"Stillorgan, Dublin",2015,Four plus bed,Detached house,2183.29,2205.59,-1.0
11,Stillorgan,53.279311,-6.209919,7.47,22,Yes,"Stillorgan, Dublin",2015,Four plus bed,Semi detached house,1922.75,1767.05,8.8
12,Sandyford,53.277603,-6.204678,7.8,24,Yes,"Sandyford, Dublin 18",2015,All bedrooms,All property types,1435.26,1270.58,13.0
12,Sandyford,53.277603,-6.204678,7.8,24,Yes,"Sandyford, Dublin 18",2015,All bedrooms,Semi detached house,1497.55,1415.59,5.8
12,Sandyford,53.277603,-6.204678,7.8,24,Yes,"Sandyford, Dublin 18",2015,All bedrooms,Terrace house,1548.44,1345.12,15.1
12,Sandyford,53.277603,-6.204678,7.8,24,Yes,"Sandyford, Dublin 18",2015,All bedrooms,Apartment,1425.16,1279.42,11.4
12,Sandyford,53.277603,-6.204678,7.8,24,Yes,"Sandyford, Dublin 18",2015,One bed,All property types,1200.26,924.15,29.9
12,Sandyford,53.277603,-6.204678,7.8,24,Yes,"Sandyford, Dublin 18",2015,One bed,Apartment,1221.31,1041.58,17.3
12,Sandyford,53.277603,-6.204678,7.8,24,Yes,"Sandyford, Dublin 18",2015,Two bed,All property types,1430.65,1288.6,11.0
12,Sandyford,53.277603,-6.204678,7.8,24,Yes,"Sandyford, Dublin 18",2015,Two bed,Apartment,1430.65,1315.98,8.7
12,Sandyford,53.277603,-6.204678,7.8,24,Yes,"Sandyford, Dublin 18",2015,Three bed,All property types,1604.56,1411.91,13.6
12,Sandyford,53.277603,-6.204678,7.8,24,Yes,"Sandyford, Dublin 18",2015,Three bed,Semi detached house,1420.89,1320.36,7.6
12,Sandyford,53.277603,-6.204678,7.8,24,Yes,"Sandyford, Dublin 18",2015,Three bed,Apartment,1694.55,1618.72,4.7
12,Sandyford,53.277603,-6.204678,7.8,24,Yes,"Sandyford, Dublin 18",2015,1 to 2 bed,All property types,1383.22,1151.07,20.2
12,Sandyford,53.277603,-6.204678,7.8,24,Yes,"Sandyford, Dublin 18",2015,1 to 2 bed,Apartment,1388.39,1227.47,13.1
12,Sandyford,53.277603,-6.204678,7.8,24,Yes,"Sandyford, Dublin 18",2015,1 to 3 bed,All property types,1420.17,1212.33,17.1
12,Sandyford,53.277603,-6.204678,7.8,24,Yes,"Sandyford, Dublin 18",2015,1 to 3 bed,Semi detached house,1421.85,1291.3,10.1
12,Sandyford,53.277603,-6.204678,7.8,24,Yes,"Sandyford, Dublin 18",2015,1 to 3 bed,Terrace house,1523.33,1266.03,20.3
12,Sandyford,53.277603,-6.204678,7.8,24,Yes,"Sandyford, Dublin 18",2015,1 to 3 bed,Apartment,1423.29,1263.45,12.7
12,Sandyford,53.277603,-6.204678,7.8,24,Yes,"Sandyford, Dublin 18",2015,Four plus bed,All property types,1906.65,1953.43,-2.4
13,Central Park,53.27015,-6.203764,8.57,26,No,"Leopardstown, Dublin 18",2015,All bedrooms,All property types,1592.13,1270.58,25.3
13,Central Park,53.27015,-6.203764,8.57,26,No,"Leopardstown, Dublin 18",2015,All bedrooms,Semi detached house,1662.79,1415.59,17.5
13,Central Park,53.27015,-6.203764,8.57,26,No,"Leopardstown, Dublin 18",2015,All bedrooms,Apartment,1519.5,1279.42,18.8
13,Central Park,53.27015,-6.203764,8.57,26,No,"Leopardstown, Dublin 18",2015,One bed,All property types,1248.33,924.15,35.1
13,Central Park,53.27015,-6.203764,8.57,26,No,"Leopardstown, Dublin 18",2015,One bed,Apartment,1248.33,1041.58,19.8
13,Central Park,53.27015,-6.203764,8.57,26,No,"Leopardstown, Dublin 18",2015,Two bed,All property types,1517.49,1288.6,17.8
13,Central Park,53.27015,-6.203764,8.57,26,No,"Leopardstown, Dublin 18",2015,Two bed,Apartment,1514.93,1315.98,15.1
13,Central Park,53.27015,-6.203764,8.57,26,No,"Leopardstown, Dublin 18",2015,Three bed,All property types,1635.55,1411.91,15.8
13,Central Park,53.27015,-6.203764,8.57,26,No,"Leopardstown, Dublin 18",2015,Three bed,Semi detached house,1546.26,1320.36,17.1
13,Central Park,53.27015,-6.203764,8.57,26,No,"Leopardstown, Dublin 18",2015,1 to 2 bed,All property types,1461.81,1151.07,27.0
13,Central Park,53.27015,-6.203764,8.57,26,No,"Leopardstown, Dublin 18",2015,1 to 2 bed,Apartment,1456.97,1227.47,18.7
13,Central Park,53.27015,-6.203764,8.57,26,No,"Leopardstown, Dublin 18",2015,1 to 3 bed,All property types,1529.25,1212.33,26.1
13,Central Park,53.27015,-6.203764,8.57,26,No,"Leopardstown, Dublin 18",2015,1 to 3 bed,Semi detached house,1547.19,1291.3,19.8
13,Central Park,53.27015,-6.203764,8.57,26,No,"Leopardstown, Dublin 18",2015,1 to 3 bed,Apartment,1518.35,1263.45,20.2
13,Central Park,53.27015,-6.203764,8.57,26,No,"Leopardstown, Dublin 18",2015,Four plus bed,All property types,1994.88,1953.43,2.1
13,Central Park,53.27015,-6.203764,8.57,26,No,"Leopardstown, Dublin 18",2015,Four plus bed,Semi detached house,1928.68,1767.05,9.1
14,Glencairn,53.266336,-6.209942,8.78,28,No,"Leopardstown, Dublin 18",2015,All bedrooms,All property types,1592.13,1270.58,25.3
14,Glencairn,53.266336,-6.209942,8.78,28,No,"Leopardstown, Dublin 18",2015,All bedrooms,Semi detached house,1662.79,1415.59,17.5
14,Glencairn,53.266336,-6.209942,8.78,28,No,"Leopardstown, Dublin 18",2015,All bedrooms,Apartment,1519.5,1279.42,18.8
14,Glencairn,53.266336,-6.209942,8.78,28,No,"Leopardstown, Dublin 18",2015,One bed,All property types,1248.33,924.15,35.1
14,Glencairn,53.266336,-6.209942,8.78,28,No,"Leopardstown, Dublin 18",2015,One bed,Apartment,1248.33,1041.58,19.8
14,Glencairn,53.266336,-6.209942,8.78,28,No,"Leopardstown, Dublin 18",2015,Two bed,All property types,1517.49,1288.6,17.8
14,Glencairn,53.266336,-6.209942,8.78,28,No,"Leopardstown, Dublin 18",2015,Two bed,Apartment,1514.93,1315.98,15.1
14,Glencairn,53.266336,-6.209942,8.78,28,No,"Leopardstown, Dublin 18",2015,Three bed,All property types,1635.55,1411.91,15.8
14,Glencairn,53.266336,-6.209942,8.78,28,No,"Leopardstown, Dublin 18",2015,Three bed,Semi detached house,1546.26,1320.36,17.1
14,Glencairn,53.266336,-6.209942,8.78,28,No,"Leopardstown, Dublin 18",2015,1 to 2 bed,All property types,1461.81,1151.07,27.0
14,Glencairn,53.266336,-6.209942,8.78,28,No,"Leopardstown, Dublin 18",2015,1 to 2 bed,Apartment,1456.97,1227.47,18.7
14,Glencairn,53.266336,-6.209942,8.78,28,No,"Leopardstown, Dublin 18",2015,1 to 3 bed,All property types,1529.25,1212.33,26.1
14,Glencairn,53.266336,-6.209942,8.78,28,No,"Leopardstown, Dublin 18",2015,1 to 3 bed,Semi detached house,1547.19,1291.3,19.8
14,Glencairn,53.266336,-6.209942,8.78,28,No,"Leopardstown, Dublin 18",2015,1 to 3 bed,Apartment,1518.35,1263.45,20.2
14,Glencairn,53.266336,-6.209942,8.78,28,No,"Leopardstown, Dublin 18",2015,Four plus bed,All property types,1994.88,1953.43,2.1
14,Glencairn,53.266336,-6.209942,8.78,28,No,"Leopardstown, Dublin 18",2015,Four plus bed,Semi detached house,1928.68,1767.05,9.1
15,The Gallops,53.261164,-6.206022,9.41,29,No,"Leopardstown, Dublin 18",2015,All bedrooms,All property types,1592.13,1270.58,25.3
15,The Gallops,53.261164,-6.206022,9.41,29,No,"Leopardstown, Dublin 18",2015,All bedrooms,Semi detached house,1662.79,1415.59,17.5
15,The Gallops,53.261164,-6.206022,9.41,29,No,"Leopardstown, Dublin 18",2015,All bedrooms,Apartment,1519.5,1279.42,18.8
15,The Gallops,53.261164,-6.206022,9.41,29,No,"Leopardstown, Dublin 18",2015,One bed,All property types,1248.33,924.15,35.1
15,The Gallops,53.261164,-6.206022,9.41,29,No,"Leopardstown, Dublin 18",2015,One bed,Apartment,1248.33,1041.58,19.8
15,The Gallops,53.261164,-6.206022,9.41,29,No,"Leopardstown, Dublin 18",2015,Two bed,All property types,1517.49,1288.6,17.8
15,The Gallops,53.261164,-6.206022,9.41,29,No,"Leopardstown, Dublin 18",2015,Two bed,Apartment,1514.93,1315.98,15.1
15,The Gallops,53.261164,-6.206022,9.41,29,No,"Leopardstown, Dublin 18",2015,Three bed,All property types,1635.55,1411.91,15.8
15,The Gallops,53.261164,-6.206022,9.41,29,No,"Leopardstown, Dublin 18",2015,Three bed,Semi detached house,1546.26,1320.36,17.1
15,The Gallops,53.261164,-6.206022,9.41,29,No,"Leopardstown, Dublin 18",2015,1 to 2 bed,All property types,1461.81,1151.07,27.0
15,The Gallops,53.261164,-6.206022,9.41,29,No,"Leopardstown, Dublin 18",2015,1 to 2 bed,Apartment,1456.97,1227.47,18.7
15,The Gallops,53.261164,-6.206022,9.41,29,No,"Leopardstown, Dublin 18",2015,1 to 3 bed,All property types,1529.25,1212.33,26.1
15,The Gallops,53.261164,-6.206022,9.41,29,No,"Leopardstown, Dublin 18",2015,1 to 3 bed,Semi detached house,1547.19,1291.3,19.8
15,The Gallops,53.261164,-6.206022,9.41,29,No,"Leopardstown, Dublin 18",2015,1 to 3 bed,Apartment,1518.35,1263.45,20.2
15,The Gallops,53.261164,-6.206022,9.41,29,No,"Leopardstown, Dublin 18",2015,Four plus bed,All property types,1994.88,1953.43,2.1
15,The Gallops,53.261164,-6.206022,9.41,29,No,"Leopardstown, Dublin 18",2015,Four plus bed,Semi detached house,1928.68,1767.05,9.1
16,Leopardstown Valley,53.258247,-6.198361,9.91,31,No,"Leopardstown, Dublin 18",2015,All bedrooms,All property types,1592.13,1270.58,25.3
16,Leopardstown Valley,53.258247,-6.198361,9.91,31,No,"Leopardstown, Dublin 18",2015,All bedrooms,Semi detached house,1662.79,1415.59,17.5
16,Leopardstown Valley,53.258247,-6.198361,9.91,31,No,"Leopardstown, Dublin 18",2015,All bedrooms,Apartment,1519.5,1279.42,18.8
16,Leopardstown Valley,53.258247,-6.198361,9.91,31,No,"Leopardstown, Dublin 18",2015,One bed,All property types,1248.33,924.15,35.1
16,Leopardstown Valley,53.258247,-6.198361,9.91,31,No,"Leopardstown, Dublin 18",2015,One bed,Apartment,1248.33,1041.58,19.8
16,Leopardstown Valley,53.258247,-6.198361,9.91,31,No,"Leopardstown, Dublin 18",2015,Two bed,All property types,1517.49,1288.6,17.8
16,Leopardstown Valley,53.258247,-6.198361,9.91,31,No,"Leopardstown, Dublin 18",2015,Two bed,Apartment,1514.93,1315.98,15.1
16,Leopardstown Valley,53.258247,-6.198361,9.91,31,No,"Leopardstown, Dublin 18",2015,Three bed,All property types,1635.55,1411.91,15.8
16,Leopardstown Valley,53.258247,-6.198361,9.91,31,No,"Leopardstown, Dublin 18",2015,Three bed,Semi detached house,1546.26,1320.36,17.1
16,Leopardstown Valley,53.258247,-6.198361,9.91,31,No,"Leopardstown, Dublin 18",2015,1 to 2 bed,All property types,1461.81,1151.07,27.0
16,Leopardstown Valley,53.258247,-6.198361,9.91,31,No,"Leopardstown, Dublin 18",2015,1 to 2 bed,Apartment,1456.97,1227.47,18.7
16,Leopardstown Valley,53.258247,-6.198361,9.91,31,No,"Leopardstown, Dublin 18",2015,1 to 3 bed,All property types,1529.25,1212.33,26.1
16,Leopardstown Valley,53.258247,-6.198361,9.91,31,No,"Leopardstown, Dublin 18",2015,1 to 3 bed,Semi detached house,1547.19,1291.3,19.8
16,Leopardstown Valley,53.258247,-6.198361,9.91,31,No,"Leopardstown, Dublin 18",2015,1 to 3 bed,Apartment,1518.35,1263.45,20.2
16,Leopardstown Valley,53.258247,-6.198361,9.91,31,No,"Leopardstown, Dublin 18",2015,Four plus bed,All property types,1994.88,1953.43,2.1
16,Leopardstown Valley,53.258247,-6.198361,9.91,31,No,"Leopardstown, Dublin 18",2015,Four plus bed,Semi detached house,1928.68,1767.05,9.1
17,Ballyogan Wood,53.255047,-6.184475,10.65,33,No,"Carrickmines, Dublin 18",2015,All bedrooms,All property types,1442.92,1270.58,13.6
17,Ballyogan Wood,53.255047,-6.184475,10.65,33,No,"Carrickmines, Dublin 18",2015,All bedrooms,Apartment,1333.25,1279.42,4.2
17,Ballyogan Wood,53.255047,-6.184475,10.65,33,No,"Carrickmines, Dublin 18",2015,One bed,All property types,1075.27,924.15,16.4
17,Ballyogan Wood,53.255047,-6.184475,10.65,33,No,"Carrickmines, Dublin 18",2015,One bed,Apartment,1075.27,1041.58,3.2
17,Ballyogan Wood,53.255047,-6.184475,10.65,33,No,"Carrickmines, Dublin 18",2015,Two bed,All property types,1399.39,1288.6,8.6
17,Ballyogan Wood,53.255047,-6.184475,10.65,33,No,"Carrickmines, Dublin 18",2015,Two bed,Apartment,1411.67,1315.98,7.3
17,Ballyogan Wood,53.255047,-6.184475,10.65,33,No,"Carrickmines, Dublin 18",2015,1 to 2 bed,All property types,1302.67,1151.07,13.2
17,Ballyogan Wood,53.255047,-6.184475,10.65,33,No,"Carrickmines, Dublin 18",2015,1 to 2 bed,Apartment,1304.37,1227.47,6.3
17,Ballyogan Wood,53.255047,-6.184475,10.65,33,No,"Carrickmines, Dublin 18",2015,1 to 3 bed,All property types,1341.82,1212.33,10.7
17,Ballyogan Wood,53.255047,-6.184475,10.65,33,No,"Carrickmines, Dublin 18",2015,1 to 3 bed,Apartment,1329.89,1263.45,5.3
18,Racecourse,53.255367,-6.175161,10.93,34,No,"Leopardstown, Dublin 18",2015,All bedrooms,All property types,1592.13,1270.58,25.3
18,Racecourse,53.255367,-6.175161,10.93,34,No,"Leopardstown, Dublin 18",2015,All bedrooms,Semi detached house,1662.79,1415.59,17.5
18,Racecourse,53.255367,-6.175161,10.93,34,No,"Leopardstown, Dublin 18",2015,All bedrooms,Apartment,1519.5,1279.42,18.8
18,Racecourse,53.255367,-6.175161,10.93,34,No,"Leopardstown, Dublin 18",2015,One bed,All property types,1248.33,924.15,35.1
18,Racecourse,53.255367,-6.175161,10.93,34,No,"Leopardstown, Dublin 18",2015,One bed,Apartment,1248.33,1041.58,19.8
18,Racecourse,53.255367,-6.175161,10.93,34,No,"Leopardstown, Dublin 18",2015,Two bed,All property types,1517.49,1288.6,17.8
18,Racecourse,53.255367,-6.175161,10.93,34,No,"Leopardstown, Dublin 18",2015,Two bed,Apartment,1514.93,1315.98,15.1
18,Racecourse,53.255367,-6.175161,10.93,34,No,"Leopardstown, Dublin 18",2015,Three bed,All property types,1635.55,1411.91,15.8
18,Racecourse,53.255367,-6.175161,10.93,34,No,"Leopardstown, Dublin 18",2015,Three bed,Semi detached house,1546.26,1320.36,17.1
18,Racecourse,53.255367,-6.175161,10.93,34,No,"Leopardstown, Dublin 18",2015,1 to 2 bed,All property types,1461.81,1151.07,27.0
18,Racecourse,53.255367,-6.175161,10.93,34,No,"Leopardstown, Dublin 18",2015,1 to 2 bed,Apartment,1456.97,1227.47,18.7
18,Racecourse,53.255367,-6.175161,10.93,34,No,"Leopardstown, Dublin 18",2015,1 to 3 bed,All property types,1529.25,1212.33,26.1
18,Racecourse,53.255367,-6.175161,10.93,34,No,"Leopardstown, Dublin 18",2015,1 to 3 bed,Semi detached house,1547.19,1291.3,19.8
18,Racecourse,53.255367,-6.175161,10.93,34,No,"Leopardstown, Dublin 18",2015,1 to 3 bed,Apartment,1518.35,1263.45,20.2
18,Racecourse,53.255367,-6.175161,10.93,34,No,"Leopardstown, Dublin 18",2015,Four plus bed,All property types,1994.88,1953.43,2.1
18,Racecourse,53.255367,-6.175161,10.93,34,No,"Leopardstown, Dublin 18",2015,Four plus bed,Semi detached house,1928.68,1767.05,9.1
19,Carrickmines,53.254033,-6.169908,11.24,36,Yes,"Carrickmines, Dublin 18",2015,All bedrooms,All property types,1442.92,1270.58,13.6
19,Carrickmines,53.254033,-6.169908,11.24,36,Yes,"Carrickmines, Dublin 18",2015,All bedrooms,Apartment,1333.25,1279.42,4.2
19,Carrickmines,53.254033,-6.169908,11.24,36,Yes,"Carrickmines, Dublin 18",2015,One bed,All property types,1075.27,924.15,16.4
19,Carrickmines,53.254033,-6.169908,11.24,36,Yes,"Carrickmines, Dublin 18",2015,One bed,Apartment,1075.27,1041.58,3.2
19,Carrickmines,53.254033,-6.169908,11.24,36,Yes,"Carrickmines, Dublin 18",2015,Two bed,All property types,1399.39,1288.6,8.6
19,Carrickmines,53.254033,-6.169908,11.24,36,Yes,"Carrickmines, Dublin 18",2015,Two bed,Apartment,1411.67,1315.98,7.3
19,Carrickmines,53.254033,-6.169908,11.24,36,Yes,"Carrickmines, Dublin 18",2015,1 to 2 bed,All property types,1302.67,1151.07,13.2
19,Carrickmines,53.254033,-6.169908,11.24,36,Yes,"Carrickmines, Dublin 18",2015,1 to 2 bed,Apartment,1304.37,1227.47,6.3
19,Carrickmines,53.254033,-6.169908,11.24,36,Yes,"Carrickmines, Dublin 18",2015,1 to 3 bed,All property types,1341.82,1212.33,10.7
19,Carrickmines,53.254033,-6.169908,11.24,36,Yes,"Carrickmines, Dublin 18",2015,1 to 3 bed,Apartment,1329.89,1263.45,5.3
20,Brennanstown,53.252619,-6.161597,11.68,37,No,"Cabinteely, Dublin 18",2015,All bedrooms,All property types,1385.56,1270.58,9.0
20,Brennanstown,53.252619,-6.161597,11.68,37,No,"Cabinteely, Dublin 18",2015,All bedrooms,Detached house,2114.56,1835.34,15.2
20,Brennanstown,53.252619,-6.161597,11.68,37,No,"Cabinteely, Dublin 18",2015,All bedrooms,Semi detached house,1585.39,1415.59,12.0
20,Brennanstown,53.252619,-6.161597,11.68,37,No,"Cabinteely, Dublin 18",2015,All bedrooms,Apartment,1263.61,1279.42,-1.2
20,Brennanstown,53.252619,-6.161597,11.68,37,No,"Cabinteely, Dublin 18",2015,One bed,All property types,1081.69,924.15,17.0
20,Brennanstown,53.252619,-6.161597,11.68,37,No,"Cabinteely, Dublin 18",2015,One bed,Apartment,1077.15,1041.58,3.4
20,Brennanstown,53.252619,-6.161597,11.68,37,No,"Cabinteely, Dublin 18",2015,Two bed,All property types,1218.54,1288.6,-5.4
20,Brennanstown,53.252619,-6.161597,11.68,37,No,"Cabinteely, Dublin 18",2015,Two bed,Apartment,1223.19,1315.98,-7.1
20,Brennanstown,53.252619,-6.161597,11.68,37,No,"Cabinteely, Dublin 18",2015,Three bed,All property types,1513.49,1411.91,7.2
20,Brennanstown,53.252619,-6.161597,11.68,37,No,"Cabinteely, Dublin 18",2015,Three bed,Semi detached house,1464.06,1320.36,10.9
20,Brennanstown,53.252619,-6.161597,11.68,37,No,"Cabinteely, Dublin 18",2015,Three bed,Apartment,1484.41,1618.72,-8.3
20,Brennanstown,53.252619,-6.161597,11.68,37,No,"Cabinteely, Dublin 18",2015,1 to 2 bed,All property types,1192.14,1151.07,3.6
20,Brennanstown,53.252619,-6.161597,11.68,37,No,"Cabinteely, Dublin 18",2015,1 to 2 bed,Apartment,1194.1,1227.47,-2.7
20,Brennanstown,53.252619,-6.161597,11.68,37,No,"Cabinteely, Dublin 18",2015,1 to 3 bed,All property types,1296.41,1212.33,6.9
20,Brennanstown,53.252619,-6.161597,11.68,37,No,"Cabinteely, Dublin 18",2015,1 to 3 bed,Semi detached house,1461.74,1291.3,13.2
20,Brennanstown,53.252619,-6.161597,11.68,37,No,"Cabinteely, Dublin 18",2015,1 to 3 bed,Apartment,1257.99,1263.45,-0.4
20,Brennanstown,53.252619,-6.161597,11.68,37,No,"Cabinteely, Dublin 18",2015,Four plus bed,All property types,2069.69,1953.43,6.0
21,Laughanstown,53.250606,-6.155006,12.11,39,No,"Cabinteely, Dublin 18",2015,All bedrooms,All property types,1385.56,1270.58,9.0
21,Laughanstown,53.250606,-6.155006,12.11,39,No,"Cabinteely, Dublin 18",2015,All bedrooms,Detached house,2114.56,1835.34,15.2
21,Laughanstown,53.250606,-6.155006,12.11,39,No,"Cabinteely, Dublin 18",2015,All bedrooms,Semi detached house,1585.39,1415.59,12.0
21,Laughanstown,53.250606,-6.155006,12.11,39,No,"Cabinteely, Dublin 18",2015,All bedrooms,Apartment,1263.61,1279.42,-1.2
21,Laughanstown,53.250606,-6.155006,12.11,39,No,"Cabinteely, Dublin 18",2015,One bed,All property types,1081.69,924.15,17.0
21,Laughanstown,53.250606,-6.155006,12.11,39,No,"Cabinteely, Dublin 18",2015,One bed,Apartment,1077.15,1041.58,3.4
21,Laughanstown,53.250606,-6.155006,12.11,39,No,"Cabinteely, Dublin 18",2015,Two bed,All property types,1218.54,1288.6,-5.4
21,Laughanstown,53.250606,-6.155006,12.11,39,No,"Cabinteely, Dublin 18",2015,Two bed,Apartment,1223.19,1315.98,-7.1
21,Laughanstown,53.250606,-6.155006,12.11,39,No,"Cabinteely, Dublin 18",2015,Three bed,All property types,1513.49,1411.91,7.2
21,Laughanstown,53.250606,-6.155006,12.11,39,No,"Cabinteely, Dublin 18",2015,Three bed,Semi detached house,1464.06,1320.36,10.9
21,Laughanstown,53.250606,-6.155006,12.11,39,No,"Cabinteely, Dublin 18",2015,Three bed,Apartment,1484.41,1618.72,-8.3
21,Laughanstown,53.250606,-6.155006,12.11,39,No,"Cabinteely, Dublin 18",2015,1 to 2 bed,All property types,1192.14,1151.07,3.6
21,Laughanstown,53.250606,-6.155006,12.11,39,No,"Cabinteely, Dublin 18",2015,1 to 2 bed,Apartment,1194.1,1227.47,-2.7
21,Laughanstown,53.250606,-6.155006,12.11,39,No,"Cabinteely, Dublin 18",2015,1 to 3 bed,All property types,1296.41,1212.33,6.9
21,Laughanstown,53.250606,-6.155006,12.11,39,No,"Cabinteely, Dublin 18",2015,1 to 3 bed,Semi detached house,1461.74,1291.3,13.2
21,Laughanstown,53.250606,-6.155006,12.11,39,No,"Cabinteely, Dublin 18",2015,1 to 3 bed,Apartment,1257.99,1263.45,-0.4
21,Laughanstown,53.250606,-6.155006,12.11,39,No,"Cabinteely, Dublin 18",2015,Four plus bed,All property types,2069.69,1953.43,6.0
22,Cherrywood,53.245333,-6.145853,12.94,41,No,"Cabinteely, Dublin 18",2015,All bedrooms,All property types,1385.56,1270.58,9.0
22,Cherrywood,53.245333,-6.145853,12.94,41,No,"Cabinteely, Dublin 18",2015,All bedrooms,Detached house,2114.56,1835.34,15.2
22,Cherrywood,53.245333,-6.145853,12.94,41,No,"Cabinteely, Dublin 18",2015,All bedrooms,Semi detached house,1585.39,1415.59,12.0
22,Cherrywood,53.245333,-6.145853,12.94,41,No,"Cabinteely, Dublin 18",2015,All bedrooms,Apartment,1263.61,1279.42,-1.2
22,Cherrywood,53.245333,-6.145853,12.94,41,No,"Cabinteely, Dublin 18",2015,One bed,All property types,1081.69,924.15,17.0
22,Cherrywood,53.245333,-6.145853,12.94,41,No,"Cabinteely, Dublin 18",2015,One bed,Apartment,1077.15,1041.58,3.4
22,Cherrywood,53.245333,-6.145853,12.94,41,No,"Cabinteely, Dublin 18",2015,Two bed,All property types,1218.54,1288.6,-5.4
22,Cherrywood,53.245333,-6.145853,12.94,41,No,"Cabinteely, Dublin 18",2015,Two bed,Apartment,1223.19,1315.98,-7.1
22,Cherrywood,53.245333,-6.145853,12.94,41,No,"Cabinteely, Dublin 18",2015,Three bed,All property types,1513.49,1411.91,7.2
22,Cherrywood,53.245333,-6.145853,12.94,41,No,"Cabinteely, Dublin 18",2015,Three bed,Semi detached house,1464.06,1320.36,10.9
22,Cherrywood,53.245333,-6.145853,12.94,41,No,"Cabinteely, Dublin 18",2015,Three bed,Apartment,1484.41,1618.72,-8.3
22,Cherrywood,53.245333,-6.145853,12.94,41,No,"Cabinteely, Dublin 18",2015,1 to 2 bed,All property types,1192.14,1151.07,3.6
22,Cherrywood,53.245333,-6.145853,12.94,41,No,"Cabinteely, Dublin 18",2015,1 to 2 bed,Apartment,1194.1,1227.47,-2.7
22,Cherrywood,53.245333,-6.145853,12.94,41,No,"Cabinteely, Dublin 18",2015,1 to 3 bed,All property types,1296.41,1212.33,6.9
22,Cherrywood,53.245333,-6.145853,12.94,41,No,"Cabinteely, Dublin 18",2015,1 to 3 bed,Semi detached house,1461.74,1291.3,13.2
22,Cherrywood,53.245333,-6.145853,12.94,41,No,"Cabinteely, Dublin 18",2015,1 to 3 bed,Apartment,1257.99,1263.45,-0.4
22,Cherrywood,53.245333,-6.145853,12.94,41,No,"Cabinteely, Dublin 18",2015,Four plus bed,All property types,2069.69,1953.43,6.0
23,Brides Glen,53.242075,-6.142886,13.35,42,No,"Shankill, Dublin",2015,All bedrooms,All property types,1276.04,1270.58,0.4
23,Brides Glen,53.242075,-6.142886,13.35,42,No,"Shankill, Dublin",2015,All bedrooms,Semi detached house,1420.49,1415.59,0.3
23,Brides Glen,53.242075,-6.142886,13.35,42,No,"Shankill, Dublin",2015,All bedrooms,Terrace house,1267.4,1345.12,-5.8
23,Brides Glen,53.242075,-6.142886,13.35,42,No,"Shankill, Dublin",2015,All bedrooms,Apartment,1146.72,1279.42,-10.4
23,Brides Glen,53.242075,-6.142886,13.35,42,No,"Shankill, Dublin",2015,Two bed,All property types,1180.12,1288.6,-8.4
23,Brides Glen,53.242075,-6.142886,13.35,42,No,"Shankill, Dublin",2015,Two bed,Apartment,1170.4,1315.98,-11.1
23,Brides Glen,53.242075,-6.142886,13.35,42,No,"Shankill, Dublin",2015,Three bed,All property types,1318.05,1411.91,-6.6
23,Brides Glen,53.242075,-6.142886,13.35,42,No,"Shankill, Dublin",2015,Three bed,Semi detached house,1357.64,1320.36,2.8
23,Brides Glen,53.242075,-6.142886,13.35,42,No,"Shankill, Dublin",2015,1 to 2 bed,All property types,1137.8,1151.07,-1.2
23,Brides Glen,53.242075,-6.142886,13.35,42,No,"Shankill, Dublin",2015,1 to 2 bed,Apartment,1125.11,1227.47,-8.3
23,Brides Glen,53.242075,-6.142886,13.35,42,No,"Shankill, Dublin",2015,1 to 3 bed,All property types,1203.89,1212.33,-0.7
23,Brides Glen,53.242075,-6.142886,13.35,42,No,"Shankill, Dublin",2015,1 to 3 bed,Semi detached house,1335.8,1291.3,3.4
23,Brides Glen,53.242075,-6.142886,13.35,42,No,"Shankill, Dublin",2015,1 to 3 bed,Terrace house,1259.07,1266.03,-0.5
23,Brides Glen,53.242075,-6.142886,13.35,42,No,"Shankill, Dublin",2015,1 to 3 bed,Apartment,1146.72,1263.45,-9.2
23,Brides Glen,53.242075,-6.142886,13.35,42,No,"Shankill, Dublin",2015,Four plus bed,All property types,1695.0,1953.43,-13.2
0,St. Stephen's Green,53.339072,-6.261333,0.0,0,No,"Charlemont Street, Dublin 2",2016,All bedrooms,All property types,1610.84,1365.4,18.0
0,St. Stephen's Green,53.339072,-6.261333,0.0,0,No,"Charlemont Street, Dublin 2",2016,All bedrooms,Apartment,1610.84,1367.72,17.8
0,St. Stephen's Green,53.339072,-6.261333,0.0,0,No,"Charlemont Street, Dublin 2",2016,Two bed,All property types,1594.27,1382.89,15.3
0,St. Stephen's Green,53.339072,-6.261333,0.0,0,No,"Charlemont Street, Dublin 2",2016,Two bed,Apartment,1594.27,1409.63,13.1
0,St. Stephen's Green,53.339072,-6.261333,0.0,0,No,"Charlemont Street, Dublin 2",2016,1 to 2 bed,All property types,1506.84,1240.75,21.4
0,St. Stephen's Green,53.339072,-6.261333,0.0,0,No,"Charlemont Street, Dublin 2",2016,1 to 2 bed,Apartment,1506.84,1320.31,14.1
0,St. Stephen's Green,53.339072,-6.261333,0.0,0,No,"Charlemont Street, Dublin 2",2016,1 to 3 bed,All property types,1610.84,1305.04,23.4
0,St. Stephen's Green,53.339072,-6.261333,0.0,0,No,"Charlemont Street, Dublin 2",2016,1 to 3 bed,Apartment,1610.84,1357.78,18.6
1,Harcourt,53.333358,-6.26265,0.64,2,No,"Charlemont Street, Dublin 2",2016,All bedrooms,All property types,1610.84,1365.4,18.0
1,Harcourt,53.333358,-6.26265,0.64,2,No,"Charlemont Street, Dublin 2",2016,All bedrooms,Apartment,1610.84,1367.72,17.8
1,Harcourt,53.333358,-6.26265,0.64,2,No,"Charlemont Street, Dublin 2",2016,Two bed,All property types,1594.27,1382.89,15.3
1,Harcourt,53.333358,-6.26265,0.64,2,No,"Charlemont Street, Dublin 2",2016,Two bed,Apartment,1594.27,1409.63,13.1
1,Harcourt,53.333358,-6.26265,0.64,2,No,"Charlemont Street, Dublin 2",2016,1 to 2 bed,All property types,1506.84,1240.75,21.4
1,Harcourt,53.333358,-6.26265,0.64,2,No,"Charlemont Street, Dublin 2",2016,1 to 2 bed,Apartment,1506.84,1320.31,14.1
1,Harcourt,53.333358,-6.26265,0.64,2,No,"Charlemont Street, Dublin 2",2016,1 to 3 bed,All property types,1610.84,1305.04,23.4
1,Harcourt,53.333358,-6.26265,0.64,2,No,"Charlemont Street, Dublin 2",2016,1 to 3 bed,Apartment,1610.84,1357.78,18.6
2,Charlemont,53.330669,-6.258683,0.95,4,No,"Charlemont Street, Dublin 2",2016,All bedrooms,All property types,1610.84,1365.4,18.0
2,Charlemont,53.330669,-6.258683,0.95,4,No,"Charlemont Street, Dublin 2",2016,All bedrooms,Apartment,1610.84,1367.72,17.8
2,Charlemont,53.330669,-6.258683,0.95,4,No,"Charlemont Street, Dublin 2",2016,Two bed,All property types,1594.27,1382.89,15.3
2,Charlemont,53.330669,-6.258683,0.95,4,No,"Charlemont Street, Dublin 2",2016,Two bed,Apartment,1594.27,1409.63,13.1
2,Charlemont,53.330669,-6.258683,0.95,4,No,"Charlemont Street, Dublin 2",2016,1 to 2 bed,All property types,1506.84,1240.75,21.4
2,Charlemont,53.330669,-6.258683,0.95,4,No,"Charlemont Street, Dublin 2",2016,1 to 2 bed,Apartment,1506.84,1320.31,14.1
2,Charlemont,53.330669,-6.258683,0.95,4,No,"Charlemont Street, Dublin 2",2016,1 to 3 bed,All property types,1610.84,1305.04,23.4
2,Charlemont,53.330669,-6.258683,0.95,4,No,"Charlemont Street, Dublin 2",2016,1 to 3 bed,Apartment,1610.84,1357.78,18.6
3,Ranelagh,53.326433,-6.256203,1.45,7,No,"Ranelagh, Dublin 6",2016,All bedrooms,All property types,1412.78,1365.4,3.5
3,Ranelagh,53.326433,-6.256203,1.45,7,No,"Ranelagh, Dublin 6",2016,All bedrooms,Semi detached house,2200.27,1535.98,43.2
3,Ranelagh,53.326433,-6.256203,1.45,7,No,"Ranelagh, Dublin 6",2016,All bedrooms,Terrace house,2141.03,1452.94,47.4
3,Ranelagh,53.326433,-6.256203,1.45,7,No,"Ranelagh, Dublin 6",2016,All bedrooms,Apartment,1460.19,1367.72,6.8
3,Ranelagh,53.326433,-6.256203,1.45,7,No,"Ranelagh, Dublin 6",2016,All bedrooms,Other flats,902.35,860.46,4.9
3,Ranelagh,53.326433,-6.256203,1.45,7,No,"Ranelagh, Dublin 6",2016,One bed,All property types,967.75,1008.92,-4.1
3,Ranelagh,53.326433,-6.256203,1.45,7,No,"Ranelagh, Dublin 6",2016,One bed,Apartment,1250.86,1135.98,10.1
3,Ranelagh,53.326433,-6.256203,1.45,7,No,"Ranelagh, Dublin 6",2016,One bed,Other flats,816.96,777.63,5.1
3,Ranelagh,53.326433,-6.256203,1.45,7,No,"Ranelagh, Dublin 6",2016,Two bed,All property types,1521.85,1382.89,10.0
3,Ranelagh,53.326433,-6.256203,1.45,7,No,"Ranelagh, Dublin 6",2016,Two bed,Terrace house,1637.16,1307.08,25.3
3,Ranelagh,53.326433,-6.256203,1.45,7,No,"Ranelagh, Dublin 6",2016,Two bed,Apartment,1630.82,1409.63,15.7
3,Ranelagh,53.326433,-6.256203,1.45,7,No,"Ranelagh, Dublin 6",2016,Two bed,Other flats,1116.1,1138.76,-2.0
3,Ranelagh,53.326433,-6.256203,1.45,7,No,"Ranelagh, Dublin 6",2016,Three bed,All property types,2151.3,1519.99,41.5
3,Ranelagh,53.326433,-6.256203,1.45,7,No,"Ranelagh, Dublin 6",2016,Three bed,Semi detached house,2096.18,1423.86,47.2
3,Ranelagh,53.326433,-6.256203,1.45,7,No,"Ranelagh, Dublin 6",2016,Three bed,Terrace house,2265.14,1455.57,55.6
3,Ranelagh,53.326433,-6.256203,1.45,7,No,"Ranelagh, Dublin 6",2016,1 to 2 bed,All property types,1156.05,1240.75,-6.8
3,Ranelagh,53.326433,-6.256203,1.45,7,No,"Ranelagh, Dublin 6",2016,1 to 2 bed,Semi detached house,1385.2,1250.47,10.8
3,Ranelagh,53.326433,-6.256203,1.45,7,No,"Ranelagh, Dublin 6",2016,1 to 2 bed,Terrace house,1442.86,1265.78,14.0
3,Ranelagh,53.326433,-6.256203,1.45,7,No,"Ranelagh, Dublin 6",2016,1 to 2 bed,Apartment,1424.51,1320.31,7.9
3,Ranelagh,53.326433,-6.256203,1.45,7,No,"Ranelagh, Dublin 6",2016,1 to 2 bed,Other flats,867.61,839.83,3.3
3,Ranelagh,53.326433,-6.256203,1.45,7,No,"Ranelagh, Dublin 6",2016,1 to 3 bed,All property types,1288.02,1305.04,-1.3
3,Ranelagh,53.326433,-6.256203,1.45,7,No,"Ranelagh, Dublin 6",2016,1 to 3 bed,Semi detached house,1740.69,1390.73,25.2
3,Ranelagh,53.326433,-6.256203,1.45,7,No,"Ranelagh, Dublin 6",2016,1 to 3 bed,Terrace house,1880.36,1364.6,37.8
3,Ranelagh,53.326433,-6.256203,1.45,7,No,"Ranelagh, Dublin 6",2016,1 to 3 bed,Apartment,1446.57,1357.78,6.5
3,Ranelagh,53.326433,-6.256203,1.45,7,No,"Ranelagh, Dublin 6",2016,1 to 3 bed,Other flats,898.31,856.16,4.9
3,Ranelagh,53.326433,-6.256203,1.45,7,No,"Ranelagh, Dublin 6",2016,Four plus bed,All property types,2889.87,2074.23,39.3
3,Ranelagh,53.326433,-6.256203,1.45,7,No,"Ranelagh, Dublin 6",2016,Four plus bed,Semi detached house,2962.49,1929.59,53.5
3,Ranelagh,53.326433,-6.256203,1.45,7,No,"Ranelagh, Dublin 6",2016,Four plus bed,Terrace house,2988.23,2069.94,44.4
4,Beechwood,53.320822,-6.254653,2.08,9,No,"Ranelagh, Dublin 6",2016,All bedrooms,All property types,1412.78,1365.4,3.5
4,Beechwood,53.320822,-6.254653,2.08,9,No,"Ranelagh, Dublin 6",2016,All bedrooms,Semi detached house,2200.27,1535.98,43.2
4,Beechwood,53.320822,-6.254653,2.08,9,No,"Ranelagh, Dublin 6",2016,All bedrooms,Terrace house,2141.03,1452.94,47.4
4,Beechwood,53.320822,-6.254653,2.08,9,No,"Ranelagh, Dublin 6",2016,All bedrooms,Apartment,1460.19,1367.72,6.8
4,Beechwood,53.320822,-6.254653,2.08,9,No,"Ranelagh, Dublin 6",2016,All bedrooms,Other flats,902.35,860.46,4.9
4,Beechwood,53.320822,-6.254653,2.08,9,No,"Ranelagh, Dublin 6",2016,One bed,All property types,967.75,1008.92,-4.1
4,Beechwood,53.320822,-6.254653,2.08,9,No,"Ranelagh, Dublin 6",2016,One bed,Apartment,1250.86,1135.98,10.1
4,Beechwood,53.320822,-6.254653,2.08,9,No,"Ranelagh, Dublin 6",2016,One bed,Other flats,816.96,777.63,5.1
4,Beechwood,53.320822,-6.254653,2.08,9,No,"Ranelagh, Dublin 6",2016,Two bed,All property types,1521.85,1382.89,10.0
4,Beechwood,53.320822,-6.254653,2.08,9,No,"Ranelagh, Dublin 6",2016,Two bed,Terrace house,1637.16,1307.08,25.3
4,Beechwood,53.320822,-6.254653,2.08,9,No,"Ranelagh, Dublin 6",2016,Two bed,Apartment,1630.82,1409.63,15.7
4,Beechwood,53.320822,-6.254653,2.08,9,No,"Ranelagh, Dublin 6",2016,Two bed,Other flats,1116.1,1138.76,-2.0
4,Beechwood,53.320822,-6.254653,2.08,9,No,"Ranelagh, Dublin 6",2016,Three bed,All property types,2151.3,1519.99,41.5
4,Beechwood,53.320822,-6.254653,2.08,9,No,"Ranelagh, Dublin 6",2016,Three bed,Semi detached house,2096.18,1423.86,47.2
4,Beechwood,53.320822,-6.254653,2.08,9,No,"Ranelagh, Dublin 6",2016,Three bed,Terrace house,2265.14,1455.57,55.6
4,Beechwood,53.320822,-6.254653,2.08,9,No,"Ranelagh, Dublin 6",2016,1 to 2 bed,All property types,1156.05,1240.75,-6.8
4,Beechwood,53.320822,-6.254653,2.08,9,No,"Ranelagh, Dublin 6",2016,1 to 2 bed,Semi detached house,1385.2,1250.47,10.8
4,Beechwood,53.320822,-6.254653,2.08,9,No,"Ranelagh, Dublin 6",2016,1 to 2 bed,Terrace house,1442.86,1265.78,14.0
4,Beechwood,53.320822,-6.254653,2.08,9,No,"Ranelagh, Dublin 6",2016,1 to 2 bed,Apartment,1424.51,1320.31,7.9
4,Beechwood,53.320822,-6.254653,2.08,9,No,"Ranelagh, Dublin 6",2016,1 to 2 bed,Other flats,867.61,839.83,3.3
4,Beechwood,53.320822,-6.254653,2.08,9,No,"Ranelagh, Dublin 6",2016,1 to 3 bed,All property types,1288.02,1305.04,-1.3
4,Beechwood,53.320822,-6.254653,2.08,9,No,"Ranelagh, Dublin 6",2016,1 to 3 bed,Semi detached house,1740.69,1390.73,25.2
4,Beechwood,53.320822,-6.254653,2.08,9,No,"Ranelagh, Dublin 6",2016,1 to 3 bed,Terrace house,1880.36,1364.6,37.8
4,Beechwood,53.320822,-6.254653,2.08,9,No,"Ranelagh, Dublin 6",2016,1 to 3 bed,Apartment,1446.57,1357.78,6.5
4,Beechwood,53.320822,-6.254653,2.08,9,No,"Ranelagh, Dublin 6",2016,1 to 3 bed,Other flats,898.31,856.16,4.9
4,Beechwood,53.320822,-6.254653,2.08,9,No,"Ranelagh, Dublin 6",2016,Four plus bed,All property types,2889.87,2074.23,39.3
4,Beechwood,53.320822,-6.254653,2.08,9,No,"Ranelagh, Dublin 6",2016,Four plus bed,Semi detached house,2962.49,1929.59,53.5
4,Beechwood,53.320822,-6.254653,2.08,9,No,"Ranelagh, Dublin 6",2016,Four plus bed,Terrace house,2988.23,2069.94,44.4
5,Cowper,53.316467,-6.253447,2.57,11,No,"Ranelagh, Dublin 6",2016,All bedrooms,All property types,1412.78,1365.4,3.5
5,Cowper,53.316467,-6.253447,2.57,11,No,"Ranelagh, Dublin 6",2016,All bedrooms,Semi detached house,2200.27,1535.98,43.2
5,Cowper,53.316467,-6.253447,2.57,11,No,"Ranelagh, Dublin 6",2016,All bedrooms,Terrace house,2141.03,1452.94,47.4
5,Cowper,53.316467,-6.253447,2.57,11,No,"Ranelagh, Dublin 6",2016,All bedrooms,Apartment,1460.19,1367.72,6.8
5,Cowper,53.316467,-6.253447,2.57,11,No,"Ranelagh, Dublin 6",2016,All bedrooms,Other flats,902.35,860.46,4.9
5,Cowper,53.316467,-6.253447,2.57,11,No,"Ranelagh, Dublin 6",2016,One bed,All property types,967.75,1008.92,-4.1
5,Cowper,53.316467,-6.253447,2.57,11,No,"Ranelagh, Dublin 6",2016,One bed,Apartment,1250.86,1135.98,10.1
5,Cowper,53.316467,-6.253447,2.57,11,No,"Ranelagh, Dublin 6",2016,One bed,Other flats,816.96,777.63,5.1
5,Cowper,53.316467,-6.253447,2.57,11,No,"Ranelagh, Dublin 6",2016,Two bed,All property types,1521.85,1382.89,10.0
5,Cowper,53.316467,-6.253447,2.57,11,No,"Ranelagh, Dublin 6",2016,Two bed,Terrace house,1637.16,1307.08,25.3
5,Cowper,53.316467,-6.253447,2.57,11,No,"Ranelagh, Dublin 6",2016,Two bed,Apartment,1630.82,1409.63,15.7
5,Cowper,53.316467,-6.253447,2.57,11,No,"Ranelagh, Dublin 6",2016,Two bed,Other flats,1116.1,1138.76,-2.0
5,Cowper,53.316467,-6.253447,2.57,11,No,"Ranelagh, Dublin 6",2016,Three bed,All property types,2151.3,1519.99,41.5
5,Cowper,53.316467,-6.253447,2.57,11,No,"Ranelagh, Dublin 6",2016,Three bed,Semi detached house,2096.18,1423.86,47.2
5,Cowper,53.316467,-6.253447,2.57,11,No,"Ranelagh, Dublin 6",2016,Three bed,Terrace house,2265.14,1455.57,55.6
5,Cowper,53.316467,-6.253447,2.57,11,No,"Ranelagh, Dublin 6",2016,1 to 2 bed,All property types,1156.05,1240.75,-6.8
5,Cowper,53.316467,-6.253447,2.57,11,No,"Ranelagh, Dublin 6",2016,1 to 2 bed,Semi detached house,1385.2,1250.47,10.8
5,Cowper,53.316467,-6.253447,2.57,11,No,"Ranelagh, Dublin 6",2016,1 to 2 bed,Terrace house,1442.86,1265.78,14.0
5,Cowper,53.316467,-6.253447,2.57,11,No,"Ranelagh, Dublin 6",2016,1 to 2 bed,Apartment,1424.51,1320.31,7.9
5,Cowper,53.316467,-6.253447,2.57,11,No,"Ranelagh, Dublin 6",2016,1 to 2 bed,Other flats,867.61,839.83,3.3
5,Cowper,53.316467,-6.253447,2.57,11,No,"Ranelagh, Dublin 6",2016,1 to 3 bed,All property types,1288.02,1305.04,-1.3
5,Cowper,53.316467,-6.253447,2.57,11,No,"Ranelagh, Dublin 6",2016,1 to 3 bed,Semi detached house,1740.69,1390.73,25.2
5,Cowper,53.316467,-6.253447,2.57,11,No,"Ranelagh, Dublin 6",2016,1 to 3 bed,Terrace house,1880.36,1364.6,37.8
5,Cowper,53.316467,-6.253447,2.57,11,No,"Ranelagh, Dublin 6",2016,1 to 3 bed,Apartment,1446.57,1357.78,6.5
5,Cowper,53.316467,-6.253447,2.57,11,No,"Ranelagh, Dublin 6",2016,1 to 3 bed,Other flats,898.31,856.16,4.9
5,Cowper,53.316467,-6.253447,2.57,11,No,"Ranelagh, Dublin 6",2016,Four plus bed,All property types,2889.87,2074.23,39.3
5,Cowper,53.316467,-6.253447,2.57,11,No,"Ranelagh, Dublin 6",2016,Four plus bed,Semi detached house,2962.49,1929.59,53.5
5,Cowper,53.316467,-6.253447,2.57,11,No,"Ranelagh, Dublin 6",2016,Four plus bed,Terrace house,2988.23,2069.94,44.4
6,Milltown,53.309917,-6.251728,3.3,13,No,"Milltown, Dublin 6",2016,All bedrooms,All property types,1662.87,1365.4,21.8
6,Milltown,53.309917,-6.251728,3.3,13,No,"Milltown, Dublin 6",2016,All bedrooms,Semi detached house,2303.16,1535.98,49.9
6,Milltown,53.309917,-6.251728,3.3,13,No,"Milltown, Dublin 6",2016,All bedrooms,Terrace house,1871.65,1452.94,28.8
6,Milltown,53.309917,-6.251728,3.3,13,No,"Milltown, Dublin 6",2016,All bedrooms,Apartment,1566.11,1367.72,14.5
6,Milltown,53.309917,-6.251728,3.3,13,No,"Milltown, Dublin 6",2016,One bed,All property types,1151.91,1008.92,14.2
6,Milltown,53.309917,-6.251728,3.3,13,No,"Milltown, Dublin 6",2016,One bed,Apartment,1167.87,1135.98,2.8
6,Milltown,53.309917,-6.251728,3.3,13,No,"Milltown, Dublin 6",2016,Two bed,All property types,1654.51,1382.89,19.6
6,Milltown,53.309917,-6.251728,3.3,13,No,"Milltown, Dublin 6",2016,Two bed,Terrace house,1550.0,1307.08,18.6
6,Milltown,53.309917,-6.251728,3.3,13,No,"Milltown, Dublin 6",2016,Two bed,Apartment,1670.88,1409.63,18.5
6,Milltown,53.309917,-6.251728,3.3,13,No,"Milltown, Dublin 6",2016,Three bed,All property types,2037.04,1519.99,34.0
6,Milltown,53.309917,-6.251728,3.3,13,No,"Milltown, Dublin 6",2016,Three bed,Apartment,2133.78,1740.02,22.6
6,Milltown,53.309917,-6.251728,3.3,13,No,"Milltown, Dublin 6",2016,1 to 2 bed,All property types,1469.73,1240.75,18.5
6,Milltown,53.309917,-6.251728,3.3,13,No,"Milltown, Dublin 6",2016,1 to 2 bed,Terrace house,1550.0,1265.78,22.5
6,Milltown,53.309917,-6.251728,3.3,13,No,"Milltown, Dublin 6",2016,1 to 2 bed,Apartment,1471.6,1320.31,11.5
6,Milltown,53.309917,-6.251728,3.3,13,No,"Milltown, Dublin 6",2016,1 to 3 bed,All property types,1581.41,1305.04,21.2
6,Milltown,53.309917,-6.251728,3.3,13,No,"Milltown, Dublin 6",2016,1 to 3 bed,Terrace house,1717.51,1364.6,25.9
6,Milltown,53.309917,-6.251728,3.3,13,No,"Milltown, Dublin 6",2016,1 to 3 bed,Apartment,1558.11,1357.78,14.8
6,Milltown,53.309917,-6.251728,3.3,13,No,"Milltown, Dublin 6",2016,Four plus bed,All property types,2751.84,2074.23,32.7
7,Windy Arbour,53.301558,-6.250708,4.23,15,No,"Churchtown, Dublin 14",2016,All bedrooms,All property types,1651.78,1365.4,21.0
7,Windy Arbour,53.301558,-6.250708,4.23,15,No,"Churchtown, Dublin 14",2016,All bedrooms,Semi detached house,1891.67,1535.98,23.2
7,Windy Arbour,53.301558,-6.250708,4.23,15,No,"Churchtown, Dublin 14",2016,All bedrooms,Terrace house,1625.07,1452.94,11.8
7,Windy Arbour,53.301558,-6.250708,4.23,15,No,"Churchtown, Dublin 14",2016,All bedrooms,Apartment,1392.56,1367.72,1.8
7,Windy Arbour,53.301558,-6.250708,4.23,15,No,"Churchtown, Dublin 14",2016,Two bed,All property types,1452.01,1382.89,5.0
7,Windy Arbour,53.301558,-6.250708,4.23,15,No,"Churchtown, Dublin 14",2016,Two bed,Apartment,1435.2,1409.63,1.8
7,Windy Arbour,53.301558,-6.250708,4.23,15,No,"Churchtown, Dublin 14",2016,Three bed,All property types,1706.6,1519.99,12.3
7,Windy Arbour,53.301558,-6.250708,4.23,15,No,"Churchtown, Dublin 14",2016,Three bed,Semi detached house,1657.57,1423.86,16.4
7,Windy Arbour,53.301558,-6.250708,4.23,15,No,"Churchtown, Dublin 14",2016,1 to 2 bed,All property types,1395.11,1240.75,12.4
7,Windy Arbour,53.301558,-6.250708,4.23,15,No,"Churchtown, Dublin 14",2016,1 to 2 bed,Apartment,1371.84,1320.31,3.9
7,Windy Arbour,53.301558,-6.250708,4.23,15,No,"Churchtown, Dublin 14",2016,1 to 3 bed,All property types,1529.4,1305.04,17.2
7,Windy Arbour,53.301558,-6.250708,4.23,15,No,"Churchtown, Dublin 14",2016,1 to 3 bed,Semi detached house,1636.48,1390.73,17.7
7,Windy Arbour,53.301558,-6.250708,4.23,15,No,"Churchtown, Dublin 14",2016,1 to 3 bed,Terrace house,1600.91,1364.6,17.3
7,Windy Arbour,53.301558,-6.250708,4.23,15,No,"Churchtown, Dublin 14",2016,1 to 3 bed,Apartment,1392.56,1357.78,2.6
7,Windy Arbour,53.301558,-6.250708,4.23,15,No,"Churchtown, Dublin 14",2016,Four plus bed,All property types,2219.48,2074.23,7.0
8,Dundrum,53.292358,-6.245117,5.3,17,No,"Dundrum, Dublin 16",2016,All bedrooms,All property types,1687.35,1365.4,23.6
8,Dundrum,53.292358,-6.245117,5.3,17,No,"Dundrum, Dublin 16",2016,All bedrooms,Semi detached house,1945.29,1535.98,26.6
8,Dundrum,53.292358,-6.245117,5.3,17,No,"Dundrum, Dublin 16",2016,All bedrooms,Terrace house,1720.24,1452.94,18.4
8,Dundrum,53.292358,-6.245117,5.3,17,No,"Dundrum, Dublin 16",2016,All bedrooms,Apartment,1649.4,1367.72,20.6
8,Dundrum,53.292358,-6.245117,5.3,17,No,"Dundrum, Dublin 16",2016,One bed,All property types,1359.03,1008.92,34.7
8,Dundrum,53.292358,-6.245117,5.3,17,No,"Dundrum, Dublin 16",2016,One bed,Apartment,1403.34,1135.98,23.5
8,Dundrum,53.292358,-6.245117,5.3,17,No,"Dundrum, Dublin 16",2016,Two bed,All property types,1612.36,1382.89,16.6
8,Dundrum,53.292358,-6.245117,5.3,17,No,"Dundrum, Dublin 16",2016,Two bed,Apartment,1621.73,1409.63,15.0
8,Dundrum,53.292358,-6.245117,5.3,17,No,"Dundrum, Dublin 16",2016,Three bed,All property types,1961.15,1519.99,29.0
8,Dundrum,53.292358,-6.245117,5.3,17,No,"Dundrum, Dublin 16",2016,Three bed,Semi detached house,1687.17,1423.86,18.5
8,Dundrum,53.292358,-6.245117,5.3,17,No,"Dundrum, Dublin 16",2016,Three bed,Terrace house,1792.65,1455.57,23.2
8,Dundrum,53.292358,-6.245117,5.3,17,No,"Dundrum, Dublin 16",2016,Three bed,Apartment,2217.03,1740.02,27.4
8,Dundrum,53.292358,-6.245117,5.3,17,No,"Dundrum, Dublin 16",2016,1 to 2 bed,All property types,1551.39,1240.75,25.0
8,Dundrum,53.292358,-6.245117,5.3,17,No,"Dundrum, Dublin 16",2016,1 to 2 bed,Apartment,1570.31,1320.31,18.9
8,Dundrum,53.292358,-6.245117,5.3,17,No,"Dundrum, Dublin 16",2016,1 to 3 bed,All property types,1635.94,1305.04,25.4
8,Dundrum,53.292358,-6.245117,5.3,17,No,"Dundrum, Dublin 16",2016,1 to 3 bed,Semi detached house,1662.54,1390.73,19.5
8,Dundrum,53.292358,-6.245117,5.3,17,No,"Dundrum, Dublin 16",2016,1 to 3 bed,Terrace house,1668.54,1364.6,22.3
8,Dundrum,53.292358,-6.245117,5.3,17,No,"Dundrum, Dublin 16",2016,1 to 3 bed,Apartment,1644.81,1357.78,21.1
8,Dundrum,53.292358,-6.245117,5.3,17,No,"Dundrum, Dublin 16",2016,Four plus bed,All property types,2349.6,2074.23,13.3
8,Dundrum,53.292358,-6.245117,5.3,17,No,"Dundrum, Dublin 16",2016,Four plus bed,Semi detached house,2311.81,1929.59,19.8
9,Balally,53.286106,-6.236772,6.11,19,Yes,"Dundrum, Dublin 16",2016,All bedrooms,All property types,1687.35,1365.4,23.6
9,Balally,53.286106,-6.236772,6.11,19,Yes,"Dundrum, Dublin 16",2016,All bedrooms,Semi detached house,1945.29,1535.98,26.6
9,Balally,53.286106,-6.236772,6.11,19,Yes,"Dundrum, Dublin 16",2016,All bedrooms,Terrace house,1720.24,1452.94,18.4
9,Balally,53.286106,-6.236772,6.11,19,Yes,"Dundrum, Dublin 16",2016,All bedrooms,Apartment,1649.4,1367.72,20.6
9,Balally,53.286106,-6.236772,6.11,19,Yes,"Dundrum, Dublin 16",2016,One bed,All property types,1359.03,1008.92,34.7
9,Balally,53.286106,-6.236772,6.11,19,Yes,"Dundrum, Dublin 16",2016,One bed,Apartment,1403.34,1135.98,23.5
9,Balally,53.286106,-6.236772,6.11,19,Yes,"Dundrum, Dublin 16",2016,Two bed,All property types,1612.36,1382.89,16.6
9,Balally,53.286106,-6.236772,6.11,19,Yes,"Dundrum, Dublin 16",2016,Two bed,Apartment,1621.73,1409.63,15.0
9,Balally,53.286106,-6.236772,6.11,19,Yes,"Dundrum, Dublin 16",2016,Three bed,All property types,1961.15,1519.99,29.0
9,Balally,53.286106,-6.236772,6.11,19,Yes,"Dundrum, Dublin 16",2016,Three bed,Semi detached house,1687.17,1423.86,18.5
9,Balally,53.286106,-6.236772,6.11,19,Yes,"Dundrum, Dublin 16",2016,Three bed,Terrace house,1792.65,1455.57,23.2
9,Balally,53.286106,-6.236772,6.11,19,Yes,"Dundrum, Dublin 16",2016,Three bed,Apartment,2217.03,1740.02,27.4
9,Balally,53.286106,-6.236772,6.11,19,Yes,"Dundrum, Dublin 16",2016,1 to 2 bed,All property types,1551.39,1240.75,25.0
9,Balally,53.286106,-6.236772,6.11,19,Yes,"Dundrum, Dublin 16",2016,1 to 2 bed,Apartment,1570.31,1320.31,18.9
9,Balally,53.286106,-6.236772,6.11,19,Yes,"Dundrum, Dublin 16",2016,1 to 3 bed,All property types,1635.94,1305.04,25.4
9,Balally,53.286106,-6.236772,6.11,19,Yes,"Dundrum, Dublin 16",2016,1 to 3 bed,Semi detached house,1662.54,1390.73,19.5
9,Balally,53.286106,-6.236772,6.11,19,Yes,"Dundrum, Dublin 16",2016,1 to 3 bed,Terrace house,1668.54,1364.6,22.3
9,Balally,53.286106,-6.236772,6.11,19,Yes,"Dundrum, Dublin 16",2016,1 to 3 bed,Apartment,1644.81,1357.78,21.1
9,Balally,53.286106,-6.236772,6.11,19,Yes,"Dundrum, Dublin 16",2016,Four plus bed,All property types,2349.6,2074.23,13.3
9,Balally,53.286106,-6.236772,6.11,19,Yes,"Dundrum, Dublin 16",2016,Four plus bed,Semi detached house,2311.81,1929.59,19.8
10,Kilmacud,53.283008,-6.223886,6.71,21,No,"Stillorgan, Dublin",2016,All bedrooms,All property types,1661.84,1365.4,21.7
10,Kilmacud,53.283008,-6.223886,6.71,21,No,"Stillorgan, Dublin",2016,All bedrooms,Detached house,2186.54,1971.94,10.9
10,Kilmacud,53.283008,-6.223886,6.71,21,No,"Stillorgan, Dublin",2016,All bedrooms,Semi detached house,1905.7,1535.98,24.1
10,Kilmacud,53.283008,-6.223886,6.71,21,No,"Stillorgan, Dublin",2016,All bedrooms,Terrace house,1817.55,1452.94,25.1
10,Kilmacud,53.283008,-6.223886,6.71,21,No,"Stillorgan, Dublin",2016,All bedrooms,Apartment,1558.23,1367.72,13.9
10,Kilmacud,53.283008,-6.223886,6.71,21,No,"Stillorgan, Dublin",2016,One bed,All property types,1263.89,1008.92,25.3
10,Kilmacud,53.283008,-6.223886,6.71,21,No,"Stillorgan, Dublin",2016,One bed,Apartment,1262.1,1135.98,11.1
10,Kilmacud,53.283008,-6.223886,6.71,21,No,"Stillorgan, Dublin",2016,Two bed,All property types,1549.16,1382.89,12.0
10,Kilmacud,53.283008,-6.223886,6.71,21,No,"Stillorgan, Dublin",2016,Two bed,Apartment,1552.07,1409.63,10.1
10,Kilmacud,53.283008,-6.223886,6.71,21,No,"Stillorgan, Dublin",2016,Three bed,All property types,1901.07,1519.99,25.1
10,Kilmacud,53.283008,-6.223886,6.71,21,No,"Stillorgan, Dublin",2016,Three bed,Semi detached house,1775.04,1423.86,24.7
10,Kilmacud,53.283008,-6.223886,6.71,21,No,"Stillorgan, Dublin",2016,Three bed,Apartment,2002.41,1740.02,15.1
10,Kilmacud,53.283008,-6.223886,6.71,21,No,"Stillorgan, Dublin",2016,1 to 2 bed,All property types,1487.63,1240.75,19.9
10,Kilmacud,53.283008,-6.223886,6.71,21,No,"Stillorgan, Dublin",2016,1 to 2 bed,Apartment,1488.62,1320.31,12.7
10,Kilmacud,53.283008,-6.223886,6.71,21,No,"Stillorgan, Dublin",2016,1 to 3 bed,All property types,1588.95,1305.04,21.8
10,Kilmacud,53.283008,-6.223886,6.71,21,No,"Stillorgan, Dublin",2016,1 to 3 bed,Semi detached house,1732.81,1390.73,24.6
10,Kilmacud,53.283008,-6.223886,6.71,21,No,"Stillorgan, Dublin",2016,1 to 3 bed,Terrace house,1703.29,1364.6,24.8
10,Kilmacud,53.283008,-6.223886,6.71,21,No,"Stillorgan, Dublin",2016,1 to 3 bed,Apartment,1554.95,1357.78,14.5
10,Kilmacud,53.283008,-6.223886,6.71,21,No,"Stillorgan, Dublin",2016,Four plus bed,All property types,2208.98,2074.23,6.5
10,Kilmacud,53.283008,-6.223886,6.71,21,No,"Stillorgan, Dublin",2016,Four plus bed,Semi detached house,2171.34,1929.59,12.5
11,Stillorgan,53.279311,-6.209919,7.47,22,Yes,"Stillorgan, Dublin",2016,All bedrooms,All property types,1661.84,1365.4,21.7
11,Stillorgan,53.279311,-6.209919,7.47,22,Yes,"Stillorgan, Dublin",2016,All bedrooms,Detached house,2186.54,1971.94,10.9
11,Stillorgan,53.279311,-6.209919,7.47,22,Yes,"Stillorgan, Dublin",2016,All bedrooms,Semi detached house,1905.7,1535.98,24.1
11,Stillorgan,53.279311,-6.209919,7.47,22,Yes,"Stillorgan, Dublin",2016,All bedrooms,Terrace house,1817.55,1452.94,25.1
11,Stillorgan,53.279311,-6.209919,7.47,22,Yes,"Stillorgan, Dublin",2016,All bedrooms,Apartment,1558.23,1367.72,13.9
11,Stillorgan,53.279311,-6.209919,7.47,22,Yes,"Stillorgan, Dublin",2016,One bed,All property types,1263.89,1008.92,25.3
11,Stillorgan,53.279311,-6.209919,7.47,22,Yes,"Stillorgan, Dublin",2016,One bed,Apartment,1262.1,1135.98,11.1
11,Stillorgan,53.279311,-6.209919,7.47,22,Yes,"Stillorgan, Dublin",2016,Two bed,All property types,1549.16,1382.89,12.0
11,Stillorgan,53.279311,-6.209919,7.47,22,Yes,"Stillorgan, Dublin",2016,Two bed,Apartment,1552.07,1409.63,10.1
11,Stillorgan,53.279311,-6.209919,7.47,22,Yes,"Stillorgan, Dublin",2016,Three bed,All property types,1901.07,1519.99,25.1
11,Stillorgan,53.279311,-6.209919,7.47,22,Yes,"Stillorgan, Dublin",2016,Three bed,Semi detached house,1775.04,1423.86,24.7
11,Stillorgan,53.279311,-6.209919,7.47,22,Yes,"Stillorgan, Dublin",2016,Three bed,Apartment,2002.41,1740.02,15.1
11,Stillorgan,53.279311,-6.209919,7.47,22,Yes,"Stillorgan, Dublin",2016,1 to 2 bed,All property types,1487.63,1240.75,19.9
11,Stillorgan,53.279311,-6.209919,7.47,22,Yes,"Stillorgan, Dublin",2016,1 to 2 bed,Apartment,1488.62,1320.31,12.7
11,Stillorgan,53.279311,-6.209919,7.47,22,Yes,"Stillorgan, Dublin",2016,1 to 3 bed,All property types,1588.95,1305.04,21.8
11,Stillorgan,53.279311,-6.209919,7.47,22,Yes,"Stillorgan, Dublin",2016,1 to 3 bed,Semi detached house,1732.81,1390.73,24.6
11,Stillorgan,53.279311,-6.209919,7.47,22,Yes,"Stillorgan, Dublin",2016,1 to 3 bed,Terrace house,1703.29,1364.6,24.8
11,Stillorgan,53.279311,-6.209919,7.47,22,Yes,"Stillorgan, Dublin",2016,1 to 3 bed,Apartment,1554.95,1357.78,14.5
11,Stillorgan,53.279311,-6.209919,7.47,22,Yes,"Stillorgan, Dublin",2016,Four plus bed,All property types,2208.98,2074.23,6.5
11,Stillorgan,53.279311,-6.209919,7.47,22,Yes,"Stillorgan, Dublin",2016,Four plus bed,Semi detached house,2171.34,1929.59,12.5
12,Sandyford,53.277603,-6.204678,7.8,24,Yes,"Sandyford, Dublin 18",2016,All bedrooms,All property types,1558.18,1365.4,14.1
12,Sandyford,53.277603,-6.204678,7.8,24,Yes,"Sandyford, Dublin 18",2016,All bedrooms,Semi detached house,1748.49,1535.98,13.8
12,Sandyford,53.277603,-6.204678,7.8,24,Yes,"Sandyford, Dublin 18",2016,All bedrooms,Terrace house,1638.24,1452.94,12.8
12,Sandyford,53.277603,-6.204678,7.8,24,Yes,"Sandyford, Dublin 18",2016,All bedrooms,Apartment,1539.44,1367.72,12.6
12,Sandyford,53.277603,-6.204678,7.8,24,Yes,"Sandyford, Dublin 18",2016,One bed,All property types,1266.75,1008.92,25.6
12,Sandyford,53.277603,-6.204678,7.8,24,Yes,"Sandyford, Dublin 18",2016,One bed,Apartment,1293.22,1135.98,13.8
12,Sandyford,53.277603,-6.204678,7.8,24,Yes,"Sandyford, Dublin 18",2016,Two bed,All property types,1547.75,1382.89,11.9
12,Sandyford,53.277603,-6.204678,7.8,24,Yes,"Sandyford, Dublin 18",2016,Two bed,Apartment,1548.77,1409.63,9.9
12,Sandyford,53.277603,-6.204678,7.8,24,Yes,"Sandyford, Dublin 18",2016,Three bed,All property types,1763.14,1519.99,16.0
12,Sandyford,53.277603,-6.204678,7.8,24,Yes,"Sandyford, Dublin 18",2016,Three bed,Semi detached house,1621.76,1423.86,13.9
12,Sandyford,53.277603,-6.204678,7.8,24,Yes,"Sandyford, Dublin 18",2016,Three bed,Apartment,1848.01,1740.02,6.2
12,Sandyford,53.277603,-6.204678,7.8,24,Yes,"Sandyford, Dublin 18",2016,1 to 2 bed,All property types,1486.48,1240.75,19.8
12,Sandyford,53.277603,-6.204678,7.8,24,Yes,"Sandyford, Dublin 18",2016,1 to 2 bed,Apartment,1494.48,1320.31,13.2
12,Sandyford,53.277603,-6.204678,7.8,24,Yes,"Sandyford, Dublin 18",2016,1 to 3 bed,All property types,1534.2,1305.04,17.6
12,Sandyford,53.277603,-6.204678,7.8,24,Yes,"Sandyford, Dublin 18",2016,1 to 3 bed,Semi detached house,1587.5,1390.73,14.1
12,Sandyford,53.277603,-6.204678,7.8,24,Yes,"Sandyford, Dublin 18",2016,1 to 3 bed,Terrace house,1579.03,1364.6,15.7
12,Sandyford,53.277603,-6.204678,7.8,24,Yes,"Sandyford, Dublin 18",2016,1 to 3 bed,Apartment,1536.63,1357.78,13.2
12,Sandyford,53.277603,-6.204678,7.8,24,Yes,"Sandyford, Dublin 18",2016,Four plus bed,All property types,2138.34,2074.23,3.1
13,Central Park,53.27015,-6.203764,8.57,26,No,"Leopardstown, Dublin 18",2016,All bedrooms,All property types,1744.97,1365.4,27.8
13,Central Park,53.27015,-6.203764,8.57,26,No,"Leopardstown, Dublin 18",2016,All bedrooms,Semi detached house,1784.4,1535.98,16.2
13,Central Park,53.27015,-6.203764,8.57,26,No,"Leopardstown, Dublin 18",2016,All bedrooms,Apartment,1723.3,1367.72,26.0
13,Central Park,53.27015,-6.203764,8.57,26,No,"Leopardstown, Dublin 18",2016,One bed,All property types,1534.09,1008.92,52.1
13,Central Park,53.27015,-6.203764,8.57,26,No,"Leopardstown, Dublin 18",2016,One bed,Apartment,1534.09,1135.98,35.0
13,Central Park,53.27015,-6.203764,8.57,26,No,"Leopardstown, Dublin 18",2016,Two bed,All property types,1711.23,1382.89,23.7
13,Central Park,53.27015,-6.203764,8.57,26,No,"Leopardstown, Dublin 18",2016,Two bed,Apartment,1711.51,1409.63,21.4
13,Central Park,53.27015,-6.203764,8.57,26,No,"Leopardstown, Dublin 18",2016,Three bed,All property types,1817.8,1519.99,19.6
13,Central Park,53.27015,-6.203764,8.57,26,No,"Leopardstown, Dublin 18",2016,Three bed,Semi detached house,1657.37,1423.86,16.4
13,Central Park,53.27015,-6.203764,8.57,26,No,"Leopardstown, Dublin 18",2016,Three bed,Apartment,2222.94,1740.02,27.8
13,Central Park,53.27015,-6.203764,8.57,26,No,"Leopardstown, Dublin 18",2016,1 to 2 bed,All property types,1664.75,1240.75,34.2
13,Central Park,53.27015,-6.203764,8.57,26,No,"Leopardstown, Dublin 18",2016,1 to 2 bed,Apartment,1664.11,1320.31,26.0
13,Central Park,53.27015,-6.203764,8.57,26,No,"Leopardstown, Dublin 18",2016,1 to 3 bed,All property types,1708.81,1305.04,30.9
13,Central Park,53.27015,-6.203764,8.57,26,No,"Leopardstown, Dublin 18",2016,1 to 3 bed,Semi detached house,1656.68,1390.73,19.1
13,Central Park,53.27015,-6.203764,8.57,26,No,"Leopardstown, Dublin 18",2016,1 to 3 bed,Apartment,1721.99,1357.78,26.8
13,Central Park,53.27015,-6.203764,8.57,26,No,"Leopardstown, Dublin 18",2016,Four plus bed,All property types,2112.19,2074.23,1.8
13,Central Park,53.27015,-6.203764,8.57,26,No,"Leopardstown, Dublin 18",2016,Four plus bed,Semi detached house,2101.5,1929.59,8.9
14,Glencairn,53.266336,-6.209942,8.78,28,No,"Leopardstown, Dublin 18",2016,All bedrooms,All property types,1744.97,1365.4,27.8
14,Glencairn,53.266336,-6.209942,8.78,28,No,"Leopardstown, Dublin 18",2016,All bedrooms,Semi detached house,1784.4,1535.98,16.2
14,Glencairn,53.266336,-6.209942,8.78,28,No,"Leopardstown, Dublin 18",2016,All bedrooms,Apartment,1723.3,1367.72,26.0
14,Glencairn,53.266336,-6.209942,8.78,28,No,"Leopardstown, Dublin 18",2016,One bed,All property types,1534.09,1008.92,52.1
14,Glencairn,53.266336,-6.209942,8.78,28,No,"Leopardstown, Dublin 18",2016,One bed,Apartment,1534.09,1135.98,35.0
14,Glencairn,53.266336,-6.209942,8.78,28,No,"Leopardstown, Dublin 18",2016,Two bed,All property types,1711.23,1382.89,23.7
14,Glencairn,53.266336,-6.209942,8.78,28,No,"Leopardstown, Dublin 18",2016,Two bed,Apartment,1711.51,1409.63,21.4
14,Glencairn,53.266336,-6.209942,8.78,28,No,"Leopardstown, Dublin 18",2016,Three bed,All property types,1817.8,1519.99,19.6
14,Glencairn,53.266336,-6.209942,8.78,28,No,"Leopardstown, Dublin 18",2016,Three bed,Semi detached house,1657.37,1423.86,16.4
14,Glencairn,53.266336,-6.209942,8.78,28,No,"Leopardstown, Dublin 18",2016,Three bed,Apartment,2222.94,1740.02,27.8
14,Glencairn,53.266336,-6.209942,8.78,28,No,"Leopardstown, Dublin 18",2016,1 to 2 bed,All property types,1664.75,1240.75,34.2
14,Glencairn,53.266336,-6.209942,8.78,28,No,"Leopardstown, Dublin 18",2016,1 to 2 bed,Apartment,1664.11,1320.31,26.0
14,Glencairn,53.266336,-6.209942,8.78,28,No,"Leopardstown, Dublin 18",2016,1 to 3 bed,All property types,1708.81,1305.04,30.9
14,Glencairn,53.266336,-6.209942,8.78,28,No,"Leopardstown, Dublin 18",2016,1 to 3 bed,Semi detached house,1656.68,1390.73,19.1
14,Glencairn,53.266336,-6.209942,8.78,28,No,"Leopardstown, Dublin 18",2016,1 to 3 bed,Apartment,1721.99,1357.78,26.8
14,Glencairn,53.266336,-6.209942,8.78,28,No,"Leopardstown, Dublin 18",2016,Four plus bed,All property types,2112.19,2074.23,1.8
14,Glencairn,53.266336,-6.209942,8.78,28,No,"Leopardstown, Dublin 18",2016,Four plus bed,Semi detached house,2101.5,1929.59,8.9
15,The Gallops,53.261164,-6.206022,9.41,29,No,"Leopardstown, Dublin 18",2016,All bedrooms,All property types,1744.97,1365.4,27.8
15,The Gallops,53.261164,-6.206022,9.41,29,No,"Leopardstown, Dublin 18",2016,All bedrooms,Semi detached house,1784.4,1535.98,16.2
15,The Gallops,53.261164,-6.206022,9.41,29,No,"Leopardstown, Dublin 18",2016,All bedrooms,Apartment,1723.3,1367.72,26.0
15,The Gallops,53.261164,-6.206022,9.41,29,No,"Leopardstown, Dublin 18",2016,One bed,All property types,1534.09,1008.92,52.1
15,The Gallops,53.261164,-6.206022,9.41,29,No,"Leopardstown, Dublin 18",2016,One bed,Apartment,1534.09,1135.98,35.0
15,The Gallops,53.261164,-6.206022,9.41,29,No,"Leopardstown, Dublin 18",2016,Two bed,All property types,1711.23,1382.89,23.7
15,The Gallops,53.261164,-6.206022,9.41,29,No,"Leopardstown, Dublin 18",2016,Two bed,Apartment,1711.51,1409.63,21.4
15,The Gallops,53.261164,-6.206022,9.41,29,No,"Leopardstown, Dublin 18",2016,Three bed,All property types,1817.8,1519.99,19.6
15,The Gallops,53.261164,-6.206022,9.41,29,No,"Leopardstown, Dublin 18",2016,Three bed,Semi detached house,1657.37,1423.86,16.4
15,The Gallops,53.261164,-6.206022,9.41,29,No,"Leopardstown, Dublin 18",2016,Three bed,Apartment,2222.94,1740.02,27.8
15,The Gallops,53.261164,-6.206022,9.41,29,No,"Leopardstown, Dublin 18",2016,1 to 2 bed,All property types,1664.75,1240.75,34.2
15,The Gallops,53.261164,-6.206022,9.41,29,No,"Leopardstown, Dublin 18",2016,1 to 2 bed,Apartment,1664.11,1320.31,26.0
15,The Gallops,53.261164,-6.206022,9.41,29,No,"Leopardstown, Dublin 18",2016,1 to 3 bed,All property types,1708.81,1305.04,30.9
15,The Gallops,53.261164,-6.206022,9.41,29,No,"Leopardstown, Dublin 18",2016,1 to 3 bed,Semi detached house,1656.68,1390.73,19.1
15,The Gallops,53.261164,-6.206022,9.41,29,No,"Leopardstown, Dublin 18",2016,1 to 3 bed,Apartment,1721.99,1357.78,26.8
15,The Gallops,53.261164,-6.206022,9.41,29,No,"Leopardstown, Dublin 18",2016,Four plus bed,All property types,2112.19,2074.23,1.8
15,The Gallops,53.261164,-6.206022,9.41,29,No,"Leopardstown, Dublin 18",2016,Four plus bed,Semi detached house,2101.5,1929.59,8.9
16,Leopardstown Valley,53.258247,-6.198361,9.91,31,No,"Leopardstown, Dublin 18",2016,All bedrooms,All property types,1744.97,1365.4,27.8
16,Leopardstown Valley,53.258247,-6.198361,9.91,31,No,"Leopardstown, Dublin 18",2016,All bedrooms,Semi detached house,1784.4,1535.98,16.2
16,Leopardstown Valley,53.258247,-6.198361,9.91,31,No,"Leopardstown, Dublin 18",2016,All bedrooms,Apartment,1723.3,1367.72,26.0
16,Leopardstown Valley,53.258247,-6.198361,9.91,31,No,"Leopardstown, Dublin 18",2016,One bed,All property types,1534.09,1008.92,52.1
16,Leopardstown Valley,53.258247,-6.198361,9.91,31,No,"Leopardstown, Dublin 18",2016,One bed,Apartment,1534.09,1135.98,35.0
16,Leopardstown Valley,53.258247,-6.198361,9.91,31,No,"Leopardstown, Dublin 18",2016,Two bed,All property types,1711.23,1382.89,23.7
16,Leopardstown Valley,53.258247,-6.198361,9.91,31,No,"Leopardstown, Dublin 18",2016,Two bed,Apartment,1711.51,1409.63,21.4
16,Leopardstown Valley,53.258247,-6.198361,9.91,31,No,"Leopardstown, Dublin 18",2016,Three bed,All property types,1817.8,1519.99,19.6
16,Leopardstown Valley,53.258247,-6.198361,9.91,31,No,"Leopardstown, Dublin 18",2016,Three bed,Semi detached house,1657.37,1423.86,16.4
16,Leopardstown Valley,53.258247,-6.198361,9.91,31,No,"Leopardstown, Dublin 18",2016,Three bed,Apartment,2222.94,1740.02,27.8
16,Leopardstown Valley,53.258247,-6.198361,9.91,31,No,"Leopardstown, Dublin 18",2016,1 to 2 bed,All property types,1664.75,1240.75,34.2
16,Leopardstown Valley,53.258247,-6.198361,9.91,31,No,"Leopardstown, Dublin 18",2016,1 to 2 bed,Apartment,1664.11,1320.31,26.0
16,Leopardstown Valley,53.258247,-6.198361,9.91,31,No,"Leopardstown, Dublin 18",2016,1 to 3 bed,All property types,1708.81,1305.04,30.9
16,Leopardstown Valley,53.258247,-6.198361,9.91,31,No,"Leopardstown, Dublin 18",2016,1 to 3 bed,Semi detached house,1656.68,1390.73,19.1
16,Leopardstown Valley,53.258247,-6.198361,9.91,31,No,"Leopardstown, Dublin 18",2016,1 to 3 bed,Apartment,1721.99,1357.78,26.8
16,Leopardstown Valley,53.258247,-6.198361,9.91,31,No,"Leopardstown, Dublin 18",2016,Four plus bed,All property types,2112.19,2074.23,1.8
16,Leopardstown Valley,53.258247,-6.198361,9.91,31,No,"Leopardstown, Dublin 18",2016,Four plus bed,Semi detached house,2101.5,1929.59,8.9
17,Ballyogan Wood,53.255047,-6.184475,10.65,33,No,"Carrickmines, Dublin 18",2016,All bedrooms,All property types,1616.15,1365.4,18.4
17,Ballyogan Wood,53.255047,-6.184475,10.65,33,No,"Carrickmines, Dublin 18",2016,All bedrooms,Apartment,1451.2,1367.72,6.1
17,Ballyogan Wood,53.255047,-6.184475,10.65,33,No,"Carrickmines, Dublin 18",2016,One bed,All property types,1158.71,1008.92,14.8
17,Ballyogan Wood,53.255047,-6.184475,10.65,33,No,"Carrickmines, Dublin 18",2016,One bed,Apartment,1158.71,1135.98,2.0
17,Ballyogan Wood,53.255047,-6.184475,10.65,33,No,"Carrickmines, Dublin 18",2016,Two bed,All property types,1538.31,1382.89,11.2
17,Ballyogan Wood,53.255047,-6.184475,10.65,33,No,"Carrickmines, Dublin 18",2016,Two bed,Apartment,1542.74,1409.63,9.4
17,Ballyogan Wood,53.255047,-6.184475,10.65,33,No,"Carrickmines, Dublin 18",2016,1 to 2 bed,All property types,1444.91,1240.75,16.5
17,Ballyogan Wood,53.255047,-6.184475,10.65,33,No,"Carrickmines, Dublin 18",2016,1 to 2 bed,Apartment,1443.53,1320.31,9.3
17,Ballyogan Wood,53.255047,-6.184475,10.65,33,No,"Carrickmines, Dublin 18",2016,1 to 3 bed,All property types,1485.47,1305.04,13.8
17,Ballyogan Wood,53.255047,-6.184475,10.65,33,No,"Carrickmines, Dublin 18",2016,1 to 3 bed,Apartment,1448.77,1357.78,6.7
18,Racecourse,53.255367,-6.175161,10.93,34,No,"Leopardstown, Dublin 18",2016,All bedrooms,All property types,1744.97,1365.4,27.8
18,Racecourse,53.255367,-6.175161,10.93,34,No,"Leopardstown, Dublin 18",2016,All bedrooms,Semi detached house,1784.4,1535.98,16.2
18,Racecourse,53.255367,-6.175161,10.93,34,No,"Leopardstown, Dublin 18",2016,All bedrooms,Apartment,1723.3,1367.72,26.0
18,Racecourse,53.255367,-6.175161,10.93,34,No,"Leopardstown, Dublin 18",2016,One bed,All property types,1534.09,1008.92,52.1
18,Racecourse,53.255367,-6.175161,10.93,34,No,"Leopardstown, Dublin 18",2016,One bed,Apartment,1534.09,1135.98,35.0
18,Racecourse,53.255367,-6.175161,10.93,34,No,"Leopardstown, Dublin 18",2016,Two bed,All property types,1711.23,1382.89,23.7
18,Racecourse,53.255367,-6.175161,10.93,34,No,"Leopardstown, Dublin 18",2016,Two bed,Apartment,1711.51,1409.63,21.4
18,Racecourse,53.255367,-6.175161,10.93,34,No,"Leopardstown, Dublin 18",2016,Three bed,All property types,1817.8,1519.99,19.6
18,Racecourse,53.255367,-6.175161,10.93,34,No,"Leopardstown, Dublin 18",2016,Three bed,Semi detached house,1657.37,1423.86,16.4
18,Racecourse,53.255367,-6.175161,10.93,34,No,"Leopardstown, Dublin 18",2016,Three bed,Apartment,2222.94,1740.02,27.8
18,Racecourse,53.255367,-6.175161,10.93,34,No,"Leopardstown, Dublin 18",2016,1 to 2 bed,All property types,1664.75,1240.75,34.2
18,Racecourse,53.255367,-6.175161,10.93,34,No,"Leopardstown, Dublin 18",2016,1 to 2 bed,Apartment,1664.11,1320.31,26.0
18,Racecourse,53.255367,-6.175161,10.93,34,No,"Leopardstown, Dublin 18",2016,1 to 3 bed,All property types,1708.81,1305.04,30.9
18,Racecourse,53.255367,-6.175161,10.93,34,No,"Leopardstown, Dublin 18",2016,1 to 3 bed,Semi detached house,1656.68,1390.73,19.1
18,Racecourse,53.255367,-6.175161,10.93,34,No,"Leopardstown, Dublin 18",2016,1 to 3 bed,Apartment,1721.99,1357.78,26.8
18,Racecourse,53.255367,-6.175161,10.93,34,No,"Leopardstown, Dublin 18",2016,Four plus bed,All property types,2112.19,2074.23,1.8
18,Racecourse,53.255367,-6.175161,10.93,34,No,"Leopardstown, Dublin 18",2016,Four plus bed,Semi detached house,2101.5,1929.59,8.9
19,Carrickmines,53.254033,-6.169908,11.24,36,Yes,"Carrickmines, Dublin 18",2016,All bedrooms,All property types,1616.15,1365.4,18.4
19,Carrickmines,53.254033,-6.169908,11.24,36,Yes,"Carrickmines, Dublin 18",2016,All bedrooms,Apartment,1451.2,1367.72,6.1
19,Carrickmines,53.254033,-6.169908,11.24,36,Yes,"Carrickmines, Dublin 18",2016,One bed,All property types,1158.71,1008.92,14.8
19,Carrickmines,53.254033,-6.169908,11.24,36,Yes,"Carrickmines, Dublin 18",2016,One bed,Apartment,1158.71,1135.98,2.0
19,Carrickmines,53.254033,-6.169908,11.24,36,Yes,"Carrickmines, Dublin 18",2016,Two bed,All property types,1538.31,1382.89,11.2
19,Carrickmines,53.254033,-6.169908,11.24,36,Yes,"Carrickmines, Dublin 18",2016,Two bed,Apartment,1542.74,1409.63,9.4
19,Carrickmines,53.254033,-6.169908,11.24,36,Yes,"Carrickmines, Dublin 18",2016,1 to 2 bed,All property types,1444.91,1240.75,16.5
19,Carrickmines,53.254033,-6.169908,11.24,36,Yes,"Carrickmines, Dublin 18",2016,1 to 2 bed,Apartment,1443.53,1320.31,9.3
19,Carrickmines,53.254033,-6.169908,11.24,36,Yes,"Carrickmines, Dublin 18",2016,1 to 3 bed,All property types,1485.47,1305.04,13.8
19,Carrickmines,53.254033,-6.169908,11.24,36,Yes,"Carrickmines, Dublin 18",2016,1 to 3 bed,Apartment,1448.77,1357.78,6.7
20,Brennanstown,53.252619,-6.161597,11.68,37,No,"Cabinteely, Dublin 18",2016,All bedrooms,All property types,1510.39,1365.4,10.6
20,Brennanstown,53.252619,-6.161597,11.68,37,No,"Cabinteely, Dublin 18",2016,All bedrooms,Detached house,2304.55,1971.94,16.9
20,Brennanstown,53.252619,-6.161597,11.68,37,No,"Cabinteely, Dublin 18",2016,All bedrooms,Semi detached house,1755.11,1535.98,14.3
20,Brennanstown,53.252619,-6.161597,11.68,37,No,"Cabinteely, Dublin 18",2016,All bedrooms,Apartment,1370.57,1367.72,0.2
20,Brennanstown,53.252619,-6.161597,11.68,37,No,"Cabinteely, Dublin 18",2016,One bed,All property types,1190.25,1008.92,18.0
20,Brennanstown,53.252619,-6.161597,11.68,37,No,"Cabinteely, Dublin 18",2016,One bed,Apartment,1189.86,1135.98,4.7
20,Brennanstown,53.252619,-6.161597,11.68,37,No,"Cabinteely, Dublin 18",2016,Two bed,All property types,1321.53,1382.89,-4.4
20,Brennanstown,53.252619,-6.161597,11.68,37,No,"Cabinteely, Dublin 18",2016,Two bed,Apartment,1321.72,1409.63,-6.2
20,Brennanstown,53.252619,-6.161597,11.68,37,No,"Cabinteely, Dublin 18",2016,Three bed,All property types,1639.58,1519.99,7.9
20,Brennanstown,53.252619,-6.161597,11.68,37,No,"Cabinteely, Dublin 18",2016,Three bed,Semi detached house,1540.2,1423.86,8.2
20,Brennanstown,53.252619,-6.161597,11.68,37,No,"Cabinteely, Dublin 18",2016,Three bed,Apartment,1616.21,1740.02,-7.1
20,Brennanstown,53.252619,-6.161597,11.68,37,No,"Cabinteely, Dublin 18",2016,1 to 2 bed,All property types,1292.23,1240.75,4.1
20,Brennanstown,53.252619,-6.161597,11.68,37,No,"Cabinteely, Dublin 18",2016,1 to 2 bed,Apartment,1292.54,1320.31,-2.1
20,Brennanstown,53.252619,-6.161597,11.68,37,No,"Cabinteely, Dublin 18",2016,1 to 3 bed,All property types,1400.84,1305.04,7.3
20,Brennanstown,53.252619,-6.161597,11.68,37,No,"Cabinteely, Dublin 18",2016,1 to 3 bed,Semi detached house,1529.73,1390.73,10.0
20,Brennanstown,53.252619,-6.161597,11.68,37,No,"Cabinteely, Dublin 18",2016,1 to 3 bed,Apartment,1358.64,1357.78,0.1
20,Brennanstown,53.252619,-6.161597,11.68,37,No,"Cabinteely, Dublin 18",2016,Four plus bed,All property types,2253.1,2074.23,8.6
21,Laughanstown,53.250606,-6.155006,12.11,39,No,"Cabinteely, Dublin 18",2016,All bedrooms,All property types,1510.39,1365.4,10.6
21,Laughanstown,53.250606,-6.155006,12.11,39,No,"Cabinteely, Dublin 18",2016,All bedrooms,Detached house,2304.55,1971.94,16.9
21,Laughanstown,53.250606,-6.155006,12.11,39,No,"Cabinteely, Dublin 18",2016,All bedrooms,Semi detached house,1755.11,1535.98,14.3
21,Laughanstown,53.250606,-6.155006,12.11,39,No,"Cabinteely, Dublin 18",2016,All bedrooms,Apartment,1370.57,1367.72,0.2
21,Laughanstown,53.250606,-6.155006,12.11,39,No,"Cabinteely, Dublin 18",2016,One bed,All property types,1190.25,1008.92,18.0
21,Laughanstown,53.250606,-6.155006,12.11,39,No,"Cabinteely, Dublin 18",2016,One bed,Apartment,1189.86,1135.98,4.7
21,Laughanstown,53.250606,-6.155006,12.11,39,No,"Cabinteely, Dublin 18",2016,Two bed,All property types,1321.53,1382.89,-4.4
21,Laughanstown,53.250606,-6.155006,12.11,39,No,"Cabinteely, Dublin 18",2016,Two bed,Apartment,1321.72,1409.63,-6.2
21,Laughanstown,53.250606,-6.155006,12.11,39,No,"Cabinteely, Dublin 18",2016,Three bed,All property types,1639.58,1519.99,7.9
21,Laughanstown,53.250606,-6.155006,12.11,39,No,"Cabinteely, Dublin 18",2016,Three bed,Semi detached house,1540.2,1423.86,8.2
21,Laughanstown,53.250606,-6.155006,12.11,39,No,"Cabinteely, Dublin 18",2016,Three bed,Apartment,1616.21,1740.02,-7.1
21,Laughanstown,53.250606,-6.155006,12.11,39,No,"Cabinteely, Dublin 18",2016,1 to 2 bed,All property types,1292.23,1240.75,4.1
21,Laughanstown,53.250606,-6.155006,12.11,39,No,"Cabinteely, Dublin 18",2016,1 to 2 bed,Apartment,1292.54,1320.31,-2.1
21,Laughanstown,53.250606,-6.155006,12.11,39,No,"Cabinteely, Dublin 18",2016,1 to 3 bed,All property types,1400.84,1305.04,7.3
21,Laughanstown,53.250606,-6.155006,12.11,39,No,"Cabinteely, Dublin 18",2016,1 to 3 bed,Semi detached house,1529.73,1390.73,10.0
21,Laughanstown,53.250606,-6.155006,12.11,39,No,"Cabinteely, Dublin 18",2016,1 to 3 bed,Apartment,1358.64,1357.78,0.1
21,Laughanstown,53.250606,-6.155006,12.11,39,No,"Cabinteely, Dublin 18",2016,Four plus bed,All property types,2253.1,2074.23,8.6
22,Cherrywood,53.245333,-6.145853,12.94,41,No,"Cabinteely, Dublin 18",2016,All bedrooms,All property types,1510.39,1365.4,10.6
22,Cherrywood,53.245333,-6.145853,12.94,41,No,"Cabinteely, Dublin 18",2016,All bedrooms,Detached house,2304.55,1971.94,16.9
22,Cherrywood,53.245333,-6.145853,12.94,41,No,"Cabinteely, Dublin 18",2016,All bedrooms,Semi detached house,1755.11,1535.98,14.3
22,Cherrywood,53.245333,-6.145853,12.94,41,No,"Cabinteely, Dublin 18",2016,All bedrooms,Apartment,1370.57,1367.72,0.2
22,Cherrywood,53.245333,-6.145853,12.94,41,No,"Cabinteely, Dublin 18",2016,One bed,All property types,1190.25,1008.92,18.0
22,Cherrywood,53.245333,-6.145853,12.94,41,No,"Cabinteely, Dublin 18",2016,One bed,Apartment,1189.86,1135.98,4.7
22,Cherrywood,53.245333,-6.145853,12.94,41,No,"Cabinteely, Dublin 18",2016,Two bed,All property types,1321.53,1382.89,-4.4
22,Cherrywood,53.245333,-6.145853,12.94,41,No,"Cabinteely, Dublin 18",2016,Two bed,Apartment,1321.72,1409.63,-6.2
22,Cherrywood,53.245333,-6.145853,12.94,41,No,"Cabinteely, Dublin 18",2016,Three bed,All property types,1639.58,1519.99,7.9
22,Cherrywood,53.245333,-6.145853,12.94,41,No,"Cabinteely, Dublin 18",2016,Three bed,Semi detached house,1540.2,1423.86,8.2
22,Cherrywood,53.245333,-6.145853,12.94,41,No,"Cabinteely, Dublin 18",2016,Three bed,Apartment,1616.21,1740.02,-7.1
22,Cherrywood,53.245333,-6.145853,12.94,41,No,"Cabinteely, Dublin 18",2016,1 to 2 bed,All property types,1292.23,1240.75,4.1
22,Cherrywood,53.245333,-6.145853,12.94,41,No,"Cabinteely, Dublin 18",2016,1 to 2 bed,Apartment,1292.54,1320.31,-2.1
22,Cherrywood,53.245333,-6.145853,12.94,41,No,"Cabinteely, Dublin 18",2016,1 to 3 bed,All property types,1400.84,1305.04,7.3
22,Cherrywood,53.245333,-6.145853,12.94,41,No,"Cabinteely, Dublin 18",2016,1 to 3 bed,Semi detached house,1529.73,1390.73,10.0
22,Cherrywood,53.245333,-6.145853,12.94,41,No,"Cabinteely, Dublin 18",2016,1 to 3 bed,Apartment,1358.64,1357.78,0.1
22,Cherrywood,53.245333,-6.145853,12.94,41,No,"Cabinteely, Dublin 18",2016,Four plus bed,All property types,2253.1,2074.23,8.6
23,Brides Glen,53.242075,-6.142886,13.35,42,No,"Shankill, Dublin",2016,All bedrooms,All property types,1376.31,1365.4,0.8
23,Brides Glen,53.242075,-6.142886,13.35,42,No,"Shankill, Dublin",2016,All bedrooms,Semi detached house,1534.13,1535.98,-0.1
23,Brides Glen,53.242075,-6.142886,13.35,42,No,"Shankill, Dublin",2016,All bedrooms,Apartment,1210.95,1367.72,-11.5
23,Brides Glen,53.242075,-6.142886,13.35,42,No,"Shankill, Dublin",2016,One bed,All property types,953.23,1008.92,-5.5
23,Brides Glen,53.242075,-6.142886,13.35,42,No,"Shankill, Dublin",2016,Two bed,All property types,1263.73,1382.89,-8.6
23,Brides Glen,53.242075,-6.142886,13.35,42,No,"Shankill, Dublin",2016,Two bed,Apartment,1279.69,1409.63,-9.2
23,Brides Glen,53.242075,-6.142886,13.35,42,No,"Shankill, Dublin",2016,Three bed,All property types,1420.28,1519.99,-6.6
23,Brides Glen,53.242075,-6.142886,13.35,42,No,"Shankill, Dublin",2016,Three bed,Semi detached house,1412.5,1423.86,-0.8
23,Brides Glen,53.242075,-6.142886,13.35,42,No,"Shankill, Dublin",2016,1 to 2 bed,All property types,1199.68,1240.75,-3.3
23,Brides Glen,53.242075,-6.142886,13.35,42,No,"Shankill, Dublin",2016,1 to 2 bed,Apartment,1197.13,1320.31,-9.3
23,Brides Glen,53.242075,-6.142886,13.35,42,No,"Shankill, Dublin",2016,1 to 3 bed,All property types,1276.1,1305.04,-2.2
23,Brides Glen,53.242075,-6.142886,13.35,42,No,"Shankill, Dublin",2016,1 to 3 bed,Semi detached house,1361.36,1390.73,-2.1
23,Brides Glen,53.242075,-6.142886,13.35,42,No,"Shankill, Dublin",2016,1 to 3 bed,Apartment,1210.95,1357.78,-10.8
23,Brides Glen,53.242075,-6.142886,13.35,42,No,"Shankill, Dublin",2016,Four plus bed,All property types,1840.91,2074.23,-11.2
0,St. Stephen's Green,53.339072,-6.261333,0.0,0,No,"Charlemont Street, Dublin 2",2017,All bedrooms,All property types,1756.84,1484.24,18.4
0,St. Stephen's Green,53.339072,-6.261333,0.0,0,No,"Charlemont Street, Dublin 2",2017,All bedrooms,Apartment,1756.84,1483.54,18.4
0,St. Stephen's Green,53.339072,-6.261333,0.0,0,No,"Charlemont Street, Dublin 2",2017,1 to 2 bed,All property types,1551.56,1353.52,14.6
0,St. Stephen's Green,53.339072,-6.261333,0.0,0,No,"Charlemont Street, Dublin 2",2017,1 to 2 bed,Apartment,1551.56,1439.19,7.8
0,St. Stephen's Green,53.339072,-6.261333,0.0,0,No,"Charlemont Street, Dublin 2",2017,1 to 3 bed,All property types,1756.84,1420.19,23.7
0,St. Stephen's Green,53.339072,-6.261333,0.0,0,No,"Charlemont Street, Dublin 2",2017,1 to 3 bed,Apartment,1756.84,1476.96,18.9
1,Harcourt,53.333358,-6.26265,0.64,2,No,"Charlemont Street, Dublin 2",2017,All bedrooms,All property types,1756.84,1484.24,18.4
1,Harcourt,53.333358,-6.26265,0.64,2,No,"Charlemont Street, Dublin 2",2017,All bedrooms,Apartment,1756.84,1483.54,18.4
1,Harcourt,53.333358,-6.26265,0.64,2,No,"Charlemont Street, Dublin 2",2017,1 to 2 bed,All property types,1551.56,1353.52,14.6
1,Harcourt,53.333358,-6.26265,0.64,2,No,"Charlemont Street, Dublin 2",2017,1 to 2 bed,Apartment,1551.56,1439.19,7.8
1,Harcourt,53.333358,-6.26265,0.64,2,No,"Charlemont Street, Dublin 2",2017,1 to 3 bed,All property types,1756.84,1420.19,23.7
1,Harcourt,53.333358,-6.26265,0.64,2,No,"Charlemont Street, Dublin 2",2017,1 to 3 bed,Apartment,1756.84,1476.96,18.9
2,Charlemont,53.330669,-6.258683,0.95,4,No,"Charlemont Street, Dublin 2",2017,All bedrooms,All property types,1756.84,1484.24,18.4
2,Charlemont,53.330669,-6.258683,0.95,4,No,"Charlemont Street, Dublin 2",2017,All bedrooms,Apartment,1756.84,1483.54,18.4
2,Charlemont,53.330669,-6.258683,0.95,4,No,"Charlemont Street, Dublin 2",2017,1 to 2 bed,All property types,1551.56,1353.52,14.6
2,Charlemont,53.330669,-6.258683,0.95,4,No,"Charlemont Street, Dublin 2",2017,1 to 2 bed,Apartment,1551.56,1439.19,7.8
2,Charlemont,53.330669,-6.258683,0.95,4,No,"Charlemont Street, Dublin 2",2017,1 to 3 bed,All property types,1756.84,1420.19,23.7
2,Charlemont,53.330669,-6.258683,0.95,4,No,"Charlemont Street, Dublin 2",2017,1 to 3 bed,Apartment,1756.84,1476.96,18.9
3,Ranelagh,53.326433,-6.256203,1.45,7,No,"Ranelagh, Dublin 6",2017,All bedrooms,All property types,1549.73,1484.24,4.4
3,Ranelagh,53.326433,-6.256203,1.45,7,No,"Ranelagh, Dublin 6",2017,All bedrooms,Semi detached house,2462.28,1669.39,47.5
3,Ranelagh,53.326433,-6.256203,1.45,7,No,"Ranelagh, Dublin 6",2017,All bedrooms,Terrace house,2354.71,1582.87,48.8
3,Ranelagh,53.326433,-6.256203,1.45,7,No,"Ranelagh, Dublin 6",2017,All bedrooms,Apartment,1524.48,1483.54,2.8
3,Ranelagh,53.326433,-6.256203,1.45,7,No,"Ranelagh, Dublin 6",2017,All bedrooms,Other flats,1023.82,947.51,8.1
3,Ranelagh,53.326433,-6.256203,1.45,7,No,"Ranelagh, Dublin 6",2017,One bed,All property types,1082.44,1103.77,-1.9
3,Ranelagh,53.326433,-6.256203,1.45,7,No,"Ranelagh, Dublin 6",2017,One bed,Apartment,1347.25,1240.77,8.6
3,Ranelagh,53.326433,-6.256203,1.45,7,No,"Ranelagh, Dublin 6",2017,One bed,Other flats,923.33,856.61,7.8
3,Ranelagh,53.326433,-6.256203,1.45,7,No,"Ranelagh, Dublin 6",2017,Two bed,All property types,1673.57,1507.88,11.0
3,Ranelagh,53.326433,-6.256203,1.45,7,No,"Ranelagh, Dublin 6",2017,Two bed,Terrace house,1809.36,1419.68,27.4
3,Ranelagh,53.326433,-6.256203,1.45,7,No,"Ranelagh, Dublin 6",2017,Two bed,Apartment,1729.73,1536.11,12.6
3,Ranelagh,53.326433,-6.256203,1.45,7,No,"Ranelagh, Dublin 6",2017,Two bed,Other flats,1316.64,1266.79,3.9
3,Ranelagh,53.326433,-6.256203,1.45,7,No,"Ranelagh, Dublin 6",2017,Three bed,All property types,2360.71,1648.24,43.2
3,Ranelagh,53.326433,-6.256203,1.45,7,No,"Ranelagh, Dublin 6",2017,Three bed,Semi detached house,2396.14,1541.81,55.4
3,Ranelagh,53.326433,-6.256203,1.45,7,No,"Ranelagh, Dublin 6",2017,Three bed,Terrace house,2469.23,1591.69,55.1
3,Ranelagh,53.326433,-6.256203,1.45,7,No,"Ranelagh, Dublin 6",2017,1 to 2 bed,All property types,1275.05,1353.52,-5.8
3,Ranelagh,53.326433,-6.256203,1.45,7,No,"Ranelagh, Dublin 6",2017,1 to 2 bed,Semi detached house,1484.31,1373.48,8.1
3,Ranelagh,53.326433,-6.256203,1.45,7,No,"Ranelagh, Dublin 6",2017,1 to 2 bed,Terrace house,1646.0,1373.9,19.8
3,Ranelagh,53.326433,-6.256203,1.45,7,No,"Ranelagh, Dublin 6",2017,1 to 2 bed,Apartment,1509.14,1439.19,4.9
3,Ranelagh,53.326433,-6.256203,1.45,7,No,"Ranelagh, Dublin 6",2017,1 to 2 bed,Other flats,978.61,923.51,6.0
3,Ranelagh,53.326433,-6.256203,1.45,7,No,"Ranelagh, Dublin 6",2017,1 to 3 bed,All property types,1409.61,1420.19,-0.7
3,Ranelagh,53.326433,-6.256203,1.45,7,No,"Ranelagh, Dublin 6",2017,1 to 3 bed,Semi detached house,1985.07,1508.18,31.6
3,Ranelagh,53.326433,-6.256203,1.45,7,No,"Ranelagh, Dublin 6",2017,1 to 3 bed,Terrace house,2095.03,1487.53,40.8
3,Ranelagh,53.326433,-6.256203,1.45,7,No,"Ranelagh, Dublin 6",2017,1 to 3 bed,Apartment,1518.53,1476.96,2.8
3,Ranelagh,53.326433,-6.256203,1.45,7,No,"Ranelagh, Dublin 6",2017,1 to 3 bed,Other flats,1019.44,942.76,8.1
3,Ranelagh,53.326433,-6.256203,1.45,7,No,"Ranelagh, Dublin 6",2017,Four plus bed,All property types,3012.73,2228.8,35.2
3,Ranelagh,53.326433,-6.256203,1.45,7,No,"Ranelagh, Dublin 6",2017,Four plus bed,Semi detached house,3156.41,2094.19,50.7
3,Ranelagh,53.326433,-6.256203,1.45,7,No,"Ranelagh, Dublin 6",2017,Four plus bed,Terrace house,2983.12,2207.65,35.1
4,Beechwood,53.320822,-6.254653,2.08,9,No,"Ranelagh, Dublin 6",2017,All bedrooms,All property types,1549.73,1484.24,4.4
4,Beechwood,53.320822,-6.254653,2.08,9,No,"Ranelagh, Dublin 6",2017,All bedrooms,Semi detached house,2462.28,1669.39,47.5
4,Beechwood,53.320822,-6.254653,2.08,9,No,"Ranelagh, Dublin 6",2017,All bedrooms,Terrace house,2354.71,1582.87,48.8
4,Beechwood,53.320822,-6.254653,2.08,9,No,"Ranelagh, Dublin 6",2017,All bedrooms,Apartment,1524.48,1483.54,2.8
4,Beechwood,53.320822,-6.254653,2.08,9,No,"Ranelagh, Dublin 6",2017,All bedrooms,Other flats,1023.82,947.51,8.1
4,Beechwood,53.320822,-6.254653,2.08,9,No,"Ranelagh, Dublin 6",2017,One bed,All property types,1082.44,1103.77,-1.9
4,Beechwood,53.320822,-6.254653,2.08,9,No,"Ranelagh, Dublin 6",2017,One bed,Apartment,1347.25,1240.77,8.6
4,Beechwood,53.320822,-6.254653,2.08,9,No,"Ranelagh, Dublin 6",2017,One bed,Other flats,923.33,856.61,7.8
4,Beechwood,53.320822,-6.254653,2.08,9,No,"Ranelagh, Dublin 6",2017,Two bed,All property types,1673.57,1507.88,11.0
4,Beechwood,53.320822,-6.254653,2.08,9,No,"Ranelagh, Dublin 6",2017,Two bed,Terrace house,1809.36,1419.68,27.4
4,Beechwood,53.320822,-6.254653,2.08,9,No,"Ranelagh, Dublin 6",2017,Two bed,Apartment,1729.73,1536.11,12.6
4,Beechwood,53.320822,-6.254653,2.08,9,No,"Ranelagh, Dublin 6",2017,Two bed,Other flats,1316.64,1266.79,3.9
4,Beechwood,53.320822,-6.254653,2.08,9,No,"Ranelagh, Dublin 6",2017,Three bed,All property types,2360.71,1648.24,43.2
4,Beechwood,53.320822,-6.254653,2.08,9,No,"Ranelagh, Dublin 6",2017,Three bed,Semi detached house,2396.14,1541.81,55.4
4,Beechwood,53.320822,-6.254653,2.08,9,No,"Ranelagh, Dublin 6",2017,Three bed,Terrace house,2469.23,1591.69,55.1
4,Beechwood,53.320822,-6.254653,2.08,9,No,"Ranelagh, Dublin 6",2017,1 to 2 bed,All property types,1275.05,1353.52,-5.8
4,Beechwood,53.320822,-6.254653,2.08,9,No,"Ranelagh, Dublin 6",2017,1 to 2 bed,Semi detached house,1484.31,1373.48,8.1
4,Beechwood,53.320822,-6.254653,2.08,9,No,"Ranelagh, Dublin 6",2017,1 to 2 bed,Terrace house,1646.0,1373.9,19.8
4,Beechwood,53.320822,-6.254653,2.08,9,No,"Ranelagh, Dublin 6",2017,1 to 2 bed,Apartment,1509.14,1439.19,4.9
4,Beechwood,53.320822,-6.254653,2.08,9,No,"Ranelagh, Dublin 6",2017,1 to 2 bed,Other flats,978.61,923.51,6.0
4,Beechwood,53.320822,-6.254653,2.08,9,No,"Ranelagh, Dublin 6",2017,1 to 3 bed,All property types,1409.61,1420.19,-0.7
4,Beechwood,53.320822,-6.254653,2.08,9,No,"Ranelagh, Dublin 6",2017,1 to 3 bed,Semi detached house,1985.07,1508.18,31.6
4,Beechwood,53.320822,-6.254653,2.08,9,No,"Ranelagh, Dublin 6",2017,1 to 3 bed,Terrace house,2095.03,1487.53,40.8
4,Beechwood,53.320822,-6.254653,2.08,9,No,"Ranelagh, Dublin 6",2017,1 to 3 bed,Apartment,1518.53,1476.96,2.8
4,Beechwood,53.320822,-6.254653,2.08,9,No,"Ranelagh, Dublin 6",2017,1 to 3 bed,Other flats,1019.44,942.76,8.1
4,Beechwood,53.320822,-6.254653,2.08,9,No,"Ranelagh, Dublin 6",2017,Four plus bed,All property types,3012.73,2228.8,35.2
4,Beechwood,53.320822,-6.254653,2.08,9,No,"Ranelagh, Dublin 6",2017,Four plus bed,Semi detached house,3156.41,2094.19,50.7
4,Beechwood,53.320822,-6.254653,2.08,9,No,"Ranelagh, Dublin 6",2017,Four plus bed,Terrace house,2983.12,2207.65,35.1
5,Cowper,53.316467,-6.253447,2.57,11,No,"Ranelagh, Dublin 6",2017,All bedrooms,All property types,1549.73,1484.24,4.4
5,Cowper,53.316467,-6.253447,2.57,11,No,"Ranelagh, Dublin 6",2017,All bedrooms,Semi detached house,2462.28,1669.39,47.5
5,Cowper,53.316467,-6.253447,2.57,11,No,"Ranelagh, Dublin 6",2017,All bedrooms,Terrace house,2354.71,1582.87,48.8
5,Cowper,53.316467,-6.253447,2.57,11,No,"Ranelagh, Dublin 6",2017,All bedrooms,Apartment,1524.48,1483.54,2.8
5,Cowper,53.316467,-6.253447,2.57,11,No,"Ranelagh, Dublin 6",2017,All bedrooms,Other flats,1023.82,947.51,8.1
5,Cowper,53.316467,-6.253447,2.57,11,No,"Ranelagh, Dublin 6",2017,One bed,All property types,1082.44,1103.77,-1.9
5,Cowper,53.316467,-6.253447,2.57,11,No,"Ranelagh, Dublin 6",2017,One bed,Apartment,1347.25,1240.77,8.6
5,Cowper,53.316467,-6.253447,2.57,11,No,"Ranelagh, Dublin 6",2017,One bed,Other flats,923.33,856.61,7.8
5,Cowper,53.316467,-6.253447,2.57,11,No,"Ranelagh, Dublin 6",2017,Two bed,All property types,1673.57,1507.88,11.0
5,Cowper,53.316467,-6.253447,2.57,11,No,"Ranelagh, Dublin 6",2017,Two bed,Terrace house,1809.36,1419.68,27.4
5,Cowper,53.316467,-6.253447,2.57,11,No,"Ranelagh, Dublin 6",2017,Two bed,Apartment,1729.73,1536.11,12.6
5,Cowper,53.316467,-6.253447,2.57,11,No,"Ranelagh, Dublin 6",2017,Two bed,Other flats,1316.64,1266.79,3.9
5,Cowper,53.316467,-6.253447,2.57,11,No,"Ranelagh, Dublin 6",2017,Three bed,All property types,2360.71,1648.24,43.2
5,Cowper,53.316467,-6.253447,2.57,11,No,"Ranelagh, Dublin 6",2017,Three bed,Semi detached house,2396.14,1541.81,55.4
5,Cowper,53.316467,-6.253447,2.57,11,No,"Ranelagh, Dublin 6",2017,Three bed,Terrace house,2469.23,1591.69,55.1
5,Cowper,53.316467,-6.253447,2.57,11,No,"Ranelagh, Dublin 6",2017,1 to 2 bed,All property types,1275.05,1353.52,-5.8
5,Cowper,53.316467,-6.253447,2.57,11,No,"Ranelagh, Dublin 6",2017,1 to 2 bed,Semi detached house,1484.31,1373.48,8.1
5,Cowper,53.316467,-6.253447,2.57,11,No,"Ranelagh, Dublin 6",2017,1 to 2 bed,Terrace house,1646.0,1373.9,19.8
5,Cowper,53.316467,-6.253447,2.57,11,No,"Ranelagh, Dublin 6",2017,1 to 2 bed,Apartment,1509.14,1439.19,4.9
5,Cowper,53.316467,-6.253447,2.57,11,No,"Ranelagh, Dublin 6",2017,1 to 2 bed,Other flats,978.61,923.51,6.0
5,Cowper,53.316467,-6.253447,2.57,11,No,"Ranelagh, Dublin 6",2017,1 to 3 bed,All property types,1409.61,1420.19,-0.7
5,Cowper,53.316467,-6.253447,2.57,11,No,"Ranelagh, Dublin 6",2017,1 to 3 bed,Semi detached house,1985.07,1508.18,31.6
5,Cowper,53.316467,-6.253447,2.57,11,No,"Ranelagh, Dublin 6",2017,1 to 3 bed,Terrace house,2095.03,1487.53,40.8
5,Cowper,53.316467,-6.253447,2.57,11,No,"Ranelagh, Dublin 6",2017,1 to 3 bed,Apartment,1518.53,1476.96,2.8
5,Cowper,53.316467,-6.253447,2.57,11,No,"Ranelagh, Dublin 6",2017,1 to 3 bed,Other flats,1019.44,942.76,8.1
5,Cowper,53.316467,-6.253447,2.57,11,No,"Ranelagh, Dublin 6",2017,Four plus bed,All property types,3012.73,2228.8,35.2
5,Cowper,53.316467,-6.253447,2.57,11,No,"Ranelagh, Dublin 6",2017,Four plus bed,Semi detached house,3156.41,2094.19,50.7
5,Cowper,53.316467,-6.253447,2.57,11,No,"Ranelagh, Dublin 6",2017,Four plus bed,Terrace house,2983.12,2207.65,35.1
6,Milltown,53.309917,-6.251728,3.3,13,No,"Milltown, Dublin 6",2017,All bedrooms,All property types,1759.32,1484.24,18.5
6,Milltown,53.309917,-6.251728,3.3,13,No,"Milltown, Dublin 6",2017,All bedrooms,Terrace house,2063.37,1582.87,30.4
6,Milltown,53.309917,-6.251728,3.3,13,No,"Milltown, Dublin 6",2017,All bedrooms,Apartment,1668.58,1483.54,12.5
6,Milltown,53.309917,-6.251728,3.3,13,No,"Milltown, Dublin 6",2017,One bed,All property types,1239.54,1103.77,12.3
6,Milltown,53.309917,-6.251728,3.3,13,No,"Milltown, Dublin 6",2017,One bed,Apartment,1247.45,1240.77,0.5
6,Milltown,53.309917,-6.251728,3.3,13,No,"Milltown, Dublin 6",2017,Two bed,All property types,1791.61,1507.88,18.8
6,Milltown,53.309917,-6.251728,3.3,13,No,"Milltown, Dublin 6",2017,Two bed,Terrace house,1673.04,1419.68,17.8
6,Milltown,53.309917,-6.251728,3.3,13,No,"Milltown, Dublin 6",2017,Two bed,Apartment,1809.96,1536.11,17.8
6,Milltown,53.309917,-6.251728,3.3,13,No,"Milltown, Dublin 6",2017,Three bed,All property types,2176.83,1648.24,32.1
6,Milltown,53.309917,-6.251728,3.3,13,No,"Milltown, Dublin 6",2017,Three bed,Apartment,2217.13,1883.38,17.7
6,Milltown,53.309917,-6.251728,3.3,13,No,"Milltown, Dublin 6",2017,1 to 2 bed,All property types,1580.64,1353.52,16.8
6,Milltown,53.309917,-6.251728,3.3,13,No,"Milltown, Dublin 6",2017,1 to 2 bed,Terrace house,1670.76,1373.9,21.6
6,Milltown,53.309917,-6.251728,3.3,13,No,"Milltown, Dublin 6",2017,1 to 2 bed,Apartment,1579.34,1439.19,9.7
6,Milltown,53.309917,-6.251728,3.3,13,No,"Milltown, Dublin 6",2017,1 to 3 bed,All property types,1685.49,1420.19,18.7
6,Milltown,53.309917,-6.251728,3.3,13,No,"Milltown, Dublin 6",2017,1 to 3 bed,Terrace house,1847.4,1487.53,24.2
6,Milltown,53.309917,-6.251728,3.3,13,No,"Milltown, Dublin 6",2017,1 to 3 bed,Apartment,1662.33,1476.96,12.6
6,Milltown,53.309917,-6.251728,3.3,13,No,"Milltown, Dublin 6",2017,Four plus bed,All property types,2887.46,2228.8,29.6
7,Windy Arbour,53.301558,-6.250708,4.23,15,No,"Churchtown, Dublin 14",2017,All bedrooms,All property types,1782.54,1484.24,20.1
7,Windy Arbour,53.301558,-6.250708,4.23,15,No,"Churchtown, Dublin 14",2017,All bedrooms,Semi detached house,1957.5,1669.39,17.3
7,Windy Arbour,53.301558,-6.250708,4.23,15,No,"Churchtown, Dublin 14",2017,All bedrooms,Terrace house,1727.84,1582.87,9.2
7,Windy Arbour,53.301558,-6.250708,4.23,15,No,"Churchtown, Dublin 14",2017,All bedrooms,Apartment,1426.3,1483.54,-3.9
7,Windy Arbour,53.301558,-6.250708,4.23,15,No,"Churchtown, Dublin 14",2017,Two bed,All property types,1531.3,1507.88,1.6
7,Windy Arbour,53.301558,-6.250708,4.23,15,No,"Churchtown, Dublin 14",2017,Two bed,Apartment,1498.09,1536.11,-2.5
7,Windy Arbour,53.301558,-6.250708,4.23,15,No,"Churchtown, Dublin 14",2017,Three bed,All property types,1764.63,1648.24,7.1
7,Windy Arbour,53.301558,-6.250708,4.23,15,No,"Churchtown, Dublin 14",2017,Three bed,Semi detached house,1692.29,1541.81,9.8
7,Windy Arbour,53.301558,-6.250708,4.23,15,No,"Churchtown, Dublin 14",2017,1 to 2 bed,All property types,1463.51,1353.52,8.1
7,Windy Arbour,53.301558,-6.250708,4.23,15,No,"Churchtown, Dublin 14",2017,1 to 2 bed,Apartment,1424.98,1439.19,-1.0
7,Windy Arbour,53.301558,-6.250708,4.23,15,No,"Churchtown, Dublin 14",2017,1 to 3 bed,All property types,1590.41,1420.19,12.0
7,Windy Arbour,53.301558,-6.250708,4.23,15,No,"Churchtown, Dublin 14",2017,1 to 3 bed,Semi detached house,1661.78,1508.18,10.2
7,Windy Arbour,53.301558,-6.250708,4.23,15,No,"Churchtown, Dublin 14",2017,1 to 3 bed,Terrace house,1737.22,1487.53,16.8
7,Windy Arbour,53.301558,-6.250708,4.23,15,No,"Churchtown, Dublin 14",2017,1 to 3 bed,Apartment,1426.3,1476.96,-3.4
7,Windy Arbour,53.301558,-6.250708,4.23,15,No,"Churchtown, Dublin 14",2017,Four plus bed,All property types,2490.38,2228.8,11.7
8,Dundrum,53.292358,-6.245117,5.3,17,No,"Dundrum, Dublin 16",2017,All bedrooms,All property types,1791.4,1484.24,20.7
8,Dundrum,53.292358,-6.245117,5.3,17,No,"Dundrum, Dublin 16",2017,All bedrooms,Semi detached house,2056.84,1669.39,23.2
8,Dundrum,53.292358,-6.245117,5.3,17,No,"Dundrum, Dublin 16",2017,All bedrooms,Terrace house,1824.85,1582.87,15.3
8,Dundrum,53.292358,-6.245117,5.3,17,No,"Dundrum, Dublin 16",2017,All bedrooms,Apartment,1729.12,1483.54,16.6
8,Dundrum,53.292358,-6.245117,5.3,17,No,"Dundrum, Dublin 16",2017,One bed,All property types,1448.84,1103.77,31.3
8,Dundrum,53.292358,-6.245117,5.3,17,No,"Dundrum, Dublin 16",2017,One bed,Apartment,1492.44,1240.77,20.3
8,Dundrum,53.292358,-6.245117,5.3,17,No,"Dundrum, Dublin 16",2017,Two bed,All property types,1730.9,1507.88,14.8
8,Dundrum,53.292358,-6.245117,5.3,17,No,"Dundrum, Dublin 16",2017,Two bed,Apartment,1739.62,1536.11,13.2
8,Dundrum,53.292358,-6.245117,5.3,17,No,"Dundrum, Dublin 16",2017,Three bed,All property types,2021.02,1648.24,22.6
8,Dundrum,53.292358,-6.245117,5.3,17,No,"Dundrum, Dublin 16",2017,Three bed,Semi detached house,1855.71,1541.81,20.4
8,Dundrum,53.292358,-6.245117,5.3,17,No,"Dundrum, Dublin 16",2017,Three bed,Terrace house,1970.83,1591.69,23.8
8,Dundrum,53.292358,-6.245117,5.3,17,No,"Dundrum, Dublin 16",2017,Three bed,Apartment,2258.11,1883.38,19.9
8,Dundrum,53.292358,-6.245117,5.3,17,No,"Dundrum, Dublin 16",2017,1 to 2 bed,All property types,1666.16,1353.52,23.1
8,Dundrum,53.292358,-6.245117,5.3,17,No,"Dundrum, Dublin 16",2017,1 to 2 bed,Apartment,1683.52,1439.19,17.0
8,Dundrum,53.292358,-6.245117,5.3,17,No,"Dundrum, Dublin 16",2017,1 to 3 bed,All property types,1738.06,1420.19,22.4
8,Dundrum,53.292358,-6.245117,5.3,17,No,"Dundrum, Dublin 16",2017,1 to 3 bed,Semi detached house,1835.53,1508.18,21.7
8,Dundrum,53.292358,-6.245117,5.3,17,No,"Dundrum, Dublin 16",2017,1 to 3 bed,Terrace house,1815.61,1487.53,22.1
8,Dundrum,53.292358,-6.245117,5.3,17,No,"Dundrum, Dublin 16",2017,1 to 3 bed,Apartment,1725.98,1476.96,16.9
8,Dundrum,53.292358,-6.245117,5.3,17,No,"Dundrum, Dublin 16",2017,Four plus bed,All property types,2358.07,2228.8,5.8
8,Dundrum,53.292358,-6.245117,5.3,17,No,"Dundrum, Dublin 16",2017,Four plus bed,Semi detached house,2386.55,2094.19,14.0
9,Balally,53.286106,-6.236772,6.11,19,Yes,"Dundrum, Dublin 16",2017,All bedrooms,All property types,1791.4,1484.24,20.7
9,Balally,53.286106,-6.236772,6.11,19,Yes,"Dundrum, Dublin 16",2017,All bedrooms,Semi detached house,2056.84,1669.39,23.2
9,Balally,53.286106,-6.236772,6.11,19,Yes,"Dundrum, Dublin 16",2017,All bedrooms,Terrace house,1824.85,1582.87,15.3
9,Balally,53.286106,-6.236772,6.11,19,Yes,"Dundrum, Dublin 16",2017,All bedrooms,Apartment,1729.12,1483.54,16.6
9,Balally,53.286106,-6.236772,6.11,19,Yes,"Dundrum, Dublin 16",2017,One bed,All property types,1448.84,1103.77,31.3
9,Balally,53.286106,-6.236772,6.11,19,Yes,"Dundrum, Dublin 16",2017,One bed,Apartment,1492.44,1240.77,20.3
9,Balally,53.286106,-6.236772,6.11,19,Yes,"Dundrum, Dublin 16",2017,Two bed,All property types,1730.9,1507.88,14.8
9,Balally,53.286106,-6.236772,6.11,19,Yes,"Dundrum, Dublin 16",2017,Two bed,Apartment,1739.62,1536.11,13.2
9,Balally,53.286106,-6.236772,6.11,19,Yes,"Dundrum, Dublin 16",2017,Three bed,All property types,2021.02,1648.24,22.6
9,Balally,53.286106,-6.236772,6.11,19,Yes,"Dundrum, Dublin 16",2017,Three bed,Semi detached house,1855.71,1541.81,20.4
9,Balally,53.286106,-6.236772,6.11,19,Yes,"Dundrum, Dublin 16",2017,Three bed,Terrace house,1970.83,1591.69,23.8
9,Balally,53.286106,-6.236772,6.11,19,Yes,"Dundrum, Dublin 16",2017,Three bed,Apartment,2258.11,1883.38,19.9
9,Balally,53.286106,-6.236772,6.11,19,Yes,"Dundrum, Dublin 16",2017,1 to 2 bed,All property types,1666.16,1353.52,23.1
9,Balally,53.286106,-6.236772,6.11,19,Yes,"Dundrum, Dublin 16",2017,1 to 2 bed,Apartment,1683.52,1439.19,17.0
9,Balally,53.286106,-6.236772,6.11,19,Yes,"Dundrum, Dublin 16",2017,1 to 3 bed,All property types,1738.06,1420.19,22.4
9,Balally,53.286106,-6.236772,6.11,19,Yes,"Dundrum, Dublin 16",2017,1 to 3 bed,Semi detached house,1835.53,1508.18,21.7
9,Balally,53.286106,-6.236772,6.11,19,Yes,"Dundrum, Dublin 16",2017,1 to 3 bed,Terrace house,1815.61,1487.53,22.1
9,Balally,53.286106,-6.236772,6.11,19,Yes,"Dundrum, Dublin 16",2017,1 to 3 bed,Apartment,1725.98,1476.96,16.9
9,Balally,53.286106,-6.236772,6.11,19,Yes,"Dundrum, Dublin 16",2017,Four plus bed,All property types,2358.07,2228.8,5.8
9,Balally,53.286106,-6.236772,6.11,19,Yes,"Dundrum, Dublin 16",2017,Four plus bed,Semi detached house,2386.55,2094.19,14.0
10,Kilmacud,53.283008,-6.223886,6.71,21,No,"Stillorgan, Dublin",2017,All bedrooms,All property types,1806.03,1484.24,21.7
10,Kilmacud,53.283008,-6.223886,6.71,21,No,"Stillorgan, Dublin",2017,All bedrooms,Detached house,2414.47,2126.86,13.5
10,Kilmacud,53.283008,-6.223886,6.71,21,No,"Stillorgan, Dublin",2017,All bedrooms,Semi detached house,2094.09,1669.39,25.4
10,Kilmacud,53.283008,-6.223886,6.71,21,No,"Stillorgan, Dublin",2017,All bedrooms,Terrace house,1982.68,1582.87,25.3
10,Kilmacud,53.283008,-6.223886,6.71,21,No,"Stillorgan, Dublin",2017,All bedrooms,Apartment,1679.24,1483.54,13.2
10,Kilmacud,53.283008,-6.223886,6.71,21,No,"Stillorgan, Dublin",2017,One bed,All property types,1344.5,1103.77,21.8
10,Kilmacud,53.283008,-6.223886,6.71,21,No,"Stillorgan, Dublin",2017,One bed,Apartment,1356.63,1240.77,9.3
10,Kilmacud,53.283008,-6.223886,6.71,21,No,"Stillorgan, Dublin",2017,Two bed,All property types,1684.67,1507.88,11.7
10,Kilmacud,53.283008,-6.223886,6.71,21,No,"Stillorgan, Dublin",2017,Two bed,Apartment,1685.7,1536.11,9.7
10,Kilmacud,53.283008,-6.223886,6.71,21,No,"Stillorgan, Dublin",2017,Three bed,All property types,1974.2,1648.24,19.8
10,Kilmacud,53.283008,-6.223886,6.71,21,No,"Stillorgan, Dublin",2017,Three bed,Semi detached house,1844.93,1541.81,19.7
10,Kilmacud,53.283008,-6.223886,6.71,21,No,"Stillorgan, Dublin",2017,Three bed,Apartment,2080.76,1883.38,10.5
10,Kilmacud,53.283008,-6.223886,6.71,21,No,"Stillorgan, Dublin",2017,1 to 2 bed,All property types,1612.92,1353.52,19.2
10,Kilmacud,53.283008,-6.223886,6.71,21,No,"Stillorgan, Dublin",2017,1 to 2 bed,Apartment,1615.05,1439.19,12.2
10,Kilmacud,53.283008,-6.223886,6.71,21,No,"Stillorgan, Dublin",2017,1 to 3 bed,All property types,1696.73,1420.19,19.5
10,Kilmacud,53.283008,-6.223886,6.71,21,No,"Stillorgan, Dublin",2017,1 to 3 bed,Semi detached house,1801.1,1508.18,19.4
10,Kilmacud,53.283008,-6.223886,6.71,21,No,"Stillorgan, Dublin",2017,1 to 3 bed,Terrace house,1833.55,1487.53,23.3
10,Kilmacud,53.283008,-6.223886,6.71,21,No,"Stillorgan, Dublin",2017,1 to 3 bed,Apartment,1669.64,1476.96,13.0
10,Kilmacud,53.283008,-6.223886,6.71,21,No,"Stillorgan, Dublin",2017,Four plus bed,All property types,2464.42,2228.8,10.6
10,Kilmacud,53.283008,-6.223886,6.71,21,No,"Stillorgan, Dublin",2017,Four plus bed,Semi detached house,2411.5,2094.19,15.2
11,Stillorgan,53.279311,-6.209919,7.47,22,Yes,"Stillorgan, Dublin",2017,All bedrooms,All property types,1806.03,1484.24,21.7
11,Stillorgan,53.279311,-6.209919,7.47,22,Yes,"Stillorgan, Dublin",2017,All bedrooms,Detached house,2414.47,2126.86,13.5
11,Stillorgan,53.279311,-6.209919,7.47,22,Yes,"Stillorgan, Dublin",2017,All bedrooms,Semi detached house,2094.09,1669.39,25.4
11,Stillorgan,53.279311,-6.209919,7.47,22,Yes,"Stillorgan, Dublin",2017,All bedrooms,Terrace house,1982.68,1582.87,25.3
11,Stillorgan,53.279311,-6.209919,7.47,22,Yes,"Stillorgan, Dublin",2017,All bedrooms,Apartment,1679.24,1483.54,13.2
11,Stillorgan,53.279311,-6.209919,7.47,22,Yes,"Stillorgan, Dublin",2017,One bed,All property types,1344.5,1103.77,21.8
11,Stillorgan,53.279311,-6.209919,7.47,22,Yes,"Stillorgan, Dublin",2017,One bed,Apartment,1356.63,1240.77,9.3
11,Stillorgan,53.279311,-6.209919,7.47,22,Yes,"Stillorgan, Dublin",2017,Two bed,All property types,1684.67,1507.88,11.7
11,Stillorgan,53.279311,-6.209919,7.47,22,Yes,"Stillorgan, Dublin",2017,Two bed,Apartment,1685.7,1536.11,9.7
11,Stillorgan,53.279311,-6.209919,7.47,22,Yes,"Stillorgan, Dublin",2017,Three bed,All property types,1974.2,1648.24,19.8
11,Stillorgan,53.279311,-6.209919,7.47,22,Yes,"Stillorgan, Dublin",2017,Three bed,Semi detached house,1844.93,1541.81,19.7
11,Stillorgan,53.279311,-6.209919,7.47,22,Yes,"Stillorgan, Dublin",2017,Three bed,Apartment,2080.76,1883.38,10.5
11,Stillorgan,53.279311,-6.209919,7.47,22,Yes,"Stillorgan, Dublin",2017,1 to 2 bed,All property types,1612.92,1353.52,19.2
11,Stillorgan,53.279311,-6.209919,7.47,22,Yes,"Stillorgan, Dublin",2017,1 to 2 bed,Apartment,1615.05,1439.19,12.2
11,Stillorgan,53.279311,-6.209919,7.47,22,Yes,"Stillorgan, Dublin",2017,1 to 3 bed,All property types,1696.73,1420.19,19.5
11,Stillorgan,53.279311,-6.209919,7.47,22,Yes,"Stillorgan, Dublin",2017,1 to 3 bed,Semi detached house,1801.1,1508.18,19.4
11,Stillorgan,53.279311,-6.209919,7.47,22,Yes,"Stillorgan, Dublin",2017,1 to 3 bed,Terrace house,1833.55,1487.53,23.3
11,Stillorgan,53.279311,-6.209919,7.47,22,Yes,"Stillorgan, Dublin",2017,1 to 3 bed,Apartment,1669.64,1476.96,13.0
11,Stillorgan,53.279311,-6.209919,7.47,22,Yes,"Stillorgan, Dublin",2017,Four plus bed,All property types,2464.42,2228.8,10.6
11,Stillorgan,53.279311,-6.209919,7.47,22,Yes,"Stillorgan, Dublin",2017,Four plus bed,Semi detached house,2411.5,2094.19,15.2
12,Sandyford,53.277603,-6.204678,7.8,24,Yes,"Sandyford, Dublin 18",2017,All bedrooms,All property types,1682.85,1484.24,13.4
12,Sandyford,53.277603,-6.204678,7.8,24,Yes,"Sandyford, Dublin 18",2017,All bedrooms,Semi detached house,1923.59,1669.39,15.2
12,Sandyford,53.277603,-6.204678,7.8,24,Yes,"Sandyford, Dublin 18",2017,All bedrooms,Terrace house,1792.36,1582.87,13.2
12,Sandyford,53.277603,-6.204678,7.8,24,Yes,"Sandyford, Dublin 18",2017,All bedrooms,Apartment,1661.24,1483.54,12.0
12,Sandyford,53.277603,-6.204678,7.8,24,Yes,"Sandyford, Dublin 18",2017,One bed,All property types,1371.01,1103.77,24.2
12,Sandyford,53.277603,-6.204678,7.8,24,Yes,"Sandyford, Dublin 18",2017,One bed,Apartment,1397.32,1240.77,12.6
12,Sandyford,53.277603,-6.204678,7.8,24,Yes,"Sandyford, Dublin 18",2017,Two bed,All property types,1672.07,1507.88,10.9
12,Sandyford,53.277603,-6.204678,7.8,24,Yes,"Sandyford, Dublin 18",2017,Two bed,Apartment,1673.15,1536.11,8.9
12,Sandyford,53.277603,-6.204678,7.8,24,Yes,"Sandyford, Dublin 18",2017,Three bed,All property types,1928.96,1648.24,17.0
12,Sandyford,53.277603,-6.204678,7.8,24,Yes,"Sandyford, Dublin 18",2017,Three bed,Semi detached house,1764.16,1541.81,14.4
12,Sandyford,53.277603,-6.204678,7.8,24,Yes,"Sandyford, Dublin 18",2017,Three bed,Apartment,2023.07,1883.38,7.4
12,Sandyford,53.277603,-6.204678,7.8,24,Yes,"Sandyford, Dublin 18",2017,1 to 2 bed,All property types,1607.54,1353.52,18.8
12,Sandyford,53.277603,-6.204678,7.8,24,Yes,"Sandyford, Dublin 18",2017,1 to 2 bed,Apartment,1615.59,1439.19,12.3
12,Sandyford,53.277603,-6.204678,7.8,24,Yes,"Sandyford, Dublin 18",2017,1 to 3 bed,All property types,1658.19,1420.19,16.8
12,Sandyford,53.277603,-6.204678,7.8,24,Yes,"Sandyford, Dublin 18",2017,1 to 3 bed,Semi detached house,1748.33,1508.18,15.9
12,Sandyford,53.277603,-6.204678,7.8,24,Yes,"Sandyford, Dublin 18",2017,1 to 3 bed,Terrace house,1671.06,1487.53,12.3
12,Sandyford,53.277603,-6.204678,7.8,24,Yes,"Sandyford, Dublin 18",2017,1 to 3 bed,Apartment,1659.19,1476.96,12.3
12,Sandyford,53.277603,-6.204678,7.8,24,Yes,"Sandyford, Dublin 18",2017,Four plus bed,All property types,2261.86,2228.8,1.5
12,Sandyford,53.277603,-6.204678,7.8,24,Yes,"Sandyford, Dublin 18",2017,Four plus bed,Semi detached house,2152.43,2094.19,2.8
13,Central Park,53.27015,-6.203764,8.57,26,No,"Leopardstown, Dublin 18",2017,All bedrooms,All property types,1869.3,1484.24,25.9
13,Central Park,53.27015,-6.203764,8.57,26,No,"Leopardstown, Dublin 18",2017,All bedrooms,Semi detached house,1952.94,1669.39,17.0
13,Central Park,53.27015,-6.203764,8.57,26,No,"Leopardstown, Dublin 18",2017,All bedrooms,Apartment,1847.36,1483.54,24.5
13,Central Park,53.27015,-6.203764,8.57,26,No,"Leopardstown, Dublin 18",2017,One bed,All property types,1630.17,1103.77,47.7
13,Central Park,53.27015,-6.203764,8.57,26,No,"Leopardstown, Dublin 18",2017,One bed,Apartment,1630.17,1240.77,31.4
13,Central Park,53.27015,-6.203764,8.57,26,No,"Leopardstown, Dublin 18",2017,Two bed,All property types,1845.64,1507.88,22.4
13,Central Park,53.27015,-6.203764,8.57,26,No,"Leopardstown, Dublin 18",2017,Two bed,Apartment,1842.44,1536.11,19.9
13,Central Park,53.27015,-6.203764,8.57,26,No,"Leopardstown, Dublin 18",2017,Three bed,All property types,2021.64,1648.24,22.7
13,Central Park,53.27015,-6.203764,8.57,26,No,"Leopardstown, Dublin 18",2017,Three bed,Semi detached house,1766.76,1541.81,14.6
13,Central Park,53.27015,-6.203764,8.57,26,No,"Leopardstown, Dublin 18",2017,Three bed,Apartment,2351.42,1883.38,24.9
13,Central Park,53.27015,-6.203764,8.57,26,No,"Leopardstown, Dublin 18",2017,1 to 2 bed,All property types,1793.71,1353.52,32.5
13,Central Park,53.27015,-6.203764,8.57,26,No,"Leopardstown, Dublin 18",2017,1 to 2 bed,Apartment,1790.66,1439.19,24.4
13,Central Park,53.27015,-6.203764,8.57,26,No,"Leopardstown, Dublin 18",2017,1 to 3 bed,All property types,1839.74,1420.19,29.5
13,Central Park,53.27015,-6.203764,8.57,26,No,"Leopardstown, Dublin 18",2017,1 to 3 bed,Semi detached house,1771.33,1508.18,17.4
13,Central Park,53.27015,-6.203764,8.57,26,No,"Leopardstown, Dublin 18",2017,1 to 3 bed,Apartment,1847.23,1476.96,25.1
13,Central Park,53.27015,-6.203764,8.57,26,No,"Leopardstown, Dublin 18",2017,Four plus bed,All property types,2244.16,2228.8,0.7
13,Central Park,53.27015,-6.203764,8.57,26,No,"Leopardstown, Dublin 18",2017,Four plus bed,Semi detached house,2261.68,2094.19,8.0
14,Glencairn,53.266336,-6.209942,8.78,28,No,"Leopardstown, Dublin 18",2017,All bedrooms,All property types,1869.3,1484.24,25.9
14,Glencairn,53.266336,-6.209942,8.78,28,No,"Leopardstown, Dublin 18",2017,All bedrooms,Semi detached house,1952.94,1669.39,17.0
14,Glencairn,53.266336,-6.209942,8.78,28,No,"Leopardstown, Dublin 18",2017,All bedrooms,Apartment,1847.36,1483.54,24.5
14,Glencairn,53.266336,-6.209942,8.78,28,No,"Leopardstown, Dublin 18",2017,One bed,All property types,1630.17,1103.77,47.7
14,Glencairn,53.266336,-6.209942,8.78,28,No,"Leopardstown, Dublin 18",2017,One bed,Apartment,1630.17,1240.77,31.4
14,Glencairn,53.266336,-6.209942,8.78,28,No,"Leopardstown, Dublin 18",2017,Two bed,All property types,1845.64,1507.88,22.4
14,Glencairn,53.266336,-6.209942,8.78,28,No,"Leopardstown, Dublin 18",2017,Two bed,Apartment,1842.44,1536.11,19.9
14,Glencairn,53.266336,-6.209942,8.78,28,No,"Leopardstown, Dublin 18",2017,Three bed,All property types,2021.64,1648.24,22.7
14,Glencairn,53.266336,-6.209942,8.78,28,No,"Leopardstown, Dublin 18",2017,Three bed,Semi detached house,1766.76,1541.81,14.6
14,Glencairn,53.266336,-6.209942,8.78,28,No,"Leopardstown, Dublin 18",2017,Three bed,Apartment,2351.42,1883.38,24.9
14,Glencairn,53.266336,-6.209942,8.78,28,No,"Leopardstown, Dublin 18",2017,1 to 2 bed,All property types,1793.71,1353.52,32.5
14,Glencairn,53.266336,-6.209942,8.78,28,No,"Leopardstown, Dublin 18",2017,1 to 2 bed,Apartment,1790.66,1439.19,24.4
14,Glencairn,53.266336,-6.209942,8.78,28,No,"Leopardstown, Dublin 18",2017,1 to 3 bed,All property types,1839.74,1420.19,29.5
14,Glencairn,53.266336,-6.209942,8.78,28,No,"Leopardstown, Dublin 18",2017,1 to 3 bed,Semi detached house,1771.33,1508.18,17.4
14,Glencairn,53.266336,-6.209942,8.78,28,No,"Leopardstown, Dublin 18",2017,1 to 3 bed,Apartment,1847.23,1476.96,25.1
14,Glencairn,53.266336,-6.209942,8.78,28,No,"Leopardstown, Dublin 18",2017,Four plus bed,All property types,2244.16,2228.8,0.7
14,Glencairn,53.266336,-6.209942,8.78,28,No,"Leopardstown, Dublin 18",2017,Four plus bed,Semi detached house,2261.68,2094.19,8.0
15,The Gallops,53.261164,-6.206022,9.41,29,No,"Leopardstown, Dublin 18",2017,All bedrooms,All property types,1869.3,1484.24,25.9
15,The Gallops,53.261164,-6.206022,9.41,29,No,"Leopardstown, Dublin 18",2017,All bedrooms,Semi detached house,1952.94,1669.39,17.0
15,The Gallops,53.261164,-6.206022,9.41,29,No,"Leopardstown, Dublin 18",2017,All bedrooms,Apartment,1847.36,1483.54,24.5
15,The Gallops,53.261164,-6.206022,9.41,29,No,"Leopardstown, Dublin 18",2017,One bed,All property types,1630.17,1103.77,47.7
15,The Gallops,53.261164,-6.206022,9.41,29,No,"Leopardstown, Dublin 18",2017,One bed,Apartment,1630.17,1240.77,31.4
15,The Gallops,53.261164,-6.206022,9.41,29,No,"Leopardstown, Dublin 18",2017,Two bed,All property types,1845.64,1507.88,22.4
15,The Gallops,53.261164,-6.206022,9.41,29,No,"Leopardstown, Dublin 18",2017,Two bed,Apartment,1842.44,1536.11,19.9
15,The Gallops,53.261164,-6.206022,9.41,29,No,"Leopardstown, Dublin 18",2017,Three bed,All property types,2021.64,1648.24,22.7
15,The Gallops,53.261164,-6.206022,9.41,29,No,"Leopardstown, Dublin 18",2017,Three bed,Semi detached house,1766.76,1541.81,14.6
15,The Gallops,53.261164,-6.206022,9.41,29,No,"Leopardstown, Dublin 18",2017,Three bed,Apartment,2351.42,1883.38,24.9
15,The Gallops,53.261164,-6.206022,9.41,29,No,"Leopardstown, Dublin 18",2017,1 to 2 bed,All property types,1793.71,1353.52,32.5
15,The Gallops,53.261164,-6.206022,9.41,29,No,"Leopardstown, Dublin 18",2017,1 to 2 bed,Apartment,1790.66,1439.19,24.4
15,The Gallops,53.261164,-6.206022,9.41,29,No,"Leopardstown, Dublin 18",2017,1 to 3 bed,All property types,1839.74,1420.19,29.5
15,The Gallops,53.261164,-6.206022,9.41,29,No,"Leopardstown, Dublin 18",2017,1 to 3 bed,Semi detached house,1771.33,1508.18,17.4
15,The Gallops,53.261164,-6.206022,9.41,29,No,"Leopardstown, Dublin 18",2017,1 to 3 bed,Apartment,1847.23,1476.96,25.1
15,The Gallops,53.261164,-6.206022,9.41,29,No,"Leopardstown, Dublin 18",2017,Four plus bed,All property types,2244.16,2228.8,0.7
15,The Gallops,53.261164,-6.206022,9.41,29,No,"Leopardstown, Dublin 18",2017,Four plus bed,Semi detached house,2261.68,2094.19,8.0
16,Leopardstown Valley,53.258247,-6.198361,9.91,31,No,"Leopardstown, Dublin 18",2017,All bedrooms,All property types,1869.3,1484.24,25.9
16,Leopardstown Valley,53.258247,-6.198361,9.91,31,No,"Leopardstown, Dublin 18",2017,All bedrooms,Semi detached house,1952.94,1669.39,17.0
16,Leopardstown Valley,53.258247,-6.198361,9.91,31,No,"Leopardstown, Dublin 18",2017,All bedrooms,Apartment,1847.36,1483.54,24.5
16,Leopardstown Valley,53.258247,-6.198361,9.91,31,No,"Leopardstown, Dublin 18",2017,One bed,All property types,1630.17,1103.77,47.7
16,Leopardstown Valley,53.258247,-6.198361,9.91,31,No,"Leopardstown, Dublin 18",2017,One bed,Apartment,1630.17,1240.77,31.4
16,Leopardstown Valley,53.258247,-6.198361,9.91,31,No,"Leopardstown, Dublin 18",2017,Two bed,All property types,1845.64,1507.88,22.4
16,Leopardstown Valley,53.258247,-6.198361,9.91,31,No,"Leopardstown, Dublin 18",2017,Two bed,Apartment,1842.44,1536.11,19.9
16,Leopardstown Valley,53.258247,-6.198361,9.91,31,No,"Leopardstown, Dublin 18",2017,Three bed,All property types,2021.64,1648.24,22.7
16,Leopardstown Valley,53.258247,-6.198361,9.91,31,No,"Leopardstown, Dublin 18",2017,Three bed,Semi detached house,1766.76,1541.81,14.6
16,Leopardstown Valley,53.258247,-6.198361,9.91,31,No,"Leopardstown, Dublin 18",2017,Three bed,Apartment,2351.42,1883.38,24.9
16,Leopardstown Valley,53.258247,-6.198361,9.91,31,No,"Leopardstown, Dublin 18",2017,1 to 2 bed,All property types,1793.71,1353.52,32.5
16,Leopardstown Valley,53.258247,-6.198361,9.91,31,No,"Leopardstown, Dublin 18",2017,1 to 2 bed,Apartment,1790.66,1439.19,24.4
16,Leopardstown Valley,53.258247,-6.198361,9.91,31,No,"Leopardstown, Dublin 18",2017,1 to 3 bed,All property types,1839.74,1420.19,29.5
16,Leopardstown Valley,53.258247,-6.198361,9.91,31,No,"Leopardstown, Dublin 18",2017,1 to 3 bed,Semi detached house,1771.33,1508.18,17.4
16,Leopardstown Valley,53.258247,-6.198361,9.91,31,No,"Leopardstown, Dublin 18",2017,1 to 3 bed,Apartment,1847.23,1476.96,25.1
16,Leopardstown Valley,53.258247,-6.198361,9.91,31,No,"Leopardstown, Dublin 18",2017,Four plus bed,All property types,2244.16,2228.8,0.7
16,Leopardstown Valley,53.258247,-6.198361,9.91,31,No,"Leopardstown, Dublin 18",2017,Four plus bed,Semi detached house,2261.68,2094.19,8.0
17,Ballyogan Wood,53.255047,-6.184475,10.65,33,No,"Carrickmines, Dublin 18",2017,All bedrooms,All property types,1786.04,1484.24,20.3
17,Ballyogan Wood,53.255047,-6.184475,10.65,33,No,"Carrickmines, Dublin 18",2017,All bedrooms,Apartment,1594.54,1483.54,7.5
17,Ballyogan Wood,53.255047,-6.184475,10.65,33,No,"Carrickmines, Dublin 18",2017,One bed,All property types,1365.44,1103.77,23.7
17,Ballyogan Wood,53.255047,-6.184475,10.65,33,No,"Carrickmines, Dublin 18",2017,One bed,Apartment,1365.44,1240.77,10.0
17,Ballyogan Wood,53.255047,-6.184475,10.65,33,No,"Carrickmines, Dublin 18",2017,Two bed,All property types,1674.67,1507.88,11.1
17,Ballyogan Wood,53.255047,-6.184475,10.65,33,No,"Carrickmines, Dublin 18",2017,Two bed,Apartment,1672.64,1536.11,8.9
17,Ballyogan Wood,53.255047,-6.184475,10.65,33,No,"Carrickmines, Dublin 18",2017,1 to 2 bed,All property types,1596.75,1353.52,18.0
17,Ballyogan Wood,53.255047,-6.184475,10.65,33,No,"Carrickmines, Dublin 18",2017,1 to 2 bed,Apartment,1593.37,1439.19,10.7
17,Ballyogan Wood,53.255047,-6.184475,10.65,33,No,"Carrickmines, Dublin 18",2017,1 to 3 bed,All property types,1635.31,1420.19,15.1
17,Ballyogan Wood,53.255047,-6.184475,10.65,33,No,"Carrickmines, Dublin 18",2017,1 to 3 bed,Apartment,1594.54,1476.96,8.0
18,Racecourse,53.255367,-6.175161,10.93,34,No,"Leopardstown, Dublin 18",2017,All bedrooms,All property types,1869.3,1484.24,25.9
18,Racecourse,53.255367,-6.175161,10.93,34,No,"Leopardstown, Dublin 18",2017,All bedrooms,Semi detached house,1952.94,1669.39,17.0
18,Racecourse,53.255367,-6.175161,10.93,34,No,"Leopardstown, Dublin 18",2017,All bedrooms,Apartment,1847.36,1483.54,24.5
18,Racecourse,53.255367,-6.175161,10.93,34,No,"Leopardstown, Dublin 18",2017,One bed,All property types,1630.17,1103.77,47.7
18,Racecourse,53.255367,-6.175161,10.93,34,No,"Leopardstown, Dublin 18",2017,One bed,Apartment,1630.17,1240.77,31.4
18,Racecourse,53.255367,-6.175161,10.93,34,No,"Leopardstown, Dublin 18",2017,Two bed,All property types,1845.64,1507.88,22.4
18,Racecourse,53.255367,-6.175161,10.93,34,No,"Leopardstown, Dublin 18",2017,Two bed,Apartment,1842.44,1536.11,19.9
18,Racecourse,53.255367,-6.175161,10.93,34,No,"Leopardstown, Dublin 18",2017,Three bed,All property types,2021.64,1648.24,22.7
18,Racecourse,53.255367,-6.175161,10.93,34,No,"Leopardstown, Dublin 18",2017,Three bed,Semi detached house,1766.76,1541.81,14.6
18,Racecourse,53.255367,-6.175161,10.93,34,No,"Leopardstown, Dublin 18",2017,Three bed,Apartment,2351.42,1883.38,24.9
18,Racecourse,53.255367,-6.175161,10.93,34,No,"Leopardstown, Dublin 18",2017,1 to 2 bed,All property types,1793.71,1353.52,32.5
18,Racecourse,53.255367,-6.175161,10.93,34,No,"Leopardstown, Dublin 18",2017,1 to 2 bed,Apartment,1790.66,1439.19,24.4
18,Racecourse,53.255367,-6.175161,10.93,34,No,"Leopardstown, Dublin 18",2017,1 to 3 bed,All property types,1839.74,1420.19,29.5
18,Racecourse,53.255367,-6.175161,10.93,34,No,"Leopardstown, Dublin 18",2017,1 to 3 bed,Semi detached house,1771.33,1508.18,17.4
18,Racecourse,53.255367,-6.175161,10.93,34,No,"Leopardstown, Dublin 18",2017,1 to 3 bed,Apartment,1847.23,1476.96,25.1
18,Racecourse,53.255367,-6.175161,10.93,34,No,"Leopardstown, Dublin 18",2017,Four plus bed,All property types,2244.16,2228.8,0.7
18,Racecourse,53.255367,-6.175161,10.93,34,No,"Leopardstown, Dublin 18",2017,Four plus bed,Semi detached house,2261.68,2094.19,8.0
19,Carrickmines,53.254033,-6.169908,11.24,36,Yes,"Carrickmines, Dublin 18",2017,All bedrooms,All property types,1786.04,1484.24,20.3
19,Carrickmines,53.254033,-6.169908,11.24,36,Yes,"Carrickmines, Dublin 18",2017,All bedrooms,Apartment,1594.54,1483.54,7.5
19,Carrickmines,53.254033,-6.169908,11.24,36,Yes,"Carrickmines, Dublin 18",2017,One bed,All property types,1365.44,1103.77,23.7
19,Carrickmines,53.254033,-6.169908,11.24,36,Yes,"Carrickmines, Dublin 18",2017,One bed,Apartment,1365.44,1240.77,10.0
19,Carrickmines,53.254033,-6.169908,11.24,36,Yes,"Carrickmines, Dublin 18",2017,Two bed,All property types,1674.67,1507.88,11.1
19,Carrickmines,53.254033,-6.169908,11.24,36,Yes,"Carrickmines, Dublin 18",2017,Two bed,Apartment,1672.64,1536.11,8.9
19,Carrickmines,53.254033,-6.169908,11.24,36,Yes,"Carrickmines, Dublin 18",2017,1 to 2 bed,All property types,1596.75,1353.52,18.0
19,Carrickmines,53.254033,-6.169908,11.24,36,Yes,"Carrickmines, Dublin 18",2017,1 to 2 bed,Apartment,1593.37,1439.19,10.7
19,Carrickmines,53.254033,-6.169908,11.24,36,Yes,"Carrickmines, Dublin 18",2017,1 to 3 bed,All property types,1635.31,1420.19,15.1
19,Carrickmines,53.254033,-6.169908,11.24,36,Yes,"Carrickmines, Dublin 18",2017,1 to 3 bed,Apartment,1594.54,1476.96,8.0
20,Brennanstown,53.252619,-6.161597,11.68,37,No,"Cabinteely, Dublin 18",2017,All bedrooms,All property types,1645.51,1484.24,10.9
20,Brennanstown,53.252619,-6.161597,11.68,37,No,"Cabinteely, Dublin 18",2017,All bedrooms,Detached house,2375.24,2126.86,11.7
20,Brennanstown,53.252619,-6.161597,11.68,37,No,"Cabinteely, Dublin 18",2017,All bedrooms,Semi detached house,1922.13,1669.39,15.1
20,Brennanstown,53.252619,-6.161597,11.68,37,No,"Cabinteely, Dublin 18",2017,All bedrooms,Apartment,1491.75,1483.54,0.6
20,Brennanstown,53.252619,-6.161597,11.68,37,No,"Cabinteely, Dublin 18",2017,One bed,All property types,1319.39,1103.77,19.5
20,Brennanstown,53.252619,-6.161597,11.68,37,No,"Cabinteely, Dublin 18",2017,One bed,Apartment,1344.46,1240.77,8.4
20,Brennanstown,53.252619,-6.161597,11.68,37,No,"Cabinteely, Dublin 18",2017,Two bed,All property types,1454.37,1507.88,-3.5
20,Brennanstown,53.252619,-6.161597,11.68,37,No,"Cabinteely, Dublin 18",2017,Two bed,Apartment,1449.76,1536.11,-5.6
20,Brennanstown,53.252619,-6.161597,11.68,37,No,"Cabinteely, Dublin 18",2017,Three bed,All property types,1743.04,1648.24,5.8
20,Brennanstown,53.252619,-6.161597,11.68,37,No,"Cabinteely, Dublin 18",2017,Three bed,Semi detached house,1714.77,1541.81,11.2
20,Brennanstown,53.252619,-6.161597,11.68,37,No,"Cabinteely, Dublin 18",2017,Three bed,Apartment,1695.66,1883.38,-10.0
20,Brennanstown,53.252619,-6.161597,11.68,37,No,"Cabinteely, Dublin 18",2017,1 to 2 bed,All property types,1423.45,1353.52,5.2
20,Brennanstown,53.252619,-6.161597,11.68,37,No,"Cabinteely, Dublin 18",2017,1 to 2 bed,Apartment,1426.98,1439.19,-0.8
20,Brennanstown,53.252619,-6.161597,11.68,37,No,"Cabinteely, Dublin 18",2017,1 to 3 bed,All property types,1526.35,1420.19,7.5
20,Brennanstown,53.252619,-6.161597,11.68,37,No,"Cabinteely, Dublin 18",2017,1 to 3 bed,Semi detached house,1718.43,1508.18,13.9
20,Brennanstown,53.252619,-6.161597,11.68,37,No,"Cabinteely, Dublin 18",2017,1 to 3 bed,Apartment,1481.96,1476.96,0.3
20,Brennanstown,53.252619,-6.161597,11.68,37,No,"Cabinteely, Dublin 18",2017,Four plus bed,All property types,2431.95,2228.8,9.1
21,Laughanstown,53.250606,-6.155006,12.11,39,No,"Cabinteely, Dublin 18",2017,All bedrooms,All property types,1645.51,1484.24,10.9
21,Laughanstown,53.250606,-6.155006,12.11,39,No,"Cabinteely, Dublin 18",2017,All bedrooms,Detached house,2375.24,2126.86,11.7
21,Laughanstown,53.250606,-6.155006,12.11,39,No,"Cabinteely, Dublin 18",2017,All bedrooms,Semi detached house,1922.13,1669.39,15.1
21,Laughanstown,53.250606,-6.155006,12.11,39,No,"Cabinteely, Dublin 18",2017,All bedrooms,Apartment,1491.75,1483.54,0.6
21,Laughanstown,53.250606,-6.155006,12.11,39,No,"Cabinteely, Dublin 18",2017,One bed,All property types,1319.39,1103.77,19.5
21,Laughanstown,53.250606,-6.155006,12.11,39,No,"Cabinteely, Dublin 18",2017,One bed,Apartment,1344.46,1240.77,8.4
21,Laughanstown,53.250606,-6.155006,12.11,39,No,"Cabinteely, Dublin 18",2017,Two bed,All property types,1454.37,1507.88,-3.5
21,Laughanstown,53.250606,-6.155006,12.11,39,No,"Cabinteely, Dublin 18",2017,Two bed,Apartment,1449.76,1536.11,-5.6
21,Laughanstown,53.250606,-6.155006,12.11,39,No,"Cabinteely, Dublin 18",2017,Three bed,All property types,1743.04,1648.24,5.8
21,Laughanstown,53.250606,-6.155006,12.11,39,No,"Cabinteely, Dublin 18",2017,Three bed,Semi detached house,1714.77,1541.81,11.2
21,Laughanstown,53.250606,-6.155006,12.11,39,No,"Cabinteely, Dublin 18",2017,Three bed,Apartment,1695.66,1883.38,-10.0
21,Laughanstown,53.250606,-6.155006,12.11,39,No,"Cabinteely, Dublin 18",2017,1 to 2 bed,All property types,1423.45,1353.52,5.2
21,Laughanstown,53.250606,-6.155006,12.11,39,No,"Cabinteely, Dublin 18",2017,1 to 2 bed,Apartment,1426.98,1439.19,-0.8
21,Laughanstown,53.250606,-6.155006,12.11,39,No,"Cabinteely, Dublin 18",2017,1 to 3 bed,All property types,1526.35,1420.19,7.5
21,Laughanstown,53.250606,-6.155006,12.11,39,No,"Cabinteely, Dublin 18",2017,1 to 3 bed,Semi detached house,1718.43,1508.18,13.9
21,Laughanstown,53.250606,-6.155006,12.11,39,No,"Cabinteely, Dublin 18",2017,1 to 3 bed,Apartment,1481.96,1476.96,0.3
21,Laughanstown,53.250606,-6.155006,12.11,39,No,"Cabinteely, Dublin 18",2017,Four plus bed,All property types,2431.95,2228.8,9.1
22,Cherrywood,53.245333,-6.145853,12.94,41,No,"Cabinteely, Dublin 18",2017,All bedrooms,All property types,1645.51,1484.24,10.9
22,Cherrywood,53.245333,-6.145853,12.94,41,No,"Cabinteely, Dublin 18",2017,All bedrooms,Detached house,2375.24,2126.86,11.7
22,Cherrywood,53.245333,-6.145853,12.94,41,No,"Cabinteely, Dublin 18",2017,All bedrooms,Semi detached house,1922.13,1669.39,15.1
22,Cherrywood,53.245333,-6.145853,12.94,41,No,"Cabinteely, Dublin 18",2017,All bedrooms,Apartment,1491.75,1483.54,0.6
22,Cherrywood,53.245333,-6.145853,12.94,41,No,"Cabinteely, Dublin 18",2017,One bed,All property types,1319.39,1103.77,19.5
22,Cherrywood,53.245333,-6.145853,12.94,41,No,"Cabinteely, Dublin 18",2017,One bed,Apartment,1344.46,1240.77,8.4
22,Cherrywood,53.245333,-6.145853,12.94,41,No,"Cabinteely, Dublin 18",2017,Two bed,All property types,1454.37,1507.88,-3.5
22,Cherrywood,53.245333,-6.145853,12.94,41,No,"Cabinteely, Dublin 18",2017,Two bed,Apartment,1449.76,1536.11,-5.6
22,Cherrywood,53.245333,-6.145853,12.94,41,No,"Cabinteely, Dublin 18",2017,Three bed,All property types,1743.04,1648.24,5.8
22,Cherrywood,53.245333,-6.145853,12.94,41,No,"Cabinteely, Dublin 18",2017,Three bed,Semi detached house,1714.77,1541.81,11.2
22,Cherrywood,53.245333,-6.145853,12.94,41,No,"Cabinteely, Dublin 18",2017,Three bed,Apartment,1695.66,1883.38,-10.0
22,Cherrywood,53.245333,-6.145853,12.94,41,No,"Cabinteely, Dublin 18",2017,1 to 2 bed,All property types,1423.45,1353.52,5.2
22,Cherrywood,53.245333,-6.145853,12.94,41,No,"Cabinteely, Dublin 18",2017,1 to 2 bed,Apartment,1426.98,1439.19,-0.8
22,Cherrywood,53.245333,-6.145853,12.94,41,No,"Cabinteely, Dublin 18",2017,1 to 3 bed,All property types,1526.35,1420.19,7.5
22,Cherrywood,53.245333,-6.145853,12.94,41,No,"Cabinteely, Dublin 18",2017,1 to 3 bed,Semi detached house,1718.43,1508.18,13.9
22,Cherrywood,53.245333,-6.145853,12.94,41,No,"Cabinteely, Dublin 18",2017,1 to 3 bed,Apartment,1481.96,1476.96,0.3
22,Cherrywood,53.245333,-6.145853,12.94,41,No,"Cabinteely, Dublin 18",2017,Four plus bed,All property types,2431.95,2228.8,9.1
23,Brides Glen,53.242075,-6.142886,13.35,42,No,"Shankill, Dublin",2017,All bedrooms,All property types,1514.29,1484.24,2.0
23,Brides Glen,53.242075,-6.142886,13.35,42,No,"Shankill, Dublin",2017,All bedrooms,Semi detached house,1661.49,1669.39,-0.5
23,Brides Glen,53.242075,-6.142886,13.35,42,No,"Shankill, Dublin",2017,All bedrooms,Apartment,1332.94,1483.54,-10.2
23,Brides Glen,53.242075,-6.142886,13.35,42,No,"Shankill, Dublin",2017,One bed,All property types,1053.91,1103.77,-4.5
23,Brides Glen,53.242075,-6.142886,13.35,42,No,"Shankill, Dublin",2017,Two bed,All property types,1405.38,1507.88,-6.8
23,Brides Glen,53.242075,-6.142886,13.35,42,No,"Shankill, Dublin",2017,Two bed,Apartment,1408.32,1536.11,-8.3
23,Brides Glen,53.242075,-6.142886,13.35,42,No,"Shankill, Dublin",2017,Three bed,All property types,1583.65,1648.24,-3.9
23,Brides Glen,53.242075,-6.142886,13.35,42,No,"Shankill, Dublin",2017,Three bed,Semi detached house,1562.88,1541.81,1.4
23,Brides Glen,53.242075,-6.142886,13.35,42,No,"Shankill, Dublin",2017,1 to 2 bed,All property types,1334.3,1353.52,-1.4
23,Brides Glen,53.242075,-6.142886,13.35,42,No,"Shankill, Dublin",2017,1 to 2 bed,Apartment,1321.73,1439.19,-8.2
23,Brides Glen,53.242075,-6.142886,13.35,42,No,"Shankill, Dublin",2017,1 to 3 bed,All property types,1423.69,1420.19,0.2
23,Brides Glen,53.242075,-6.142886,13.35,42,No,"Shankill, Dublin",2017,1 to 3 bed,Semi detached house,1544.17,1508.18,2.4
23,Brides Glen,53.242075,-6.142886,13.35,42,No,"Shankill, Dublin",2017,1 to 3 bed,Apartment,1332.94,1476.96,-9.8
23,Brides Glen,53.242075,-6.142886,13.35,42,No,"Shankill, Dublin",2017,Four plus bed,All property types,1914.46,2228.8,-14.1
23,Brides Glen,53.242075,-6.142886,13.35,42,No,"Shankill, Dublin",2017,Four plus bed,Semi detached house,1744.09,2094.19,-16.7
0,St. Stephen's Green,53.339072,-6.261333,0.0,0,No,"Charlemont Street, Dublin 2",2018,All bedrooms,All property types,1841.35,1609.7,14.4
0,St. Stephen's Green,53.339072,-6.261333,0.0,0,No,"Charlemont Street, Dublin 2",2018,All bedrooms,Apartment,1841.35,1602.32,14.9
0,St. Stephen's Green,53.339072,-6.261333,0.0,0,No,"Charlemont Street, Dublin 2",2018,1 to 3 bed,All property types,1841.35,1541.73,19.4
0,St. Stephen's Green,53.339072,-6.261333,0.0,0,No,"Charlemont Street, Dublin 2",2018,1 to 3 bed,Apartment,1841.35,1594.48,15.5
1,Harcourt,53.333358,-6.26265,0.64,2,No,"Charlemont Street, Dublin 2",2018,All bedrooms,All property types,1841.35,1609.7,14.4
1,Harcourt,53.333358,-6.26265,0.64,2,No,"Charlemont Street, Dublin 2",2018,All bedrooms,Apartment,1841.35,1602.32,14.9
1,Harcourt,53.333358,-6.26265,0.64,2,No,"Charlemont Street, Dublin 2",2018,1 to 3 bed,All property types,1841.35,1541.73,19.4
1,Harcourt,53.333358,-6.26265,0.64,2,No,"Charlemont Street, Dublin 2",2018,1 to 3 bed,Apartment,1841.35,1594.48,15.5
2,Charlemont,53.330669,-6.258683,0.95,4,No,"Charlemont Street, Dublin 2",2018,All bedrooms,All property types,1841.35,1609.7,14.4
2,Charlemont,53.330669,-6.258683,0.95,4,No,"Charlemont Street, Dublin 2",2018,All bedrooms,Apartment,1841.35,1602.32,14.9
2,Charlemont,53.330669,-6.258683,0.95,4,No,"Charlemont Street, Dublin 2",2018,1 to 3 bed,All property types,1841.35,1541.73,19.4
2,Charlemont,53.330669,-6.258683,0.95,4,No,"Charlemont Street, Dublin 2",2018,1 to 3 bed,Apartment,1841.35,1594.48,15.5
3,Ranelagh,53.326433,-6.256203,1.45,7,No,"Ranelagh, Dublin 6",2018,All bedrooms,All property types,1678.4,1609.7,4.3
3,Ranelagh,53.326433,-6.256203,1.45,7,No,"Ranelagh, Dublin 6",2018,All bedrooms,Semi detached house,2780.27,1819.37,52.8
3,Ranelagh,53.326433,-6.256203,1.45,7,No,"Ranelagh, Dublin 6",2018,All bedrooms,Terrace house,2583.09,1741.2,48.4
3,Ranelagh,53.326433,-6.256203,1.45,7,No,"Ranelagh, Dublin 6",2018,All bedrooms,Apartment,1616.4,1602.32,0.9
3,Ranelagh,53.326433,-6.256203,1.45,7,No,"Ranelagh, Dublin 6",2018,All bedrooms,Other flats,1094.95,1036.76,5.6
3,Ranelagh,53.326433,-6.256203,1.45,7,No,"Ranelagh, Dublin 6",2018,One bed,All property types,1174.69,1201.35,-2.2
3,Ranelagh,53.326433,-6.256203,1.45,7,No,"Ranelagh, Dublin 6",2018,One bed,Apartment,1422.44,1335.09,6.5
3,Ranelagh,53.326433,-6.256203,1.45,7,No,"Ranelagh, Dublin 6",2018,One bed,Other flats,1014.1,947.21,7.1
3,Ranelagh,53.326433,-6.256203,1.45,7,No,"Ranelagh, Dublin 6",2018,Two bed,All property types,1784.29,1630.39,9.4
3,Ranelagh,53.326433,-6.256203,1.45,7,No,"Ranelagh, Dublin 6",2018,Two bed,Terrace house,1975.57,1542.8,28.1
3,Ranelagh,53.326433,-6.256203,1.45,7,No,"Ranelagh, Dublin 6",2018,Two bed,Apartment,1820.33,1659.02,9.7
3,Ranelagh,53.326433,-6.256203,1.45,7,No,"Ranelagh, Dublin 6",2018,Two bed,Other flats,1383.73,1353.65,2.2
3,Ranelagh,53.326433,-6.256203,1.45,7,No,"Ranelagh, Dublin 6",2018,Three bed,All property types,2645.06,1804.63,46.6
3,Ranelagh,53.326433,-6.256203,1.45,7,No,"Ranelagh, Dublin 6",2018,Three bed,Semi detached house,2726.86,1688.06,61.5
3,Ranelagh,53.326433,-6.256203,1.45,7,No,"Ranelagh, Dublin 6",2018,Three bed,Terrace house,2795.23,1748.87,59.8
3,Ranelagh,53.326433,-6.256203,1.45,7,No,"Ranelagh, Dublin 6",2018,1 to 2 bed,All property types,1375.64,1465.12,-6.1
3,Ranelagh,53.326433,-6.256203,1.45,7,No,"Ranelagh, Dublin 6",2018,1 to 2 bed,Terrace house,1843.6,1499.25,23.0
3,Ranelagh,53.326433,-6.256203,1.45,7,No,"Ranelagh, Dublin 6",2018,1 to 2 bed,Apartment,1596.57,1551.43,2.9
3,Ranelagh,53.326433,-6.256203,1.45,7,No,"Ranelagh, Dublin 6",2018,1 to 2 bed,Other flats,1059.51,1011.04,4.8
3,Ranelagh,53.326433,-6.256203,1.45,7,No,"Ranelagh, Dublin 6",2018,1 to 3 bed,All property types,1534.17,1541.73,-0.5
3,Ranelagh,53.326433,-6.256203,1.45,7,No,"Ranelagh, Dublin 6",2018,1 to 3 bed,Semi detached house,2339.07,1655.52,41.3
3,Ranelagh,53.326433,-6.256203,1.45,7,No,"Ranelagh, Dublin 6",2018,1 to 3 bed,Terrace house,2339.4,1630.98,43.4
3,Ranelagh,53.326433,-6.256203,1.45,7,No,"Ranelagh, Dublin 6",2018,1 to 3 bed,Apartment,1615.36,1594.48,1.3
3,Ranelagh,53.326433,-6.256203,1.45,7,No,"Ranelagh, Dublin 6",2018,1 to 3 bed,Other flats,1094.95,1031.91,6.1
3,Ranelagh,53.326433,-6.256203,1.45,7,No,"Ranelagh, Dublin 6",2018,Four plus bed,All property types,3263.47,2423.99,34.6
3,Ranelagh,53.326433,-6.256203,1.45,7,No,"Ranelagh, Dublin 6",2018,Four plus bed,Semi detached house,3536.62,2257.71,56.6
3,Ranelagh,53.326433,-6.256203,1.45,7,No,"Ranelagh, Dublin 6",2018,Four plus bed,Terrace house,3120.09,2455.83,27.0
4,Beechwood,53.320822,-6.254653,2.08,9,No,"Ranelagh, Dublin 6",2018,All bedrooms,All property types,1678.4,1609.7,4.3
4,Beechwood,53.320822,-6.254653,2.08,9,No,"Ranelagh, Dublin 6",2018,All bedrooms,Semi detached house,2780.27,1819.37,52.8
4,Beechwood,53.320822,-6.254653,2.08,9,No,"Ranelagh, Dublin 6",2018,All bedrooms,Terrace house,2583.09,1741.2,48.4
4,Beechwood,53.320822,-6.254653,2.08,9,No,"Ranelagh, Dublin 6",2018,All bedrooms,Apartment,1616.4,1602.32,0.9
4,Beechwood,53.320822,-6.254653,2.08,9,No,"Ranelagh, Dublin 6",2018,All bedrooms,Other flats,1094.95,1036.76,5.6
4,Beechwood,53.320822,-6.254653,2.08,9,No,"Ranelagh, Dublin 6",2018,One bed,All property types,1174.69,1201.35,-2.2
4,Beechwood,53.320822,-6.254653,2.08,9,No,"Ranelagh, Dublin 6",2018,One bed,Apartment,1422.44,1335.09,6.5
4,Beechwood,53.320822,-6.254653,2.08,9,No,"Ranelagh, Dublin 6",2018,One bed,Other flats,1014.1,947.21,7.1
4,Beechwood,53.320822,-6.254653,2.08,9,No,"Ranelagh, Dublin 6",2018,Two bed,All property types,1784.29,1630.39,9.4
4,Beechwood,53.320822,-6.254653,2.08,9,No,"Ranelagh, Dublin 6",2018,Two bed,Terrace house,1975.57,1542.8,28.1
4,Beechwood,53.320822,-6.254653,2.08,9,No,"Ranelagh, Dublin 6",2018,Two bed,Apartment,1820.33,1659.02,9.7
4,Beechwood,53.320822,-6.254653,2.08,9,No,"Ranelagh, Dublin 6",2018,Two bed,Other flats,1383.73,1353.65,2.2
4,Beechwood,53.320822,-6.254653,2.08,9,No,"Ranelagh, Dublin 6",2018,Three bed,All property types,2645.06,1804.63,46.6
4,Beechwood,53.320822,-6.254653,2.08,9,No,"Ranelagh, Dublin 6",2018,Three bed,Semi detached house,2726.86,1688.06,61.5
4,Beechwood,53.320822,-6.254653,2.08,9,No,"Ranelagh, Dublin 6",2018,Three bed,Terrace house,2795.23,1748.87,59.8
4,Beechwood,53.320822,-6.254653,2.08,9,No,"Ranelagh, Dublin 6",2018,1 to 2 bed,All property types,1375.64,1465.12,-6.1
4,Beechwood,53.320822,-6.254653,2.08,9,No,"Ranelagh, Dublin 6",2018,1 to 2 bed,Terrace house,1843.6,1499.25,23.0
4,Beechwood,53.320822,-6.254653,2.08,9,No,"Ranelagh, Dublin 6",2018,1 to 2 bed,Apartment,1596.57,1551.43,2.9
4,Beechwood,53.320822,-6.254653,2.08,9,No,"Ranelagh, Dublin 6",2018,1 to 2 bed,Other flats,1059.51,1011.04,4.8
4,Beechwood,53.320822,-6.254653,2.08,9,No,"Ranelagh, Dublin 6",2018,1 to 3 bed,All property types,1534.17,1541.73,-0.5
4,Beechwood,53.320822,-6.254653,2.08,9,No,"Ranelagh, Dublin 6",2018,1 to 3 bed,Semi detached house,2339.07,1655.52,41.3
4,Beechwood,53.320822,-6.254653,2.08,9,No,"Ranelagh, Dublin 6",2018,1 to 3 bed,Terrace house,2339.4,1630.98,43.4
4,Beechwood,53.320822,-6.254653,2.08,9,No,"Ranelagh, Dublin 6",2018,1 to 3 bed,Apartment,1615.36,1594.48,1.3
4,Beechwood,53.320822,-6.254653,2.08,9,No,"Ranelagh, Dublin 6",2018,1 to 3 bed,Other flats,1094.95,1031.91,6.1
4,Beechwood,53.320822,-6.254653,2.08,9,No,"Ranelagh, Dublin 6",2018,Four plus bed,All property types,3263.47,2423.99,34.6
4,Beechwood,53.320822,-6.254653,2.08,9,No,"Ranelagh, Dublin 6",2018,Four plus bed,Semi detached house,3536.62,2257.71,56.6
4,Beechwood,53.320822,-6.254653,2.08,9,No,"Ranelagh, Dublin 6",2018,Four plus bed,Terrace house,3120.09,2455.83,27.0
5,Cowper,53.316467,-6.253447,2.57,11,No,"Ranelagh, Dublin 6",2018,All bedrooms,All property types,1678.4,1609.7,4.3
5,Cowper,53.316467,-6.253447,2.57,11,No,"Ranelagh, Dublin 6",2018,All bedrooms,Semi detached house,2780.27,1819.37,52.8
5,Cowper,53.316467,-6.253447,2.57,11,No,"Ranelagh, Dublin 6",2018,All bedrooms,Terrace house,2583.09,1741.2,48.4
5,Cowper,53.316467,-6.253447,2.57,11,No,"Ranelagh, Dublin 6",2018,All bedrooms,Apartment,1616.4,1602.32,0.9
5,Cowper,53.316467,-6.253447,2.57,11,No,"Ranelagh, Dublin 6",2018,All bedrooms,Other flats,1094.95,1036.76,5.6
5,Cowper,53.316467,-6.253447,2.57,11,No,"Ranelagh, Dublin 6",2018,One bed,All property types,1174.69,1201.35,-2.2
5,Cowper,53.316467,-6.253447,2.57,11,No,"Ranelagh, Dublin 6",2018,One bed,Apartment,1422.44,1335.09,6.5
5,Cowper,53.316467,-6.253447,2.57,11,No,"Ranelagh, Dublin 6",2018,One bed,Other flats,1014.1,947.21,7.1
5,Cowper,53.316467,-6.253447,2.57,11,No,"Ranelagh, Dublin 6",2018,Two bed,All property types,1784.29,1630.39,9.4
5,Cowper,53.316467,-6.253447,2.57,11,No,"Ranelagh, Dublin 6",2018,Two bed,Terrace house,1975.57,1542.8,28.1
5,Cowper,53.316467,-6.253447,2.57,11,No,"Ranelagh, Dublin 6",2018,Two bed,Apartment,1820.33,1659.02,9.7
5,Cowper,53.316467,-6.253447,2.57,11,No,"Ranelagh, Dublin 6",2018,Two bed,Other flats,1383.73,1353.65,2.2
5,Cowper,53.316467,-6.253447,2.57,11,No,"Ranelagh, Dublin 6",2018,Three bed,All property types,2645.06,1804.63,46.6
5,Cowper,53.316467,-6.253447,2.57,11,No,"Ranelagh, Dublin 6",2018,Three bed,Semi detached house,2726.86,1688.06,61.5
5,Cowper,53.316467,-6.253447,2.57,11,No,"Ranelagh, Dublin 6",2018,Three bed,Terrace house,2795.23,1748.87,59.8
5,Cowper,53.316467,-6.253447,2.57,11,No,"Ranelagh, Dublin 6",2018,1 to 2 bed,All property types,1375.64,1465.12,-6.1
5,Cowper,53.316467,-6.253447,2.57,11,No,"Ranelagh, Dublin 6",2018,1 to 2 bed,Terrace house,1843.6,1499.25,23.0
5,Cowper,53.316467,-6.253447,2.57,11,No,"Ranelagh, Dublin 6",2018,1 to 2 bed,Apartment,1596.57,1551.43,2.9
5,Cowper,53.316467,-6.253447,2.57,11,No,"Ranelagh, Dublin 6",2018,1 to 2 bed,Other flats,1059.51,1011.04,4.8
5,Cowper,53.316467,-6.253447,2.57,11,No,"Ranelagh, Dublin 6",2018,1 to 3 bed,All property types,1534.17,1541.73,-0.5
5,Cowper,53.316467,-6.253447,2.57,11,No,"Ranelagh, Dublin 6",2018,1 to 3 bed,Semi detached house,2339.07,1655.52,41.3
5,Cowper,53.316467,-6.253447,2.57,11,No,"Ranelagh, Dublin 6",2018,1 to 3 bed,Terrace house,2339.4,1630.98,43.4
5,Cowper,53.316467,-6.253447,2.57,11,No,"Ranelagh, Dublin 6",2018,1 to 3 bed,Apartment,1615.36,1594.48,1.3
5,Cowper,53.316467,-6.253447,2.57,11,No,"Ranelagh, Dublin 6",2018,1 to 3 bed,Other flats,1094.95,1031.91,6.1
5,Cowper,53.316467,-6.253447,2.57,11,No,"Ranelagh, Dublin 6",2018,Four plus bed,All property types,3263.47,2423.99,34.6
5,Cowper,53.316467,-6.253447,2.57,11,No,"Ranelagh, Dublin 6",2018,Four plus bed,Semi detached house,3536.62,2257.71,56.6
5,Cowper,53.316467,-6.253447,2.57,11,No,"Ranelagh, Dublin 6",2018,Four plus bed,Terrace house,3120.09,2455.83,27.0
6,Milltown,53.309917,-6.251728,3.3,13,No,"Milltown, Dublin 6",2018,All bedrooms,All property types,1980.77,1609.7,23.1
6,Milltown,53.309917,-6.251728,3.3,13,No,"Milltown, Dublin 6",2018,All bedrooms,Semi detached house,2307.54,1819.37,26.8
6,Milltown,53.309917,-6.251728,3.3,13,No,"Milltown, Dublin 6",2018,All bedrooms,Terrace house,2162.24,1741.2,24.2
6,Milltown,53.309917,-6.251728,3.3,13,No,"Milltown, Dublin 6",2018,All bedrooms,Apartment,1918.36,1602.32,19.7
6,Milltown,53.309917,-6.251728,3.3,13,No,"Milltown, Dublin 6",2018,One bed,All property types,1530.37,1201.35,27.4
6,Milltown,53.309917,-6.251728,3.3,13,No,"Milltown, Dublin 6",2018,One bed,Apartment,1568.54,1335.09,17.5
6,Milltown,53.309917,-6.251728,3.3,13,No,"Milltown, Dublin 6",2018,Two bed,All property types,1939.7,1630.39,19.0
6,Milltown,53.309917,-6.251728,3.3,13,No,"Milltown, Dublin 6",2018,Two bed,Terrace house,1747.48,1542.8,13.3
6,Milltown,53.309917,-6.251728,3.3,13,No,"Milltown, Dublin 6",2018,Two bed,Apartment,1975.7,1659.02,19.1
6,Milltown,53.309917,-6.251728,3.3,13,No,"Milltown, Dublin 6",2018,Three bed,All property types,2321.2,1804.63,28.6
6,Milltown,53.309917,-6.251728,3.3,13,No,"Milltown, Dublin 6",2018,Three bed,Apartment,2368.44,2054.82,15.3
6,Milltown,53.309917,-6.251728,3.3,13,No,"Milltown, Dublin 6",2018,1 to 2 bed,All property types,1816.78,1465.12,24.0
6,Milltown,53.309917,-6.251728,3.3,13,No,"Milltown, Dublin 6",2018,1 to 2 bed,Terrace house,1743.01,1499.25,16.3
6,Milltown,53.309917,-6.251728,3.3,13,No,"Milltown, Dublin 6",2018,1 to 2 bed,Apartment,1845.3,1551.43,18.9
6,Milltown,53.309917,-6.251728,3.3,13,No,"Milltown, Dublin 6",2018,1 to 3 bed,All property types,1907.11,1541.73,23.7
6,Milltown,53.309917,-6.251728,3.3,13,No,"Milltown, Dublin 6",2018,1 to 3 bed,Terrace house,1874.62,1630.98,14.9
6,Milltown,53.309917,-6.251728,3.3,13,No,"Milltown, Dublin 6",2018,1 to 3 bed,Apartment,1911.07,1594.48,19.9
6,Milltown,53.309917,-6.251728,3.3,13,No,"Milltown, Dublin 6",2018,Four plus bed,All property types,3002.51,2423.99,23.9
7,Windy Arbour,53.301558,-6.250708,4.23,15,No,"Churchtown, Dublin 14",2018,All bedrooms,All property types,1990.72,1609.7,23.7
7,Windy Arbour,53.301558,-6.250708,4.23,15,No,"Churchtown, Dublin 14",2018,All bedrooms,Semi detached house,2320.8,1819.37,27.6
7,Windy Arbour,53.301558,-6.250708,4.23,15,No,"Churchtown, Dublin 14",2018,All bedrooms,Terrace house,1963.44,1741.2,12.8
7,Windy Arbour,53.301558,-6.250708,4.23,15,No,"Churchtown, Dublin 14",2018,All bedrooms,Apartment,1537.87,1602.32,-4.0
7,Windy Arbour,53.301558,-6.250708,4.23,15,No,"Churchtown, Dublin 14",2018,Two bed,All property types,1675.52,1630.39,2.8
7,Windy Arbour,53.301558,-6.250708,4.23,15,No,"Churchtown, Dublin 14",2018,Two bed,Apartment,1623.66,1659.02,-2.1
7,Windy Arbour,53.301558,-6.250708,4.23,15,No,"Churchtown, Dublin 14",2018,Three bed,All property types,2087.69,1804.63,15.7
7,Windy Arbour,53.301558,-6.250708,4.23,15,No,"Churchtown, Dublin 14",2018,Three bed,Semi detached house,2170.23,1688.06,28.6
7,Windy Arbour,53.301558,-6.250708,4.23,15,No,"Churchtown, Dublin 14",2018,Three bed,Terrace house,1930.83,1748.87,10.4
7,Windy Arbour,53.301558,-6.250708,4.23,15,No,"Churchtown, Dublin 14",2018,1 to 2 bed,All property types,1567.5,1465.12,7.0
7,Windy Arbour,53.301558,-6.250708,4.23,15,No,"Churchtown, Dublin 14",2018,1 to 2 bed,Apartment,1523.03,1551.43,-1.8
7,Windy Arbour,53.301558,-6.250708,4.23,15,No,"Churchtown, Dublin 14",2018,1 to 3 bed,All property types,1800.31,1541.73,16.8
7,Windy Arbour,53.301558,-6.250708,4.23,15,No,"Churchtown, Dublin 14",2018,1 to 3 bed,Semi detached house,2175.47,1655.52,31.4
7,Windy Arbour,53.301558,-6.250708,4.23,15,No,"Churchtown, Dublin 14",2018,1 to 3 bed,Terrace house,1871.95,1630.98,14.8
7,Windy Arbour,53.301558,-6.250708,4.23,15,No,"Churchtown, Dublin 14",2018,1 to 3 bed,Apartment,1537.87,1594.48,-3.6
7,Windy Arbour,53.301558,-6.250708,4.23,15,No,"Churchtown, Dublin 14",2018,Four plus bed,All property types,2809.66,2423.99,15.9
8,Dundrum,53.292358,-6.245117,5.3,17,No,"Dundrum, Dublin 16",2018,All bedrooms,All property types,1865.64,1609.7,15.9
8,Dundrum,53.292358,-6.245117,5.3,17,No,"Dundrum, Dublin 16",2018,All bedrooms,Detached house,2480.98,2259.09,9.8
8,Dundrum,53.292358,-6.245117,5.3,17,No,"Dundrum, Dublin 16",2018,All bedrooms,Semi detached house,2178.54,1819.37,19.7
8,Dundrum,53.292358,-6.245117,5.3,17,No,"Dundrum, Dublin 16",2018,All bedrooms,Terrace house,1881.21,1741.2,8.0
8,Dundrum,53.292358,-6.245117,5.3,17,No,"Dundrum, Dublin 16",2018,All bedrooms,Apartment,1782.0,1602.32,11.2
8,Dundrum,53.292358,-6.245117,5.3,17,No,"Dundrum, Dublin 16",2018,One bed,All property types,1499.31,1201.35,24.8
8,Dundrum,53.292358,-6.245117,5.3,17,No,"Dundrum, Dublin 16",2018,One bed,Apartment,1528.96,1335.09,14.5
8,Dundrum,53.292358,-6.245117,5.3,17,No,"Dundrum, Dublin 16",2018,Two bed,All property types,1790.17,1630.39,9.8
8,Dundrum,53.292358,-6.245117,5.3,17,No,"Dundrum, Dublin 16",2018,Two bed,Apartment,1788.37,1659.02,7.8
8,Dundrum,53.292358,-6.245117,5.3,17,No,"Dundrum, Dublin 16",2018,Three bed,All property types,2166.33,1804.63,20.0
8,Dundrum,53.292358,-6.245117,5.3,17,No,"Dundrum, Dublin 16",2018,Three bed,Semi detached house,1990.84,1688.06,17.9
8,Dundrum,53.292358,-6.245117,5.3,17,No,"Dundrum, Dublin 16",2018,Three bed,Terrace house,1984.37,1748.87,13.5
8,Dundrum,53.292358,-6.245117,5.3,17,No,"Dundrum, Dublin 16",2018,Three bed,Apartment,2444.75,2054.82,19.0
8,Dundrum,53.292358,-6.245117,5.3,17,No,"Dundrum, Dublin 16",2018,1 to 2 bed,All property types,1719.88,1465.12,17.4
8,Dundrum,53.292358,-6.245117,5.3,17,No,"Dundrum, Dublin 16",2018,1 to 2 bed,Apartment,1723.77,1551.43,11.1
8,Dundrum,53.292358,-6.245117,5.3,17,No,"Dundrum, Dublin 16",2018,1 to 3 bed,All property types,1811.28,1541.73,17.5
8,Dundrum,53.292358,-6.245117,5.3,17,No,"Dundrum, Dublin 16",2018,1 to 3 bed,Semi detached house,1968.32,1655.52,18.9
8,Dundrum,53.292358,-6.245117,5.3,17,No,"Dundrum, Dublin 16",2018,1 to 3 bed,Terrace house,1888.92,1630.98,15.8
8,Dundrum,53.292358,-6.245117,5.3,17,No,"Dundrum, Dublin 16",2018,1 to 3 bed,Apartment,1783.75,1594.48,11.9
8,Dundrum,53.292358,-6.245117,5.3,17,No,"Dundrum, Dublin 16",2018,Four plus bed,All property types,2475.44,2423.99,2.1
8,Dundrum,53.292358,-6.245117,5.3,17,No,"Dundrum, Dublin 16",2018,Four plus bed,Semi detached house,2545.07,2257.71,12.7
9,Balally,53.286106,-6.236772,6.11,19,Yes,"Dundrum, Dublin 16",2018,All bedrooms,All property types,1865.64,1609.7,15.9
9,Balally,53.286106,-6.236772,6.11,19,Yes,"Dundrum, Dublin 16",2018,All bedrooms,Detached house,2480.98,2259.09,9.8
9,Balally,53.286106,-6.236772,6.11,19,Yes,"Dundrum, Dublin 16",2018,All bedrooms,Semi detached house,2178.54,1819.37,19.7
9,Balally,53.286106,-6.236772,6.11,19,Yes,"Dundrum, Dublin 16",2018,All bedrooms,Terrace house,1881.21,1741.2,8.0
9,Balally,53.286106,-6.236772,6.11,19,Yes,"Dundrum, Dublin 16",2018,All bedrooms,Apartment,1782.0,1602.32,11.2
9,Balally,53.286106,-6.236772,6.11,19,Yes,"Dundrum, Dublin 16",2018,One bed,All property types,1499.31,1201.35,24.8
9,Balally,53.286106,-6.236772,6.11,19,Yes,"Dundrum, Dublin 16",2018,One bed,Apartment,1528.96,1335.09,14.5
9,Balally,53.286106,-6.236772,6.11,19,Yes,"Dundrum, Dublin 16",2018,Two bed,All property types,1790.17,1630.39,9.8
9,Balally,53.286106,-6.236772,6.11,19,Yes,"Dundrum, Dublin 16",2018,Two bed,Apartment,1788.37,1659.02,7.8
9,Balally,53.286106,-6.236772,6.11,19,Yes,"Dundrum, Dublin 16",2018,Three bed,All property types,2166.33,1804.63,20.0
9,Balally,53.286106,-6.236772,6.11,19,Yes,"Dundrum, Dublin 16",2018,Three bed,Semi detached house,1990.84,1688.06,17.9
9,Balally,53.286106,-6.236772,6.11,19,Yes,"Dundrum, Dublin 16",2018,Three bed,Terrace house,1984.37,1748.87,13.5
9,Balally,53.286106,-6.236772,6.11,19,Yes,"Dundrum, Dublin 16",2018,Three bed,Apartment,2444.75,2054.82,19.0
9,Balally,53.286106,-6.236772,6.11,19,Yes,"Dundrum, Dublin 16",2018,1 to 2 bed,All property types,1719.88,1465.12,17.4
9,Balally,53.286106,-6.236772,6.11,19,Yes,"Dundrum, Dublin 16",2018,1 to 2 bed,Apartment,1723.77,1551.43,11.1
9,Balally,53.286106,-6.236772,6.11,19,Yes,"Dundrum, Dublin 16",2018,1 to 3 bed,All property types,1811.28,1541.73,17.5
9,Balally,53.286106,-6.236772,6.11,19,Yes,"Dundrum, Dublin 16",2018,1 to 3 bed,Semi detached house,1968.32,1655.52,18.9
9,Balally,53.286106,-6.236772,6.11,19,Yes,"Dundrum, Dublin 16",2018,1 to 3 bed,Terrace house,1888.92,1630.98,15.8
9,Balally,53.286106,-6.236772,6.11,19,Yes,"Dundrum, Dublin 16",2018,1 to 3 bed,Apartment,1783.75,1594.48,11.9
9,Balally,53.286106,-6.236772,6.11,19,Yes,"Dundrum, Dublin 16",2018,Four plus bed,All property types,2475.44,2423.99,2.1
9,Balally,53.286106,-6.236772,6.11,19,Yes,"Dundrum, Dublin 16",2018,Four plus bed,Semi detached house,2545.07,2257.71,12.7
10,Kilmacud,53.283008,-6.223886,6.71,21,No,"Stillorgan, Dublin",2018,All bedrooms,All property types,1884.4,1609.7,17.1
10,Kilmacud,53.283008,-6.223886,6.71,21,No,"Stillorgan, Dublin",2018,All bedrooms,Detached house,2633.63,2259.09,16.6
10,Kilmacud,53.283008,-6.223886,6.71,21,No,"Stillorgan, Dublin",2018,All bedrooms,Semi detached house,2250.18,1819.37,23.7
10,Kilmacud,53.283008,-6.223886,6.71,21,No,"Stillorgan, Dublin",2018,All bedrooms,Terrace house,2059.04,1741.2,18.3
10,Kilmacud,53.283008,-6.223886,6.71,21,No,"Stillorgan, Dublin",2018,All bedrooms,Apartment,1743.07,1602.32,8.8
10,Kilmacud,53.283008,-6.223886,6.71,21,No,"Stillorgan, Dublin",2018,One bed,All property types,1431.52,1201.35,19.2
10,Kilmacud,53.283008,-6.223886,6.71,21,No,"Stillorgan, Dublin",2018,One bed,Apartment,1449.04,1335.09,8.5
10,Kilmacud,53.283008,-6.223886,6.71,21,No,"Stillorgan, Dublin",2018,Two bed,All property types,1785.69,1630.39,9.5
10,Kilmacud,53.283008,-6.223886,6.71,21,No,"Stillorgan, Dublin",2018,Two bed,Apartment,1779.21,1659.02,7.2
10,Kilmacud,53.283008,-6.223886,6.71,21,No,"Stillorgan, Dublin",2018,Three bed,All property types,2088.47,1804.63,15.7
10,Kilmacud,53.283008,-6.223886,6.71,21,No,"Stillorgan, Dublin",2018,Three bed,Semi detached house,1931.48,1688.06,14.4
10,Kilmacud,53.283008,-6.223886,6.71,21,No,"Stillorgan, Dublin",2018,Three bed,Apartment,2147.39,2054.82,4.5
10,Kilmacud,53.283008,-6.223886,6.71,21,No,"Stillorgan, Dublin",2018,1 to 2 bed,All property types,1694.27,1465.12,15.6
10,Kilmacud,53.283008,-6.223886,6.71,21,No,"Stillorgan, Dublin",2018,1 to 2 bed,Terrace house,1527.53,1499.25,1.9
10,Kilmacud,53.283008,-6.223886,6.71,21,No,"Stillorgan, Dublin",2018,1 to 2 bed,Apartment,1690.31,1551.43,9.0
10,Kilmacud,53.283008,-6.223886,6.71,21,No,"Stillorgan, Dublin",2018,1 to 3 bed,All property types,1773.4,1541.73,15.0
10,Kilmacud,53.283008,-6.223886,6.71,21,No,"Stillorgan, Dublin",2018,1 to 3 bed,Semi detached house,1906.83,1655.52,15.2
10,Kilmacud,53.283008,-6.223886,6.71,21,No,"Stillorgan, Dublin",2018,1 to 3 bed,Terrace house,2013.13,1630.98,23.4
10,Kilmacud,53.283008,-6.223886,6.71,21,No,"Stillorgan, Dublin",2018,1 to 3 bed,Apartment,1733.79,1594.48,8.7
10,Kilmacud,53.283008,-6.223886,6.71,21,No,"Stillorgan, Dublin",2018,Four plus bed,All property types,2659.93,2423.99,9.7
10,Kilmacud,53.283008,-6.223886,6.71,21,No,"Stillorgan, Dublin",2018,Four plus bed,Semi detached house,2640.35,2257.71,16.9
11,Stillorgan,53.279311,-6.209919,7.47,22,Yes,"Stillorgan, Dublin",2018,All bedrooms,All property types,1884.4,1609.7,17.1
11,Stillorgan,53.279311,-6.209919,7.47,22,Yes,"Stillorgan, Dublin",2018,All bedrooms,Detached house,2633.63,2259.09,16.6
11,Stillorgan,53.279311,-6.209919,7.47,22,Yes,"Stillorgan, Dublin",2018,All bedrooms,Semi detached house,2250.18,1819.37,23.7
11,Stillorgan,53.279311,-6.209919,7.47,22,Yes,"Stillorgan, Dublin",2018,All bedrooms,Terrace house,2059.04,1741.2,18.3
11,Stillorgan,53.279311,-6.209919,7.47,22,Yes,"Stillorgan, Dublin",2018,All bedrooms,Apartment,1743.07,1602.32,8.8
11,Stillorgan,53.279311,-6.209919,7.47,22,Yes,"Stillorgan, Dublin",2018,One bed,All property types,1431.52,1201.35,19.2
11,Stillorgan,53.279311,-6.209919,7.47,22,Yes,"Stillorgan, Dublin",2018,One bed,Apartment,1449.04,1335.09,8.5
11,Stillorgan,53.279311,-6.209919,7.47,22,Yes,"Stillorgan, Dublin",2018,Two bed,All property types,1785.69,1630.39,9.5
11,Stillorgan,53.279311,-6.209919,7.47,22,Yes,"Stillorgan, Dublin",2018,Two bed,Apartment,1779.21,1659.02,7.2
11,Stillorgan,53.279311,-6.209919,7.47,22,Yes,"Stillorgan, Dublin",2018,Three bed,All property types,2088.47,1804.63,15.7
11,Stillorgan,53.279311,-6.209919,7.47,22,Yes,"Stillorgan, Dublin",2018,Three bed,Semi detached house,1931.48,1688.06,14.4
11,Stillorgan,53.279311,-6.209919,7.47,22,Yes,"Stillorgan, Dublin",2018,Three bed,Apartment,2147.39,2054.82,4.5
11,Stillorgan,53.279311,-6.209919,7.47,22,Yes,"Stillorgan, Dublin",2018,1 to 2 bed,All property types,1694.27,1465.12,15.6
11,Stillorgan,53.279311,-6.209919,7.47,22,Yes,"Stillorgan, Dublin",2018,1 to 2 bed,Terrace house,1527.53,1499.25,1.9
11,Stillorgan,53.279311,-6.209919,7.47,22,Yes,"Stillorgan, Dublin",2018,1 to 2 bed,Apartment,1690.31,1551.43,9.0
11,Stillorgan,53.279311,-6.209919,7.47,22,Yes,"Stillorgan, Dublin",2018,1 to 3 bed,All property types,1773.4,1541.73,15.0
11,Stillorgan,53.279311,-6.209919,7.47,22,Yes,"Stillorgan, Dublin",2018,1 to 3 bed,Semi detached house,1906.83,1655.52,15.2
11,Stillorgan,53.279311,-6.209919,7.47,22,Yes,"Stillorgan, Dublin",2018,1 to 3 bed,Terrace house,2013.13,1630.98,23.4
11,Stillorgan,53.279311,-6.209919,7.47,22,Yes,"Stillorgan, Dublin",2018,1 to 3 bed,Apartment,1733.79,1594.48,8.7
11,Stillorgan,53.279311,-6.209919,7.47,22,Yes,"Stillorgan, Dublin",2018,Four plus bed,All property types,2659.93,2423.99,9.7
11,Stillorgan,53.279311,-6.209919,7.47,22,Yes,"Stillorgan, Dublin",2018,Four plus bed,Semi detached house,2640.35,2257.71,16.9
12,Sandyford,53.277603,-6.204678,7.8,24,Yes,"Sandyford, Dublin 18",2018,All bedrooms,All property types,1760.95,1609.7,9.4
12,Sandyford,53.277603,-6.204678,7.8,24,Yes,"Sandyford, Dublin 18",2018,All bedrooms,Semi detached house,1901.56,1819.37,4.5
12,Sandyford,53.277603,-6.204678,7.8,24,Yes,"Sandyford, Dublin 18",2018,All bedrooms,Terrace house,1795.16,1741.2,3.1
12,Sandyford,53.277603,-6.204678,7.8,24,Yes,"Sandyford, Dublin 18",2018,All bedrooms,Apartment,1742.38,1602.32,8.7
12,Sandyford,53.277603,-6.204678,7.8,24,Yes,"Sandyford, Dublin 18",2018,One bed,All property types,1454.3,1201.35,21.1
12,Sandyford,53.277603,-6.204678,7.8,24,Yes,"Sandyford, Dublin 18",2018,One bed,Apartment,1480.57,1335.09,10.9
12,Sandyford,53.277603,-6.204678,7.8,24,Yes,"Sandyford, Dublin 18",2018,Two bed,All property types,1753.31,1630.39,7.5
12,Sandyford,53.277603,-6.204678,7.8,24,Yes,"Sandyford, Dublin 18",2018,Two bed,Apartment,1754.39,1659.02,5.7
12,Sandyford,53.277603,-6.204678,7.8,24,Yes,"Sandyford, Dublin 18",2018,Three bed,All property types,2022.17,1804.63,12.1
12,Sandyford,53.277603,-6.204678,7.8,24,Yes,"Sandyford, Dublin 18",2018,Three bed,Semi detached house,1798.97,1688.06,6.6
12,Sandyford,53.277603,-6.204678,7.8,24,Yes,"Sandyford, Dublin 18",2018,Three bed,Apartment,2107.67,2054.82,2.6
12,Sandyford,53.277603,-6.204678,7.8,24,Yes,"Sandyford, Dublin 18",2018,1 to 2 bed,All property types,1688.88,1465.12,15.3
12,Sandyford,53.277603,-6.204678,7.8,24,Yes,"Sandyford, Dublin 18",2018,1 to 2 bed,Apartment,1697.41,1551.43,9.4
12,Sandyford,53.277603,-6.204678,7.8,24,Yes,"Sandyford, Dublin 18",2018,1 to 3 bed,All property types,1738.19,1541.73,12.7
12,Sandyford,53.277603,-6.204678,7.8,24,Yes,"Sandyford, Dublin 18",2018,1 to 3 bed,Semi detached house,1758.89,1655.52,6.2
12,Sandyford,53.277603,-6.204678,7.8,24,Yes,"Sandyford, Dublin 18",2018,1 to 3 bed,Apartment,1739.81,1594.48,9.1
12,Sandyford,53.277603,-6.204678,7.8,24,Yes,"Sandyford, Dublin 18",2018,Four plus bed,All property types,2451.08,2423.99,1.1
13,Central Park,53.27015,-6.203764,8.57,26,No,"Leopardstown, Dublin 18",2018,All bedrooms,All property types,1990.34,1609.7,23.6
13,Central Park,53.27015,-6.203764,8.57,26,No,"Leopardstown, Dublin 18",2018,All bedrooms,Semi detached house,2107.3,1819.37,15.8
13,Central Park,53.27015,-6.203764,8.57,26,No,"Leopardstown, Dublin 18",2018,All bedrooms,Apartment,1952.04,1602.32,21.8
13,Central Park,53.27015,-6.203764,8.57,26,No,"Leopardstown, Dublin 18",2018,One bed,All property types,1698.7,1201.35,41.4
13,Central Park,53.27015,-6.203764,8.57,26,No,"Leopardstown, Dublin 18",2018,One bed,Apartment,1698.7,1335.09,27.2
13,Central Park,53.27015,-6.203764,8.57,26,No,"Leopardstown, Dublin 18",2018,Two bed,All property types,1939.59,1630.39,19.0
13,Central Park,53.27015,-6.203764,8.57,26,No,"Leopardstown, Dublin 18",2018,Two bed,Apartment,1936.93,1659.02,16.8
13,Central Park,53.27015,-6.203764,8.57,26,No,"Leopardstown, Dublin 18",2018,Three bed,All property types,2166.79,1804.63,20.1
13,Central Park,53.27015,-6.203764,8.57,26,No,"Leopardstown, Dublin 18",2018,Three bed,Semi detached house,1940.14,1688.06,14.9
13,Central Park,53.27015,-6.203764,8.57,26,No,"Leopardstown, Dublin 18",2018,Three bed,Apartment,2445.7,2054.82,19.0
13,Central Park,53.27015,-6.203764,8.57,26,No,"Leopardstown, Dublin 18",2018,1 to 2 bed,All property types,1881.01,1465.12,28.4
13,Central Park,53.27015,-6.203764,8.57,26,No,"Leopardstown, Dublin 18",2018,1 to 2 bed,Apartment,1878.2,1551.43,21.1
13,Central Park,53.27015,-6.203764,8.57,26,No,"Leopardstown, Dublin 18",2018,1 to 3 bed,All property types,1950.68,1541.73,26.5
13,Central Park,53.27015,-6.203764,8.57,26,No,"Leopardstown, Dublin 18",2018,1 to 3 bed,Semi detached house,1940.14,1655.52,17.2
13,Central Park,53.27015,-6.203764,8.57,26,No,"Leopardstown, Dublin 18",2018,1 to 3 bed,Apartment,1952.04,1594.48,22.4
13,Central Park,53.27015,-6.203764,8.57,26,No,"Leopardstown, Dublin 18",2018,Four plus bed,All property types,2571.9,2423.99,6.1
13,Central Park,53.27015,-6.203764,8.57,26,No,"Leopardstown, Dublin 18",2018,Four plus bed,Semi detached house,2336.46,2257.71,3.5
14,Glencairn,53.266336,-6.209942,8.78,28,No,"Leopardstown, Dublin 18",2018,All bedrooms,All property types,1990.34,1609.7,23.6
14,Glencairn,53.266336,-6.209942,8.78,28,No,"Leopardstown, Dublin 18",2018,All bedrooms,Semi detached house,2107.3,1819.37,15.8
14,Glencairn,53.266336,-6.209942,8.78,28,No,"Leopardstown, Dublin 18",2018,All bedrooms,Apartment,1952.04,1602.32,21.8
14,Glencairn,53.266336,-6.209942,8.78,28,No,"Leopardstown, Dublin 18",2018,One bed,All property types,1698.7,1201.35,41.4
14,Glencairn,53.266336,-6.209942,8.78,28,No,"Leopardstown, Dublin 18",2018,One bed,Apartment,1698.7,1335.09,27.2
14,Glencairn,53.266336,-6.209942,8.78,28,No,"Leopardstown, Dublin 18",2018,Two bed,All property types,1939.59,1630.39,19.0
14,Glencairn,53.266336,-6.209942,8.78,28,No,"Leopardstown, Dublin 18",2018,Two bed,Apartment,1936.93,1659.02,16.8
14,Glencairn,53.266336,-6.209942,8.78,28,No,"Leopardstown, Dublin 18",2018,Three bed,All property types,2166.79,1804.63,20.1
14,Glencairn,53.266336,-6.209942,8.78,28,No,"Leopardstown, Dublin 18",2018,Three bed,Semi detached house,1940.14,1688.06,14.9
14,Glencairn,53.266336,-6.209942,8.78,28,No,"Leopardstown, Dublin 18",2018,Three bed,Apartment,2445.7,2054.82,19.0
14,Glencairn,53.266336,-6.209942,8.78,28,No,"Leopardstown, Dublin 18",2018,1 to 2 bed,All property types,1881.01,1465.12,28.4
14,Glencairn,53.266336,-6.209942,8.78,28,No,"Leopardstown, Dublin 18",2018,1 to 2 bed,Apartment,1878.2,1551.43,21.1
14,Glencairn,53.266336,-6.209942,8.78,28,No,"Leopardstown, Dublin 18",2018,1 to 3 bed,All property types,1950.68,1541.73,26.5
14,Glencairn,53.266336,-6.209942,8.78,28,No,"Leopardstown, Dublin 18",2018,1 to 3 bed,Semi detached house,1940.14,1655.52,17.2
14,Glencairn,53.266336,-6.209942,8.78,28,No,"Leopardstown, Dublin 18",2018,1 to 3 bed,Apartment,1952.04,1594.48,22.4
14,Glencairn,53.266336,-6.209942,8.78,28,No,"Leopardstown, Dublin 18",2018,Four plus bed,All property types,2571.9,2423.99,6.1
14,Glencairn,53.266336,-6.209942,8.78,28,No,"Leopardstown, Dublin 18",2018,Four plus bed,Semi detached house,2336.46,2257.71,3.5
15,The Gallops,53.261164,-6.206022,9.41,29,No,"Leopardstown, Dublin 18",2018,All bedrooms,All property types,1990.34,1609.7,23.6
15,The Gallops,53.261164,-6.206022,9.41,29,No,"Leopardstown, Dublin 18",2018,All bedrooms,Semi detached house,2107.3,1819.37,15.8
15,The Gallops,53.261164,-6.206022,9.41,29,No,"Leopardstown, Dublin 18",2018,All bedrooms,Apartment,1952.04,1602.32,21.8
15,The Gallops,53.261164,-6.206022,9.41,29,No,"Leopardstown, Dublin 18",2018,One bed,All property types,1698.7,1201.35,41.4
15,The Gallops,53.261164,-6.206022,9.41,29,No,"Leopardstown, Dublin 18",2018,One bed,Apartment,1698.7,1335.09,27.2
15,The Gallops,53.261164,-6.206022,9.41,29,No,"Leopardstown, Dublin 18",2018,Two bed,All property types,1939.59,1630.39,19.0
15,The Gallops,53.261164,-6.206022,9.41,29,No,"Leopardstown, Dublin 18",2018,Two bed,Apartment,1936.93,1659.02,16.8
15,The Gallops,53.261164,-6.206022,9.41,29,No,"Leopardstown, Dublin 18",2018,Three bed,All property types,2166.79,1804.63,20.1
15,The Gallops,53.261164,-6.206022,9.41,29,No,"Leopardstown, Dublin 18",2018,Three bed,Semi detached house,1940.14,1688.06,14.9
15,The Gallops,53.261164,-6.206022,9.41,29,No,"Leopardstown, Dublin 18",2018,Three bed,Apartment,2445.7,2054.82,19.0
15,The Gallops,53.261164,-6.206022,9.41,29,No,"Leopardstown, Dublin 18",2018,1 to 2 bed,All property types,1881.01,1465.12,28.4
15,The Gallops,53.261164,-6.206022,9.41,29,No,"Leopardstown, Dublin 18",2018,1 to 2 bed,Apartment,1878.2,1551.43,21.1
15,The Gallops,53.261164,-6.206022,9.41,29,No,"Leopardstown, Dublin 18",2018,1 to 3 bed,All property types,1950.68,1541.73,26.5
15,The Gallops,53.261164,-6.206022,9.41,29,No,"Leopardstown, Dublin 18",2018,1 to 3 bed,Semi detached house,1940.14,1655.52,17.2
15,The Gallops,53.261164,-6.206022,9.41,29,No,"Leopardstown, Dublin 18",2018,1 to 3 bed,Apartment,1952.04,1594.48,22.4
15,The Gallops,53.261164,-6.206022,9.41,29,No,"Leopardstown, Dublin 18",2018,Four plus bed,All property types,2571.9,2423.99,6.1
15,The Gallops,53.261164,-6.206022,9.41,29,No,"Leopardstown, Dublin 18",2018,Four plus bed,Semi detached house,2336.46,2257.71,3.5
16,Leopardstown Valley,53.258247,-6.198361,9.91,31,No,"Leopardstown, Dublin 18",2018,All bedrooms,All property types,1990.34,1609.7,23.6
16,Leopardstown Valley,53.258247,-6.198361,9.91,31,No,"Leopardstown, Dublin 18",2018,All bedrooms,Semi detached house,2107.3,1819.37,15.8
16,Leopardstown Valley,53.258247,-6.198361,9.91,31,No,"Leopardstown, Dublin 18",2018,All bedrooms,Apartment,1952.04,1602.32,21.8
16,Leopardstown Valley,53.258247,-6.198361,9.91,31,No,"Leopardstown, Dublin 18",2018,One bed,All property types,1698.7,1201.35,41.4
16,Leopardstown Valley,53.258247,-6.198361,9.91,31,No,"Leopardstown, Dublin 18",2018,One bed,Apartment,1698.7,1335.09,27.2
16,Leopardstown Valley,53.258247,-6.198361,9.91,31,No,"Leopardstown, Dublin 18",2018,Two bed,All property types,1939.59,1630.39,19.0
16,Leopardstown Valley,53.258247,-6.198361,9.91,31,No,"Leopardstown, Dublin 18",2018,Two bed,Apartment,1936.93,1659.02,16.8
16,Leopardstown Valley,53.258247,-6.198361,9.91,31,No,"Leopardstown, Dublin 18",2018,Three bed,All property types,2166.79,1804.63,20.1
16,Leopardstown Valley,53.258247,-6.198361,9.91,31,No,"Leopardstown, Dublin 18",2018,Three bed,Semi detached house,1940.14,1688.06,14.9
16,Leopardstown Valley,53.258247,-6.198361,9.91,31,No,"Leopardstown, Dublin 18",2018,Three bed,Apartment,2445.7,2054.82,19.0
16,Leopardstown Valley,53.258247,-6.198361,9.91,31,No,"Leopardstown, Dublin 18",2018,1 to 2 bed,All property types,1881.01,1465.12,28.4
16,Leopardstown Valley,53.258247,-6.198361,9.91,31,No,"Leopardstown, Dublin 18",2018,1 to 2 bed,Apartment,1878.2,1551.43,21.1
16,Leopardstown Valley,53.258247,-6.198361,9.91,31,No,"Leopardstown, Dublin 18",2018,1 to 3 bed,All property types,1950.68,1541.73,26.5
16,Leopardstown Valley,53.258247,-6.198361,9.91,31,No,"Leopardstown, Dublin 18",2018,1 to 3 bed,Semi detached house,1940.14,1655.52,17.2
16,Leopardstown Valley,53.258247,-6.198361,9.91,31,No,"Leopardstown, Dublin 18",2018,1 to 3 bed,Apartment,1952.04,1594.48,22.4
16,Leopardstown Valley,53.258247,-6.198361,9.91,31,No,"Leopardstown, Dublin 18",2018,Four plus bed,All property types,2571.9,2423.99,6.1
16,Leopardstown Valley,53.258247,-6.198361,9.91,31,No,"Leopardstown, Dublin 18",2018,Four plus bed,Semi detached house,2336.46,2257.71,3.5
17,Ballyogan Wood,53.255047,-6.184475,10.65,33,No,"Carrickmines, Dublin 18",2018,All bedrooms,All property types,1787.03,1609.7,11.0
17,Ballyogan Wood,53.255047,-6.184475,10.65,33,No,"Carrickmines, Dublin 18",2018,All bedrooms,Apartment,1629.29,1602.32,1.7
17,Ballyogan Wood,53.255047,-6.184475,10.65,33,No,"Carrickmines, Dublin 18",2018,One bed,All property types,1380.11,1201.35,14.9
17,Ballyogan Wood,53.255047,-6.184475,10.65,33,No,"Carrickmines, Dublin 18",2018,One bed,Apartment,1380.11,1335.09,3.4
17,Ballyogan Wood,53.255047,-6.184475,10.65,33,No,"Carrickmines, Dublin 18",2018,Two bed,All property types,1709.15,1630.39,4.8
17,Ballyogan Wood,53.255047,-6.184475,10.65,33,No,"Carrickmines, Dublin 18",2018,Two bed,Apartment,1708.72,1659.02,3.0
17,Ballyogan Wood,53.255047,-6.184475,10.65,33,No,"Carrickmines, Dublin 18",2018,1 to 2 bed,All property types,1605.09,1465.12,9.6
17,Ballyogan Wood,53.255047,-6.184475,10.65,33,No,"Carrickmines, Dublin 18",2018,1 to 2 bed,Apartment,1602.07,1551.43,3.3
17,Ballyogan Wood,53.255047,-6.184475,10.65,33,No,"Carrickmines, Dublin 18",2018,1 to 3 bed,All property types,1666.43,1541.73,8.1
17,Ballyogan Wood,53.255047,-6.184475,10.65,33,No,"Carrickmines, Dublin 18",2018,1 to 3 bed,Apartment,1629.29,1594.48,2.2
18,Racecourse,53.255367,-6.175161,10.93,34,No,"Leopardstown, Dublin 18",2018,All bedrooms,All property types,1990.34,1609.7,23.6
18,Racecourse,53.255367,-6.175161,10.93,34,No,"Leopardstown, Dublin 18",2018,All bedrooms,Semi detached house,2107.3,1819.37,15.8
18,Racecourse,53.255367,-6.175161,10.93,34,No,"Leopardstown, Dublin 18",2018,All bedrooms,Apartment,1952.04,1602.32,21.8
18,Racecourse,53.255367,-6.175161,10.93,34,No,"Leopardstown, Dublin 18",2018,One bed,All property types,1698.7,1201.35,41.4
18,Racecourse,53.255367,-6.175161,10.93,34,No,"Leopardstown, Dublin 18",2018,One bed,Apartment,1698.7,1335.09,27.2
18,Racecourse,53.255367,-6.175161,10.93,34,No,"Leopardstown, Dublin 18",2018,Two bed,All property types,1939.59,1630.39,19.0
18,Racecourse,53.255367,-6.175161,10.93,34,No,"Leopardstown, Dublin 18",2018,Two bed,Apartment,1936.93,1659.02,16.8
18,Racecourse,53.255367,-6.175161,10.93,34,No,"Leopardstown, Dublin 18",2018,Three bed,All property types,2166.79,1804.63,20.1
18,Racecourse,53.255367,-6.175161,10.93,34,No,"Leopardstown, Dublin 18",2018,Three bed,Semi detached house,1940.14,1688.06,14.9
18,Racecourse,53.255367,-6.175161,10.93,34,No,"Leopardstown, Dublin 18",2018,Three bed,Apartment,2445.7,2054.82,19.0
18,Racecourse,53.255367,-6.175161,10.93,34,No,"Leopardstown, Dublin 18",2018,1 to 2 bed,All property types,1881.01,1465.12,28.4
18,Racecourse,53.255367,-6.175161,10.93,34,No,"Leopardstown, Dublin 18",2018,1 to 2 bed,Apartment,1878.2,1551.43,21.1
18,Racecourse,53.255367,-6.175161,10.93,34,No,"Leopardstown, Dublin 18",2018,1 to 3 bed,All property types,1950.68,1541.73,26.5
18,Racecourse,53.255367,-6.175161,10.93,34,No,"Leopardstown, Dublin 18",2018,1 to 3 bed,Semi detached house,1940.14,1655.52,17.2
18,Racecourse,53.255367,-6.175161,10.93,34,No,"Leopardstown, Dublin 18",2018,1 to 3 bed,Apartment,1952.04,1594.48,22.4
18,Racecourse,53.255367,-6.175161,10.93,34,No,"Leopardstown, Dublin 18",2018,Four plus bed,All property types,2571.9,2423.99,6.1
18,Racecourse,53.255367,-6.175161,10.93,34,No,"Leopardstown, Dublin 18",2018,Four plus bed,Semi detached house,2336.46,2257.71,3.5
19,Carrickmines,53.254033,-6.169908,11.24,36,Yes,"Carrickmines, Dublin 18",2018,All bedrooms,All property types,1787.03,1609.7,11.0
19,Carrickmines,53.254033,-6.169908,11.24,36,Yes,"Carrickmines, Dublin 18",2018,All bedrooms,Apartment,1629.29,1602.32,1.7
19,Carrickmines,53.254033,-6.169908,11.24,36,Yes,"Carrickmines, Dublin 18",2018,One bed,All property types,1380.11,1201.35,14.9
19,Carrickmines,53.254033,-6.169908,11.24,36,Yes,"Carrickmines, Dublin 18",2018,One bed,Apartment,1380.11,1335.09,3.4
19,Carrickmines,53.254033,-6.169908,11.24,36,Yes,"Carrickmines, Dublin 18",2018,Two bed,All property types,1709.15,1630.39,4.8
19,Carrickmines,53.254033,-6.169908,11.24,36,Yes,"Carrickmines, Dublin 18",2018,Two bed,Apartment,1708.72,1659.02,3.0
19,Carrickmines,53.254033,-6.169908,11.24,36,Yes,"Carrickmines, Dublin 18",2018,1 to 2 bed,All property types,1605.09,1465.12,9.6
19,Carrickmines,53.254033,-6.169908,11.24,36,Yes,"Carrickmines, Dublin 18",2018,1 to 2 bed,Apartment,1602.07,1551.43,3.3
19,Carrickmines,53.254033,-6.169908,11.24,36,Yes,"Carrickmines, Dublin 18",2018,1 to 3 bed,All property types,1666.43,1541.73,8.1
19,Carrickmines,53.254033,-6.169908,11.24,36,Yes,"Carrickmines, Dublin 18",2018,1 to 3 bed,Apartment,1629.29,1594.48,2.2
20,Brennanstown,53.252619,-6.161597,11.68,37,No,"Cabinteely, Dublin 18",2018,All bedrooms,All property types,1752.89,1609.7,8.9
20,Brennanstown,53.252619,-6.161597,11.68,37,No,"Cabinteely, Dublin 18",2018,All bedrooms,Detached house,2511.92,2259.09,11.2
20,Brennanstown,53.252619,-6.161597,11.68,37,No,"Cabinteely, Dublin 18",2018,All bedrooms,Semi detached house,2045.87,1819.37,12.4
20,Brennanstown,53.252619,-6.161597,11.68,37,No,"Cabinteely, Dublin 18",2018,All bedrooms,Apartment,1556.25,1602.32,-2.9
20,Brennanstown,53.252619,-6.161597,11.68,37,No,"Cabinteely, Dublin 18",2018,One bed,All property types,1279.61,1201.35,6.5
20,Brennanstown,53.252619,-6.161597,11.68,37,No,"Cabinteely, Dublin 18",2018,Two bed,All property types,1507.85,1630.39,-7.5
20,Brennanstown,53.252619,-6.161597,11.68,37,No,"Cabinteely, Dublin 18",2018,Two bed,Apartment,1499.27,1659.02,-9.6
20,Brennanstown,53.252619,-6.161597,11.68,37,No,"Cabinteely, Dublin 18",2018,Three bed,All property types,1858.17,1804.63,3.0
20,Brennanstown,53.252619,-6.161597,11.68,37,No,"Cabinteely, Dublin 18",2018,Three bed,Semi detached house,1865.73,1688.06,10.5
20,Brennanstown,53.252619,-6.161597,11.68,37,No,"Cabinteely, Dublin 18",2018,Three bed,Apartment,1852.0,2054.82,-9.9
20,Brennanstown,53.252619,-6.161597,11.68,37,No,"Cabinteely, Dublin 18",2018,1 to 2 bed,All property types,1474.21,1465.12,0.6
20,Brennanstown,53.252619,-6.161597,11.68,37,No,"Cabinteely, Dublin 18",2018,1 to 2 bed,Apartment,1475.46,1551.43,-4.9
20,Brennanstown,53.252619,-6.161597,11.68,37,No,"Cabinteely, Dublin 18",2018,1 to 3 bed,All property types,1602.2,1541.73,3.9
20,Brennanstown,53.252619,-6.161597,11.68,37,No,"Cabinteely, Dublin 18",2018,1 to 3 bed,Semi detached house,1859.47,1655.52,12.3
20,Brennanstown,53.252619,-6.161597,11.68,37,No,"Cabinteely, Dublin 18",2018,1 to 3 bed,Apartment,1550.77,1594.48,-2.7
20,Brennanstown,53.252619,-6.161597,11.68,37,No,"Cabinteely, Dublin 18",2018,Four plus bed,All property types,2564.6,2423.99,5.8
21,Laughanstown,53.250606,-6.155006,12.11,39,No,"Cabinteely, Dublin 18",2018,All bedrooms,All property types,1752.89,1609.7,8.9
21,Laughanstown,53.250606,-6.155006,12.11,39,No,"Cabinteely, Dublin 18",2018,All bedrooms,Detached house,2511.92,2259.09,11.2
21,Laughanstown,53.250606,-6.155006,12.11,39,No,"Cabinteely, Dublin 18",2018,All bedrooms,Semi detached house,2045.87,1819.37,12.4
21,Laughanstown,53.250606,-6.155006,12.11,39,No,"Cabinteely, Dublin 18",2018,All bedrooms,Apartment,1556.25,1602.32,-2.9
21,Laughanstown,53.250606,-6.155006,12.11,39,No,"Cabinteely, Dublin 18",2018,One bed,All property types,1279.61,1201.35,6.5
21,Laughanstown,53.250606,-6.155006,12.11,39,No,"Cabinteely, Dublin 18",2018,Two bed,All property types,1507.85,1630.39,-7.5
21,Laughanstown,53.250606,-6.155006,12.11,39,No,"Cabinteely, Dublin 18",2018,Two bed,Apartment,1499.27,1659.02,-9.6
21,Laughanstown,53.250606,-6.155006,12.11,39,No,"Cabinteely, Dublin 18",2018,Three bed,All property types,1858.17,1804.63,3.0
21,Laughanstown,53.250606,-6.155006,12.11,39,No,"Cabinteely, Dublin 18",2018,Three bed,Semi detached house,1865.73,1688.06,10.5
21,Laughanstown,53.250606,-6.155006,12.11,39,No,"Cabinteely, Dublin 18",2018,Three bed,Apartment,1852.0,2054.82,-9.9
21,Laughanstown,53.250606,-6.155006,12.11,39,No,"Cabinteely, Dublin 18",2018,1 to 2 bed,All property types,1474.21,1465.12,0.6
21,Laughanstown,53.250606,-6.155006,12.11,39,No,"Cabinteely, Dublin 18",2018,1 to 2 bed,Apartment,1475.46,1551.43,-4.9
21,Laughanstown,53.250606,-6.155006,12.11,39,No,"Cabinteely, Dublin 18",2018,1 to 3 bed,All property types,1602.2,1541.73,3.9
21,Laughanstown,53.250606,-6.155006,12.11,39,No,"Cabinteely, Dublin 18",2018,1 to 3 bed,Semi detached house,1859.47,1655.52,12.3
21,Laughanstown,53.250606,-6.155006,12.11,39,No,"Cabinteely, Dublin 18",2018,1 to 3 bed,Apartment,1550.77,1594.48,-2.7
21,Laughanstown,53.250606,-6.155006,12.11,39,No,"Cabinteely, Dublin 18",2018,Four plus bed,All property types,2564.6,2423.99,5.8
22,Cherrywood,53.245333,-6.145853,12.94,41,No,"Cabinteely, Dublin 18",2018,All bedrooms,All property types,1752.89,1609.7,8.9
22,Cherrywood,53.245333,-6.145853,12.94,41,No,"Cabinteely, Dublin 18",2018,All bedrooms,Detached house,2511.92,2259.09,11.2
22,Cherrywood,53.245333,-6.145853,12.94,41,No,"Cabinteely, Dublin 18",2018,All bedrooms,Semi detached house,2045.87,1819.37,12.4
22,Cherrywood,53.245333,-6.145853,12.94,41,No,"Cabinteely, Dublin 18",2018,All bedrooms,Apartment,1556.25,1602.32,-2.9
22,Cherrywood,53.245333,-6.145853,12.94,41,No,"Cabinteely, Dublin 18",2018,One bed,All property types,1279.61,1201.35,6.5
22,Cherrywood,53.245333,-6.145853,12.94,41,No,"Cabinteely, Dublin 18",2018,Two bed,All property types,1507.85,1630.39,-7.5
22,Cherrywood,53.245333,-6.145853,12.94,41,No,"Cabinteely, Dublin 18",2018,Two bed,Apartment,1499.27,1659.02,-9.6
22,Cherrywood,53.245333,-6.145853,12.94,41,No,"Cabinteely, Dublin 18",2018,Three bed,All property types,1858.17,1804.63,3.0
22,Cherrywood,53.245333,-6.145853,12.94,41,No,"Cabinteely, Dublin 18",2018,Three bed,Semi detached house,1865.73,1688.06,10.5
22,Cherrywood,53.245333,-6.145853,12.94,41,No,"Cabinteely, Dublin 18",2018,Three bed,Apartment,1852.0,2054.82,-9.9
22,Cherrywood,53.245333,-6.145853,12.94,41,No,"Cabinteely, Dublin 18",2018,1 to 2 bed,All property types,1474.21,1465.12,0.6
22,Cherrywood,53.245333,-6.145853,12.94,41,No,"Cabinteely, Dublin 18",2018,1 to 2 bed,Apartment,1475.46,1551.43,-4.9
22,Cherrywood,53.245333,-6.145853,12.94,41,No,"Cabinteely, Dublin 18",2018,1 to 3 bed,All property types,1602.2,1541.73,3.9
22,Cherrywood,53.245333,-6.145853,12.94,41,No,"Cabinteely, Dublin 18",2018,1 to 3 bed,Semi detached house,1859.47,1655.52,12.3
22,Cherrywood,53.245333,-6.145853,12.94,41,No,"Cabinteely, Dublin 18",2018,1 to 3 bed,Apartment,1550.77,1594.48,-2.7
22,Cherrywood,53.245333,-6.145853,12.94,41,No,"Cabinteely, Dublin 18",2018,Four plus bed,All property types,2564.6,2423.99,5.8
23,Brides Glen,53.242075,-6.142886,13.35,42,No,"Shankill, Dublin",2018,All bedrooms,All property types,1633.9,1609.7,1.5
23,Brides Glen,53.242075,-6.142886,13.35,42,No,"Shankill, Dublin",2018,All bedrooms,Detached house,1900.34,2259.09,-15.9
23,Brides Glen,53.242075,-6.142886,13.35,42,No,"Shankill, Dublin",2018,All bedrooms,Semi detached house,1814.93,1819.37,-0.2
23,Brides Glen,53.242075,-6.142886,13.35,42,No,"Shankill, Dublin",2018,All bedrooms,Apartment,1435.09,1602.32,-10.4
23,Brides Glen,53.242075,-6.142886,13.35,42,No,"Shankill, Dublin",2018,Two bed,All property types,1483.79,1630.39,-9.0
23,Brides Glen,53.242075,-6.142886,13.35,42,No,"Shankill, Dublin",2018,Two bed,Apartment,1473.84,1659.02,-11.2
23,Brides Glen,53.242075,-6.142886,13.35,42,No,"Shankill, Dublin",2018,Three bed,All property types,1753.98,1804.63,-2.8
23,Brides Glen,53.242075,-6.142886,13.35,42,No,"Shankill, Dublin",2018,Three bed,Semi detached house,1694.44,1688.06,0.4
23,Brides Glen,53.242075,-6.142886,13.35,42,No,"Shankill, Dublin",2018,1 to 2 bed,All property types,1437.05,1465.12,-1.9
23,Brides Glen,53.242075,-6.142886,13.35,42,No,"Shankill, Dublin",2018,1 to 2 bed,Apartment,1422.73,1551.43,-8.3
23,Brides Glen,53.242075,-6.142886,13.35,42,No,"Shankill, Dublin",2018,1 to 3 bed,All property types,1542.01,1541.73,0.0
23,Brides Glen,53.242075,-6.142886,13.35,42,No,"Shankill, Dublin",2018,1 to 3 bed,Semi detached house,1705.09,1655.52,3.0
23,Brides Glen,53.242075,-6.142886,13.35,42,No,"Shankill, Dublin",2018,1 to 3 bed,Apartment,1435.09,1594.48,-10.0
23,Brides Glen,53.242075,-6.142886,13.35,42,No,"Shankill, Dublin",2018,Four plus bed,All property types,2038.22,2423.99,-15.9
23,Brides Glen,53.242075,-6.142886,13.35,42,No,"Shankill, Dublin",2018,Four plus bed,Semi detached house,1820.8,2257.71,-19.4
0,St. Stephen's Green,53.339072,-6.261333,0.0,0,No,"Charlemont Street, Dublin 2",2019,All bedrooms,All property types,1956.88,1694.36,15.5
0,St. Stephen's Green,53.339072,-6.261333,0.0,0,No,"Charlemont Street, Dublin 2",2019,All bedrooms,Apartment,1956.88,1684.07,16.2
0,St. Stephen's Green,53.339072,-6.261333,0.0,0,No,"Charlemont Street, Dublin 2",2019,Two bed,All property types,1918.74,1726.76,11.1
0,St. Stephen's Green,53.339072,-6.261333,0.0,0,No,"Charlemont Street, Dublin 2",2019,Two bed,Apartment,1918.74,1755.37,9.3
0,St. Stephen's Green,53.339072,-6.261333,0.0,0,No,"Charlemont Street, Dublin 2",2019,1 to 2 bed,All property types,1868.52,1546.77,20.8
0,St. Stephen's Green,53.339072,-6.261333,0.0,0,No,"Charlemont Street, Dublin 2",2019,1 to 2 bed,Apartment,1868.52,1635.35,14.3
0,St. Stephen's Green,53.339072,-6.261333,0.0,0,No,"Charlemont Street, Dublin 2",2019,1 to 3 bed,All property types,1956.88,1628.19,20.2
0,St. Stephen's Green,53.339072,-6.261333,0.0,0,No,"Charlemont Street, Dublin 2",2019,1 to 3 bed,Apartment,1956.88,1680.56,16.4
1,Harcourt,53.333358,-6.26265,0.64,2,No,"Charlemont Street, Dublin 2",2019,All bedrooms,All property types,1956.88,1694.36,15.5
1,Harcourt,53.333358,-6.26265,0.64,2,No,"Charlemont Street, Dublin 2",2019,All bedrooms,Apartment,1956.88,1684.07,16.2
1,Harcourt,53.333358,-6.26265,0.64,2,No,"Charlemont Street, Dublin 2",2019,Two bed,All property types,1918.74,1726.76,11.1
1,Harcourt,53.333358,-6.26265,0.64,2,No,"Charlemont Street, Dublin 2",2019,Two bed,Apartment,1918.74,1755.37,9.3
1,Harcourt,53.333358,-6.26265,0.64,2,No,"Charlemont Street, Dublin 2",2019,1 to 2 bed,All property types,1868.52,1546.77,20.8
1,Harcourt,53.333358,-6.26265,0.64,2,No,"Charlemont Street, Dublin 2",2019,1 to 2 bed,Apartment,1868.52,1635.35,14.3
1,Harcourt,53.333358,-6.26265,0.64,2,No,"Charlemont Street, Dublin 2",2019,1 to 3 bed,All property types,1956.88,1628.19,20.2
1,Harcourt,53.333358,-6.26265,0.64,2,No,"Charlemont Street, Dublin 2",2019,1 to 3 bed,Apartment,1956.88,1680.56,16.4
2,Charlemont,53.330669,-6.258683,0.95,4,No,"Charlemont Street, Dublin 2",2019,All bedrooms,All property types,1956.88,1694.36,15.5
2,Charlemont,53.330669,-6.258683,0.95,4,No,"Charlemont Street, Dublin 2",2019,All bedrooms,Apartment,1956.88,1684.07,16.2
2,Charlemont,53.330669,-6.258683,0.95,4,No,"Charlemont Street, Dublin 2",2019,Two bed,All property types,1918.74,1726.76,11.1
2,Charlemont,53.330669,-6.258683,0.95,4,No,"Charlemont Street, Dublin 2",2019,Two bed,Apartment,1918.74,1755.37,9.3
2,Charlemont,53.330669,-6.258683,0.95,4,No,"Charlemont Street, Dublin 2",2019,1 to 2 bed,All property types,1868.52,1546.77,20.8
2,Charlemont,53.330669,-6.258683,0.95,4,No,"Charlemont Street, Dublin 2",2019,1 to 2 bed,Apartment,1868.52,1635.35,14.3
2,Charlemont,53.330669,-6.258683,0.95,4,No,"Charlemont Street, Dublin 2",2019,1 to 3 bed,All property types,1956.88,1628.19,20.2
2,Charlemont,53.330669,-6.258683,0.95,4,No,"Charlemont Street, Dublin 2",2019,1 to 3 bed,Apartment,1956.88,1680.56,16.4
3,Ranelagh,53.326433,-6.256203,1.45,7,No,"Ranelagh, Dublin 6",2019,All bedrooms,All property types,1778.65,1694.36,5.0
3,Ranelagh,53.326433,-6.256203,1.45,7,No,"Ranelagh, Dublin 6",2019,All bedrooms,Semi detached house,2873.01,1923.53,49.4
3,Ranelagh,53.326433,-6.256203,1.45,7,No,"Ranelagh, Dublin 6",2019,All bedrooms,Terrace house,2670.21,1844.69,44.8
3,Ranelagh,53.326433,-6.256203,1.45,7,No,"Ranelagh, Dublin 6",2019,All bedrooms,Apartment,1708.56,1684.07,1.5
3,Ranelagh,53.326433,-6.256203,1.45,7,No,"Ranelagh, Dublin 6",2019,All bedrooms,Other flats,1163.14,1111.99,4.6
3,Ranelagh,53.326433,-6.256203,1.45,7,No,"Ranelagh, Dublin 6",2019,One bed,All property types,1274.09,1276.42,-0.2
3,Ranelagh,53.326433,-6.256203,1.45,7,No,"Ranelagh, Dublin 6",2019,One bed,Apartment,1480.55,1410.56,5.0
3,Ranelagh,53.326433,-6.256203,1.45,7,No,"Ranelagh, Dublin 6",2019,One bed,Other flats,1094.66,1020.87,7.2
3,Ranelagh,53.326433,-6.256203,1.45,7,No,"Ranelagh, Dublin 6",2019,Two bed,All property types,1917.4,1726.76,11.0
3,Ranelagh,53.326433,-6.256203,1.45,7,No,"Ranelagh, Dublin 6",2019,Two bed,Terrace house,2143.34,1647.27,30.1
3,Ranelagh,53.326433,-6.256203,1.45,7,No,"Ranelagh, Dublin 6",2019,Two bed,Apartment,1945.39,1755.37,10.8
3,Ranelagh,53.326433,-6.256203,1.45,7,No,"Ranelagh, Dublin 6",2019,Two bed,Other flats,1409.47,1434.64,-1.8
3,Ranelagh,53.326433,-6.256203,1.45,7,No,"Ranelagh, Dublin 6",2019,Three bed,All property types,2767.77,1912.55,44.7
3,Ranelagh,53.326433,-6.256203,1.45,7,No,"Ranelagh, Dublin 6",2019,Three bed,Semi detached house,2962.57,1791.29,65.4
3,Ranelagh,53.326433,-6.256203,1.45,7,No,"Ranelagh, Dublin 6",2019,Three bed,Terrace house,2773.39,1852.64,49.7
3,Ranelagh,53.326433,-6.256203,1.45,7,No,"Ranelagh, Dublin 6",2019,1 to 2 bed,All property types,1484.61,1546.77,-4.0
3,Ranelagh,53.326433,-6.256203,1.45,7,No,"Ranelagh, Dublin 6",2019,1 to 2 bed,Terrace house,2022.19,1597.73,26.6
3,Ranelagh,53.326433,-6.256203,1.45,7,No,"Ranelagh, Dublin 6",2019,1 to 2 bed,Apartment,1663.49,1635.35,1.7
3,Ranelagh,53.326433,-6.256203,1.45,7,No,"Ranelagh, Dublin 6",2019,1 to 2 bed,Other flats,1134.22,1083.33,4.7
3,Ranelagh,53.326433,-6.256203,1.45,7,No,"Ranelagh, Dublin 6",2019,1 to 3 bed,All property types,1650.1,1628.19,1.3
3,Ranelagh,53.326433,-6.256203,1.45,7,No,"Ranelagh, Dublin 6",2019,1 to 3 bed,Semi detached house,2561.68,1752.97,46.1
3,Ranelagh,53.326433,-6.256203,1.45,7,No,"Ranelagh, Dublin 6",2019,1 to 3 bed,Terrace house,2414.61,1730.01,39.6
3,Ranelagh,53.326433,-6.256203,1.45,7,No,"Ranelagh, Dublin 6",2019,1 to 3 bed,Apartment,1701.69,1680.56,1.3
3,Ranelagh,53.326433,-6.256203,1.45,7,No,"Ranelagh, Dublin 6",2019,1 to 3 bed,Other flats,1159.15,1106.59,4.7
3,Ranelagh,53.326433,-6.256203,1.45,7,No,"Ranelagh, Dublin 6",2019,Four plus bed,All property types,3396.82,2509.34,35.4
3,Ranelagh,53.326433,-6.256203,1.45,7,No,"Ranelagh, Dublin 6",2019,Four plus bed,Terrace house,3341.8,2596.56,28.7
4,Beechwood,53.320822,-6.254653,2.08,9,No,"Ranelagh, Dublin 6",2019,All bedrooms,All property types,1778.65,1694.36,5.0
4,Beechwood,53.320822,-6.254653,2.08,9,No,"Ranelagh, Dublin 6",2019,All bedrooms,Semi detached house,2873.01,1923.53,49.4
4,Beechwood,53.320822,-6.254653,2.08,9,No,"Ranelagh, Dublin 6",2019,All bedrooms,Terrace house,2670.21,1844.69,44.8
4,Beechwood,53.320822,-6.254653,2.08,9,No,"Ranelagh, Dublin 6",2019,All bedrooms,Apartment,1708.56,1684.07,1.5
4,Beechwood,53.320822,-6.254653,2.08,9,No,"Ranelagh, Dublin 6",2019,All bedrooms,Other flats,1163.14,1111.99,4.6
4,Beechwood,53.320822,-6.254653,2.08,9,No,"Ranelagh, Dublin 6",2019,One bed,All property types,1274.09,1276.42,-0.2
4,Beechwood,53.320822,-6.254653,2.08,9,No,"Ranelagh, Dublin 6",2019,One bed,Apartment,1480.55,1410.56,5.0
4,Beechwood,53.320822,-6.254653,2.08,9,No,"Ranelagh, Dublin 6",2019,One bed,Other flats,1094.66,1020.87,7.2
4,Beechwood,53.320822,-6.254653,2.08,9,No,"Ranelagh, Dublin 6",2019,Two bed,All property types,1917.4,1726.76,11.0
4,Beechwood,53.320822,-6.254653,2.08,9,No,"Ranelagh, Dublin 6",2019,Two bed,Terrace house,2143.34,1647.27,30.1
4,Beechwood,53.320822,-6.254653,2.08,9,No,"Ranelagh, Dublin 6",2019,Two bed,Apartment,1945.39,1755.37,10.8
4,Beechwood,53.320822,-6.254653,2.08,9,No,"Ranelagh, Dublin 6",2019,Two bed,Other flats,1409.47,1434.64,-1.8
4,Beechwood,53.320822,-6.254653,2.08,9,No,"Ranelagh, Dublin 6",2019,Three bed,All property types,2767.77,1912.55,44.7
4,Beechwood,53.320822,-6.254653,2.08,9,No,"Ranelagh, Dublin 6",2019,Three bed,Semi detached house,2962.57,1791.29,65.4
4,Beechwood,53.320822,-6.254653,2.08,9,No,"Ranelagh, Dublin 6",2019,Three bed,Terrace house,2773.39,1852.64,49.7
4,Beechwood,53.320822,-6.254653,2.08,9,No,"Ranelagh, Dublin 6",2019,1 to 2 bed,All property types,1484.61,1546.77,-4.0
4,Beechwood,53.320822,-6.254653,2.08,9,No,"Ranelagh, Dublin 6",2019,1 to 2 bed,Terrace house,2022.19,1597.73,26.6
4,Beechwood,53.320822,-6.254653,2.08,9,No,"Ranelagh, Dublin 6",2019,1 to 2 bed,Apartment,1663.49,1635.35,1.7
4,Beechwood,53.320822,-6.254653,2.08,9,No,"Ranelagh, Dublin 6",2019,1 to 2 bed,Other flats,1134.22,1083.33,4.7
4,Beechwood,53.320822,-6.254653,2.08,9,No,"Ranelagh, Dublin 6",2019,1 to 3 bed,All property types,1650.1,1628.19,1.3
4,Beechwood,53.320822,-6.254653,2.08,9,No,"Ranelagh, Dublin 6",2019,1 to 3 bed,Semi detached house,2561.68,1752.97,46.1
4,Beechwood,53.320822,-6.254653,2.08,9,No,"Ranelagh, Dublin 6",2019,1 to 3 bed,Terrace house,2414.61,1730.01,39.6
4,Beechwood,53.320822,-6.254653,2.08,9,No,"Ranelagh, Dublin 6",2019,1 to 3 bed,Apartment,1701.69,1680.56,1.3
4,Beechwood,53.320822,-6.254653,2.08,9,No,"Ranelagh, Dublin 6",2019,1 to 3 bed,Other flats,1159.15,1106.59,4.7
4,Beechwood,53.320822,-6.254653,2.08,9,No,"Ranelagh, Dublin 6",2019,Four plus bed,All property types,3396.82,2509.34,35.4
4,Beechwood,53.320822,-6.254653,2.08,9,No,"Ranelagh, Dublin 6",2019,Four plus bed,Terrace house,3341.8,2596.56,28.7
5,Cowper,53.316467,-6.253447,2.57,11,No,"Ranelagh, Dublin 6",2019,All bedrooms,All property types,1778.65,1694.36,5.0
5,Cowper,53.316467,-6.253447,2.57,11,No,"Ranelagh, Dublin 6",2019,All bedrooms,Semi detached house,2873.01,1923.53,49.4
5,Cowper,53.316467,-6.253447,2.57,11,No,"Ranelagh, Dublin 6",2019,All bedrooms,Terrace house,2670.21,1844.69,44.8
5,Cowper,53.316467,-6.253447,2.57,11,No,"Ranelagh, Dublin 6",2019,All bedrooms,Apartment,1708.56,1684.07,1.5
5,Cowper,53.316467,-6.253447,2.57,11,No,"Ranelagh, Dublin 6",2019,All bedrooms,Other flats,1163.14,1111.99,4.6
5,Cowper,53.316467,-6.253447,2.57,11,No,"Ranelagh, Dublin 6",2019,One bed,All property types,1274.09,1276.42,-0.2
5,Cowper,53.316467,-6.253447,2.57,11,No,"Ranelagh, Dublin 6",2019,One bed,Apartment,1480.55,1410.56,5.0
5,Cowper,53.316467,-6.253447,2.57,11,No,"Ranelagh, Dublin 6",2019,One bed,Other flats,1094.66,1020.87,7.2
5,Cowper,53.316467,-6.253447,2.57,11,No,"Ranelagh, Dublin 6",2019,Two bed,All property types,1917.4,1726.76,11.0
5,Cowper,53.316467,-6.253447,2.57,11,No,"Ranelagh, Dublin 6",2019,Two bed,Terrace house,2143.34,1647.27,30.1
5,Cowper,53.316467,-6.253447,2.57,11,No,"Ranelagh, Dublin 6",2019,Two bed,Apartment,1945.39,1755.37,10.8
5,Cowper,53.316467,-6.253447,2.57,11,No,"Ranelagh, Dublin 6",2019,Two bed,Other flats,1409.47,1434.64,-1.8
5,Cowper,53.316467,-6.253447,2.57,11,No,"Ranelagh, Dublin 6",2019,Three bed,All property types,2767.77,1912.55,44.7
5,Cowper,53.316467,-6.253447,2.57,11,No,"Ranelagh, Dublin 6",2019,Three bed,Semi detached house,2962.57,1791.29,65.4
5,Cowper,53.316467,-6.253447,2.57,11,No,"Ranelagh, Dublin 6",2019,Three bed,Terrace house,2773.39,1852.64,49.7
5,Cowper,53.316467,-6.253447,2.57,11,No,"Ranelagh, Dublin 6",2019,1 to 2 bed,All property types,1484.61,1546.77,-4.0
5,Cowper,53.316467,-6.253447,2.57,11,No,"Ranelagh, Dublin 6",2019,1 to 2 bed,Terrace house,2022.19,1597.73,26.6
5,Cowper,53.316467,-6.253447,2.57,11,No,"Ranelagh, Dublin 6",2019,1 to 2 bed,Apartment,1663.49,1635.35,1.7
5,Cowper,53.316467,-6.253447,2.57,11,No,"Ranelagh, Dublin 6",2019,1 to 2 bed,Other flats,1134.22,1083.33,4.7
5,Cowper,53.316467,-6.253447,2.57,11,No,"Ranelagh, Dublin 6",2019,1 to 3 bed,All property types,1650.1,1628.19,1.3
5,Cowper,53.316467,-6.253447,2.57,11,No,"Ranelagh, Dublin 6",2019,1 to 3 bed,Semi detached house,2561.68,1752.97,46.1
5,Cowper,53.316467,-6.253447,2.57,11,No,"Ranelagh, Dublin 6",2019,1 to 3 bed,Terrace house,2414.61,1730.01,39.6
5,Cowper,53.316467,-6.253447,2.57,11,No,"Ranelagh, Dublin 6",2019,1 to 3 bed,Apartment,1701.69,1680.56,1.3
5,Cowper,53.316467,-6.253447,2.57,11,No,"Ranelagh, Dublin 6",2019,1 to 3 bed,Other flats,1159.15,1106.59,4.7
5,Cowper,53.316467,-6.253447,2.57,11,No,"Ranelagh, Dublin 6",2019,Four plus bed,All property types,3396.82,2509.34,35.4
5,Cowper,53.316467,-6.253447,2.57,11,No,"Ranelagh, Dublin 6",2019,Four plus bed,Terrace house,3341.8,2596.56,28.7
6,Milltown,53.309917,-6.251728,3.3,13,No,"Milltown, Dublin 6",2019,All bedrooms,All property types,2040.73,1694.36,20.4
6,Milltown,53.309917,-6.251728,3.3,13,No,"Milltown, Dublin 6",2019,All bedrooms,Terrace house,2092.89,1844.69,13.5
6,Milltown,53.309917,-6.251728,3.3,13,No,"Milltown, Dublin 6",2019,All bedrooms,Apartment,1978.47,1684.07,17.5
6,Milltown,53.309917,-6.251728,3.3,13,No,"Milltown, Dublin 6",2019,One bed,All property types,1613.54,1276.42,26.4
6,Milltown,53.309917,-6.251728,3.3,13,No,"Milltown, Dublin 6",2019,One bed,Apartment,1653.86,1410.56,17.2
6,Milltown,53.309917,-6.251728,3.3,13,No,"Milltown, Dublin 6",2019,Two bed,All property types,1982.67,1726.76,14.8
6,Milltown,53.309917,-6.251728,3.3,13,No,"Milltown, Dublin 6",2019,Two bed,Terrace house,1828.19,1647.27,11.0
6,Milltown,53.309917,-6.251728,3.3,13,No,"Milltown, Dublin 6",2019,Two bed,Apartment,2019.16,1755.37,15.0
6,Milltown,53.309917,-6.251728,3.3,13,No,"Milltown, Dublin 6",2019,Three bed,All property types,2442.21,1912.55,27.7
6,Milltown,53.309917,-6.251728,3.3,13,No,"Milltown, Dublin 6",2019,Three bed,Apartment,2452.2,2146.22,14.3
6,Milltown,53.309917,-6.251728,3.3,13,No,"Milltown, Dublin 6",2019,1 to 2 bed,All property types,1877.35,1546.77,21.4
6,Milltown,53.309917,-6.251728,3.3,13,No,"Milltown, Dublin 6",2019,1 to 2 bed,Terrace house,1828.19,1597.73,14.4
6,Milltown,53.309917,-6.251728,3.3,13,No,"Milltown, Dublin 6",2019,1 to 2 bed,Apartment,1902.7,1635.35,16.3
6,Milltown,53.309917,-6.251728,3.3,13,No,"Milltown, Dublin 6",2019,1 to 3 bed,All property types,1985.68,1628.19,22.0
6,Milltown,53.309917,-6.251728,3.3,13,No,"Milltown, Dublin 6",2019,1 to 3 bed,Terrace house,1947.82,1730.01,12.6
6,Milltown,53.309917,-6.251728,3.3,13,No,"Milltown, Dublin 6",2019,1 to 3 bed,Apartment,1974.8,1680.56,17.5
7,Windy Arbour,53.301558,-6.250708,4.23,15,No,"Churchtown, Dublin 14",2019,All bedrooms,All property types,2191.18,1694.36,29.3
7,Windy Arbour,53.301558,-6.250708,4.23,15,No,"Churchtown, Dublin 14",2019,All bedrooms,Semi detached house,2475.19,1923.53,28.7
7,Windy Arbour,53.301558,-6.250708,4.23,15,No,"Churchtown, Dublin 14",2019,All bedrooms,Terrace house,2156.08,1844.69,16.9
7,Windy Arbour,53.301558,-6.250708,4.23,15,No,"Churchtown, Dublin 14",2019,All bedrooms,Apartment,2074.62,1684.07,23.2
7,Windy Arbour,53.301558,-6.250708,4.23,15,No,"Churchtown, Dublin 14",2019,One bed,All property types,1578.8,1276.42,23.7
7,Windy Arbour,53.301558,-6.250708,4.23,15,No,"Churchtown, Dublin 14",2019,One bed,Apartment,1599.63,1410.56,13.4
7,Windy Arbour,53.301558,-6.250708,4.23,15,No,"Churchtown, Dublin 14",2019,Two bed,All property types,2162.31,1726.76,25.2
7,Windy Arbour,53.301558,-6.250708,4.23,15,No,"Churchtown, Dublin 14",2019,Two bed,Apartment,2195.5,1755.37,25.1
7,Windy Arbour,53.301558,-6.250708,4.23,15,No,"Churchtown, Dublin 14",2019,Three bed,All property types,2303.14,1912.55,20.4
7,Windy Arbour,53.301558,-6.250708,4.23,15,No,"Churchtown, Dublin 14",2019,Three bed,Semi detached house,2313.06,1791.29,29.1
7,Windy Arbour,53.301558,-6.250708,4.23,15,No,"Churchtown, Dublin 14",2019,Three bed,Terrace house,2020.57,1852.64,9.1
7,Windy Arbour,53.301558,-6.250708,4.23,15,No,"Churchtown, Dublin 14",2019,1 to 2 bed,All property types,1995.01,1546.77,29.0
7,Windy Arbour,53.301558,-6.250708,4.23,15,No,"Churchtown, Dublin 14",2019,1 to 2 bed,Apartment,2015.79,1635.35,23.3
7,Windy Arbour,53.301558,-6.250708,4.23,15,No,"Churchtown, Dublin 14",2019,1 to 3 bed,All property types,2101.94,1628.19,29.1
7,Windy Arbour,53.301558,-6.250708,4.23,15,No,"Churchtown, Dublin 14",2019,1 to 3 bed,Semi detached house,2303.68,1752.97,31.4
7,Windy Arbour,53.301558,-6.250708,4.23,15,No,"Churchtown, Dublin 14",2019,1 to 3 bed,Terrace house,2060.35,1730.01,19.1
7,Windy Arbour,53.301558,-6.250708,4.23,15,No,"Churchtown, Dublin 14",2019,1 to 3 bed,Apartment,2074.62,1680.56,23.4
7,Windy Arbour,53.301558,-6.250708,4.23,15,No,"Churchtown, Dublin 14",2019,Four plus bed,All property types,2842.6,2509.34,13.3
8,Dundrum,53.292358,-6.245117,5.3,17,No,"Dundrum, Dublin 16",2019,All bedrooms,All property types,1906.73,1694.36,12.5
8,Dundrum,53.292358,-6.245117,5.3,17,No,"Dundrum, Dublin 16",2019,All bedrooms,Detached house,2201.5,2353.86,-6.5
8,Dundrum,53.292358,-6.245117,5.3,17,No,"Dundrum, Dublin 16",2019,All bedrooms,Semi detached house,2204.07,1923.53,14.6
8,Dundrum,53.292358,-6.245117,5.3,17,No,"Dundrum, Dublin 16",2019,All bedrooms,Terrace house,1940.54,1844.69,5.2
8,Dundrum,53.292358,-6.245117,5.3,17,No,"Dundrum, Dublin 16",2019,All bedrooms,Apartment,1841.12,1684.07,9.3
8,Dundrum,53.292358,-6.245117,5.3,17,No,"Dundrum, Dublin 16",2019,One bed,All property types,1536.64,1276.42,20.4
8,Dundrum,53.292358,-6.245117,5.3,17,No,"Dundrum, Dublin 16",2019,One bed,Apartment,1565.49,1410.56,11.0
8,Dundrum,53.292358,-6.245117,5.3,17,No,"Dundrum, Dublin 16",2019,Two bed,All property types,1856.92,1726.76,7.5
8,Dundrum,53.292358,-6.245117,5.3,17,No,"Dundrum, Dublin 16",2019,Two bed,Apartment,1859.94,1755.37,6.0
8,Dundrum,53.292358,-6.245117,5.3,17,No,"Dundrum, Dublin 16",2019,Three bed,All property types,2229.63,1912.55,16.6
8,Dundrum,53.292358,-6.245117,5.3,17,No,"Dundrum, Dublin 16",2019,Three bed,Semi detached house,2172.14,1791.29,21.3
8,Dundrum,53.292358,-6.245117,5.3,17,No,"Dundrum, Dublin 16",2019,Three bed,Terrace house,1999.36,1852.64,7.9
8,Dundrum,53.292358,-6.245117,5.3,17,No,"Dundrum, Dublin 16",2019,Three bed,Apartment,2493.53,2146.22,16.2
8,Dundrum,53.292358,-6.245117,5.3,17,No,"Dundrum, Dublin 16",2019,1 to 2 bed,All property types,1779.63,1546.77,15.1
8,Dundrum,53.292358,-6.245117,5.3,17,No,"Dundrum, Dublin 16",2019,1 to 2 bed,Apartment,1784.72,1635.35,9.1
8,Dundrum,53.292358,-6.245117,5.3,17,No,"Dundrum, Dublin 16",2019,1 to 3 bed,All property types,1870.46,1628.19,14.9
8,Dundrum,53.292358,-6.245117,5.3,17,No,"Dundrum, Dublin 16",2019,1 to 3 bed,Semi detached house,2070.29,1752.97,18.1
8,Dundrum,53.292358,-6.245117,5.3,17,No,"Dundrum, Dublin 16",2019,1 to 3 bed,Terrace house,1932.87,1730.01,11.7
8,Dundrum,53.292358,-6.245117,5.3,17,No,"Dundrum, Dublin 16",2019,1 to 3 bed,Apartment,1842.9,1680.56,9.7
8,Dundrum,53.292358,-6.245117,5.3,17,No,"Dundrum, Dublin 16",2019,Four plus bed,All property types,2357.36,2509.34,-6.1
8,Dundrum,53.292358,-6.245117,5.3,17,No,"Dundrum, Dublin 16",2019,Four plus bed,Semi detached house,2454.04,2369.9,3.6
9,Balally,53.286106,-6.236772,6.11,19,Yes,"Dundrum, Dublin 16",2019,All bedrooms,All property types,1906.73,1694.36,12.5
9,Balally,53.286106,-6.236772,6.11,19,Yes,"Dundrum, Dublin 16",2019,All bedrooms,Detached house,2201.5,2353.86,-6.5
9,Balally,53.286106,-6.236772,6.11,19,Yes,"Dundrum, Dublin 16",2019,All bedrooms,Semi detached house,2204.07,1923.53,14.6
9,Balally,53.286106,-6.236772,6.11,19,Yes,"Dundrum, Dublin 16",2019,All bedrooms,Terrace house,1940.54,1844.69,5.2
9,Balally,53.286106,-6.236772,6.11,19,Yes,"Dundrum, Dublin 16",2019,All bedrooms,Apartment,1841.12,1684.07,9.3
9,Balally,53.286106,-6.236772,6.11,19,Yes,"Dundrum, Dublin 16",2019,One bed,All property types,1536.64,1276.42,20.4
9,Balally,53.286106,-6.236772,6.11,19,Yes,"Dundrum, Dublin 16",2019,One bed,Apartment,1565.49,1410.56,11.0
9,Balally,53.286106,-6.236772,6.11,19,Yes,"Dundrum, Dublin 16",2019,Two bed,All property types,1856.92,1726.76,7.5
9,Balally,53.286106,-6.236772,6.11,19,Yes,"Dundrum, Dublin 16",2019,Two bed,Apartment,1859.94,1755.37,6.0
9,Balally,53.286106,-6.236772,6.11,19,Yes,"Dundrum, Dublin 16",2019,Three bed,All property types,2229.63,1912.55,16.6
9,Balally,53.286106,-6.236772,6.11,19,Yes,"Dundrum, Dublin 16",2019,Three bed,Semi detached house,2172.14,1791.29,21.3
9,Balally,53.286106,-6.236772,6.11,19,Yes,"Dundrum, Dublin 16",2019,Three bed,Terrace house,1999.36,1852.64,7.9
9,Balally,53.286106,-6.236772,6.11,19,Yes,"Dundrum, Dublin 16",2019,Three bed,Apartment,2493.53,2146.22,16.2
9,Balally,53.286106,-6.236772,6.11,19,Yes,"Dundrum, Dublin 16",2019,1 to 2 bed,All property types,1779.63,1546.77,15.1
9,Balally,53.286106,-6.236772,6.11,19,Yes,"Dundrum, Dublin 16",2019,1 to 2 bed,Apartment,1784.72,1635.35,9.1
9,Balally,53.286106,-6.236772,6.11,19,Yes,"Dundrum, Dublin 16",2019,1 to 3 bed,All property types,1870.46,1628.19,14.9
9,Balally,53.286106,-6.236772,6.11,19,Yes,"Dundrum, Dublin 16",2019,1 to 3 bed,Semi detached house,2070.29,1752.97,18.1
9,Balally,53.286106,-6.236772,6.11,19,Yes,"Dundrum, Dublin 16",2019,1 to 3 bed,Terrace house,1932.87,1730.01,11.7
9,Balally,53.286106,-6.236772,6.11,19,Yes,"Dundrum, Dublin 16",2019,1 to 3 bed,Apartment,1842.9,1680.56,9.7
9,Balally,53.286106,-6.236772,6.11,19,Yes,"Dundrum, Dublin 16",2019,Four plus bed,All property types,2357.36,2509.34,-6.1
9,Balally,53.286106,-6.236772,6.11,19,Yes,"Dundrum, Dublin 16",2019,Four plus bed,Semi detached house,2454.04,2369.9,3.6
10,Kilmacud,53.283008,-6.223886,6.71,21,No,"Stillorgan, Dublin",2019,All bedrooms,All property types,1918.8,1694.36,13.2
10,Kilmacud,53.283008,-6.223886,6.71,21,No,"Stillorgan, Dublin",2019,All bedrooms,Detached house,2773.12,2353.86,17.8
10,Kilmacud,53.283008,-6.223886,6.71,21,No,"Stillorgan, Dublin",2019,All bedrooms,Semi detached house,2321.77,1923.53,20.7
10,Kilmacud,53.283008,-6.223886,6.71,21,No,"Stillorgan, Dublin",2019,All bedrooms,Terrace house,1947.92,1844.69,5.6
10,Kilmacud,53.283008,-6.223886,6.71,21,No,"Stillorgan, Dublin",2019,All bedrooms,Apartment,1785.31,1684.07,6.0
10,Kilmacud,53.283008,-6.223886,6.71,21,No,"Stillorgan, Dublin",2019,One bed,All property types,1504.51,1276.42,17.9
10,Kilmacud,53.283008,-6.223886,6.71,21,No,"Stillorgan, Dublin",2019,One bed,Apartment,1528.59,1410.56,8.4
10,Kilmacud,53.283008,-6.223886,6.71,21,No,"Stillorgan, Dublin",2019,Two bed,All property types,1826.1,1726.76,5.8
10,Kilmacud,53.283008,-6.223886,6.71,21,No,"Stillorgan, Dublin",2019,Two bed,Apartment,1822.08,1755.37,3.8
10,Kilmacud,53.283008,-6.223886,6.71,21,No,"Stillorgan, Dublin",2019,Three bed,All property types,2159.7,1912.55,12.9
10,Kilmacud,53.283008,-6.223886,6.71,21,No,"Stillorgan, Dublin",2019,Three bed,Semi detached house,2091.24,1791.29,16.7
10,Kilmacud,53.283008,-6.223886,6.71,21,No,"Stillorgan, Dublin",2019,Three bed,Terrace house,1993.04,1852.64,7.6
10,Kilmacud,53.283008,-6.223886,6.71,21,No,"Stillorgan, Dublin",2019,Three bed,Apartment,2279.35,2146.22,6.2
10,Kilmacud,53.283008,-6.223886,6.71,21,No,"Stillorgan, Dublin",2019,1 to 2 bed,All property types,1734.21,1546.77,12.1
10,Kilmacud,53.283008,-6.223886,6.71,21,No,"Stillorgan, Dublin",2019,1 to 2 bed,Apartment,1735.84,1635.35,6.1
10,Kilmacud,53.283008,-6.223886,6.71,21,No,"Stillorgan, Dublin",2019,1 to 3 bed,All property types,1816.04,1628.19,11.5
10,Kilmacud,53.283008,-6.223886,6.71,21,No,"Stillorgan, Dublin",2019,1 to 3 bed,Semi detached house,2070.21,1752.97,18.1
10,Kilmacud,53.283008,-6.223886,6.71,21,No,"Stillorgan, Dublin",2019,1 to 3 bed,Terrace house,1937.44,1730.01,12.0
10,Kilmacud,53.283008,-6.223886,6.71,21,No,"Stillorgan, Dublin",2019,1 to 3 bed,Apartment,1779.66,1680.56,5.9
10,Kilmacud,53.283008,-6.223886,6.71,21,No,"Stillorgan, Dublin",2019,Four plus bed,All property types,2723.95,2509.34,8.6
10,Kilmacud,53.283008,-6.223886,6.71,21,No,"Stillorgan, Dublin",2019,Four plus bed,Detached house,2688.6,2838.21,-5.3
10,Kilmacud,53.283008,-6.223886,6.71,21,No,"Stillorgan, Dublin",2019,Four plus bed,Semi detached house,2659.23,2369.9,12.2
11,Stillorgan,53.279311,-6.209919,7.47,22,Yes,"Stillorgan, Dublin",2019,All bedrooms,All property types,1918.8,1694.36,13.2
11,Stillorgan,53.279311,-6.209919,7.47,22,Yes,"Stillorgan, Dublin",2019,All bedrooms,Detached house,2773.12,2353.86,17.8
11,Stillorgan,53.279311,-6.209919,7.47,22,Yes,"Stillorgan, Dublin",2019,All bedrooms,Semi detached house,2321.77,1923.53,20.7
11,Stillorgan,53.279311,-6.209919,7.47,22,Yes,"Stillorgan, Dublin",2019,All bedrooms,Terrace house,1947.92,1844.69,5.6
11,Stillorgan,53.279311,-6.209919,7.47,22,Yes,"Stillorgan, Dublin",2019,All bedrooms,Apartment,1785.31,1684.07,6.0
11,Stillorgan,53.279311,-6.209919,7.47,22,Yes,"Stillorgan, Dublin",2019,One bed,All property types,1504.51,1276.42,17.9
11,Stillorgan,53.279311,-6.209919,7.47,22,Yes,"Stillorgan, Dublin",2019,One bed,Apartment,1528.59,1410.56,8.4
11,Stillorgan,53.279311,-6.209919,7.47,22,Yes,"Stillorgan, Dublin",2019,Two bed,All property types,1826.1,1726.76,5.8
11,Stillorgan,53.279311,-6.209919,7.47,22,Yes,"Stillorgan, Dublin",2019,Two bed,Apartment,1822.08,1755.37,3.8
11,Stillorgan,53.279311,-6.209919,7.47,22,Yes,"Stillorgan, Dublin",2019,Three bed,All property types,2159.7,1912.55,12.9
11,Stillorgan,53.279311,-6.209919,7.47,22,Yes,"Stillorgan, Dublin",2019,Three bed,Semi detached house,2091.24,1791.29,16.7
11,Stillorgan,53.279311,-6.209919,7.47,22,Yes,"Stillorgan, Dublin",2019,Three bed,Terrace house,1993.04,1852.64,7.6
11,Stillorgan,53.279311,-6.209919,7.47,22,Yes,"Stillorgan, Dublin",2019,Three bed,Apartment,2279.35,2146.22,6.2
11,Stillorgan,53.279311,-6.209919,7.47,22,Yes,"Stillorgan, Dublin",2019,1 to 2 bed,All property types,1734.21,1546.77,12.1
11,Stillorgan,53.279311,-6.209919,7.47,22,Yes,"Stillorgan, Dublin",2019,1 to 2 bed,Apartment,1735.84,1635.35,6.1
11,Stillorgan,53.279311,-6.209919,7.47,22,Yes,"Stillorgan, Dublin",2019,1 to 3 bed,All property types,1816.04,1628.19,11.5
11,Stillorgan,53.279311,-6.209919,7.47,22,Yes,"Stillorgan, Dublin",2019,1 to 3 bed,Semi detached house,2070.21,1752.97,18.1
11,Stillorgan,53.279311,-6.209919,7.47,22,Yes,"Stillorgan, Dublin",2019,1 to 3 bed,Terrace house,1937.44,1730.01,12.0
11,Stillorgan,53.279311,-6.209919,7.47,22,Yes,"Stillorgan, Dublin",2019,1 to 3 bed,Apartment,1779.66,1680.56,5.9
11,Stillorgan,53.279311,-6.209919,7.47,22,Yes,"Stillorgan, Dublin",2019,Four plus bed,All property types,2723.95,2509.34,8.6
11,Stillorgan,53.279311,-6.209919,7.47,22,Yes,"Stillorgan, Dublin",2019,Four plus bed,Detached house,2688.6,2838.21,-5.3
11,Stillorgan,53.279311,-6.209919,7.47,22,Yes,"Stillorgan, Dublin",2019,Four plus bed,Semi detached house,2659.23,2369.9,12.2
12,Sandyford,53.277603,-6.204678,7.8,24,Yes,"Sandyford, Dublin 18",2019,All bedrooms,All property types,1815.82,1694.36,7.2
12,Sandyford,53.277603,-6.204678,7.8,24,Yes,"Sandyford, Dublin 18",2019,All bedrooms,Semi detached house,1956.2,1923.53,1.7
12,Sandyford,53.277603,-6.204678,7.8,24,Yes,"Sandyford, Dublin 18",2019,All bedrooms,Apartment,1793.56,1684.07,6.5
12,Sandyford,53.277603,-6.204678,7.8,24,Yes,"Sandyford, Dublin 18",2019,One bed,All property types,1470.32,1276.42,15.2
12,Sandyford,53.277603,-6.204678,7.8,24,Yes,"Sandyford, Dublin 18",2019,One bed,Apartment,1490.68,1410.56,5.7
12,Sandyford,53.277603,-6.204678,7.8,24,Yes,"Sandyford, Dublin 18",2019,Two bed,All property types,1806.62,1726.76,4.6
12,Sandyford,53.277603,-6.204678,7.8,24,Yes,"Sandyford, Dublin 18",2019,Two bed,Apartment,1805.15,1755.37,2.8
12,Sandyford,53.277603,-6.204678,7.8,24,Yes,"Sandyford, Dublin 18",2019,Three bed,All property types,2117.94,1912.55,10.7
12,Sandyford,53.277603,-6.204678,7.8,24,Yes,"Sandyford, Dublin 18",2019,Three bed,Semi detached house,1922.37,1791.29,7.3
12,Sandyford,53.277603,-6.204678,7.8,24,Yes,"Sandyford, Dublin 18",2019,Three bed,Apartment,2202.48,2146.22,2.6
12,Sandyford,53.277603,-6.204678,7.8,24,Yes,"Sandyford, Dublin 18",2019,1 to 2 bed,All property types,1731.34,1546.77,11.9
12,Sandyford,53.277603,-6.204678,7.8,24,Yes,"Sandyford, Dublin 18",2019,1 to 2 bed,Apartment,1737.03,1635.35,6.2
12,Sandyford,53.277603,-6.204678,7.8,24,Yes,"Sandyford, Dublin 18",2019,1 to 3 bed,All property types,1796.33,1628.19,10.3
12,Sandyford,53.277603,-6.204678,7.8,24,Yes,"Sandyford, Dublin 18",2019,1 to 3 bed,Semi detached house,1881.19,1752.97,7.3
12,Sandyford,53.277603,-6.204678,7.8,24,Yes,"Sandyford, Dublin 18",2019,1 to 3 bed,Apartment,1792.24,1680.56,6.6
12,Sandyford,53.277603,-6.204678,7.8,24,Yes,"Sandyford, Dublin 18",2019,Four plus bed,All property types,2522.2,2509.34,0.5
13,Central Park,53.27015,-6.203764,8.57,26,No,"Leopardstown, Dublin 18",2019,All bedrooms,All property types,2028.84,1694.36,19.7
13,Central Park,53.27015,-6.203764,8.57,26,No,"Leopardstown, Dublin 18",2019,All bedrooms,Semi detached house,2126.78,1923.53,10.6
13,Central Park,53.27015,-6.203764,8.57,26,No,"Leopardstown, Dublin 18",2019,All bedrooms,Apartment,1988.29,1684.07,18.1
13,Central Park,53.27015,-6.203764,8.57,26,No,"Leopardstown, Dublin 18",2019,One bed,All property types,1734.22,1276.42,35.9
13,Central Park,53.27015,-6.203764,8.57,26,No,"Leopardstown, Dublin 18",2019,One bed,Apartment,1734.22,1410.56,22.9
13,Central Park,53.27015,-6.203764,8.57,26,No,"Leopardstown, Dublin 18",2019,Two bed,All property types,1968.47,1726.76,14.0
13,Central Park,53.27015,-6.203764,8.57,26,No,"Leopardstown, Dublin 18",2019,Two bed,Apartment,1964.86,1755.37,11.9
13,Central Park,53.27015,-6.203764,8.57,26,No,"Leopardstown, Dublin 18",2019,Three bed,All property types,2241.6,1912.55,17.2
13,Central Park,53.27015,-6.203764,8.57,26,No,"Leopardstown, Dublin 18",2019,Three bed,Semi detached house,2027.49,1791.29,13.2
13,Central Park,53.27015,-6.203764,8.57,26,No,"Leopardstown, Dublin 18",2019,Three bed,Apartment,2508.09,2146.22,16.9
13,Central Park,53.27015,-6.203764,8.57,26,No,"Leopardstown, Dublin 18",2019,1 to 2 bed,All property types,1903.47,1546.77,23.1
13,Central Park,53.27015,-6.203764,8.57,26,No,"Leopardstown, Dublin 18",2019,1 to 2 bed,Apartment,1899.97,1635.35,16.2
13,Central Park,53.27015,-6.203764,8.57,26,No,"Leopardstown, Dublin 18",2019,1 to 3 bed,All property types,1996.91,1628.19,22.6
13,Central Park,53.27015,-6.203764,8.57,26,No,"Leopardstown, Dublin 18",2019,1 to 3 bed,Semi detached house,2027.49,1752.97,15.7
13,Central Park,53.27015,-6.203764,8.57,26,No,"Leopardstown, Dublin 18",2019,1 to 3 bed,Apartment,1988.29,1680.56,18.3
13,Central Park,53.27015,-6.203764,8.57,26,No,"Leopardstown, Dublin 18",2019,Four plus bed,All property types,2519.73,2509.34,0.4
14,Glencairn,53.266336,-6.209942,8.78,28,No,"Leopardstown, Dublin 18",2019,All bedrooms,All property types,2028.84,1694.36,19.7
14,Glencairn,53.266336,-6.209942,8.78,28,No,"Leopardstown, Dublin 18",2019,All bedrooms,Semi detached house,2126.78,1923.53,10.6
14,Glencairn,53.266336,-6.209942,8.78,28,No,"Leopardstown, Dublin 18",2019,All bedrooms,Apartment,1988.29,1684.07,18.1
14,Glencairn,53.266336,-6.209942,8.78,28,No,"Leopardstown, Dublin 18",2019,One bed,All property types,1734.22,1276.42,35.9
14,Glencairn,53.266336,-6.209942,8.78,28,No,"Leopardstown, Dublin 18",2019,One bed,Apartment,1734.22,1410.56,22.9
14,Glencairn,53.266336,-6.209942,8.78,28,No,"Leopardstown, Dublin 18",2019,Two bed,All property types,1968.47,1726.76,14.0
14,Glencairn,53.266336,-6.209942,8.78,28,No,"Leopardstown, Dublin 18",2019,Two bed,Apartment,1964.86,1755.37,11.9
14,Glencairn,53.266336,-6.209942,8.78,28,No,"Leopardstown, Dublin 18",2019,Three bed,All property types,2241.6,1912.55,17.2
14,Glencairn,53.266336,-6.209942,8.78,28,No,"Leopardstown, Dublin 18",2019,Three bed,Semi detached house,2027.49,1791.29,13.2
14,Glencairn,53.266336,-6.209942,8.78,28,No,"Leopardstown, Dublin 18",2019,Three bed,Apartment,2508.09,2146.22,16.9
14,Glencairn,53.266336,-6.209942,8.78,28,No,"Leopardstown, Dublin 18",2019,1 to 2 bed,All property types,1903.47,1546.77,23.1
14,Glencairn,53.266336,-6.209942,8.78,28,No,"Leopardstown, Dublin 18",2019,1 to 2 bed,Apartment,1899.97,1635.35,16.2
14,Glencairn,53.266336,-6.209942,8.78,28,No,"Leopardstown, Dublin 18",2019,1 to 3 bed,All property types,1996.91,1628.19,22.6
14,Glencairn,53.266336,-6.209942,8.78,28,No,"Leopardstown, Dublin 18",2019,1 to 3 bed,Semi detached house,2027.49,1752.97,15.7
14,Glencairn,53.266336,-6.209942,8.78,28,No,"Leopardstown, Dublin 18",2019,1 to 3 bed,Apartment,1988.29,1680.56,18.3
14,Glencairn,53.266336,-6.209942,8.78,28,No,"Leopardstown, Dublin 18",2019,Four plus bed,All property types,2519.73,2509.34,0.4
15,The Gallops,53.261164,-6.206022,9.41,29,No,"Leopardstown, Dublin 18",2019,All bedrooms,All property types,2028.84,1694.36,19.7
15,The Gallops,53.261164,-6.206022,9.41,29,No,"Leopardstown, Dublin 18",2019,All bedrooms,Semi detached house,2126.78,1923.53,10.6
15,The Gallops,53.261164,-6.206022,9.41,29,No,"Leopardstown, Dublin 18",2019,All bedrooms,Apartment,1988.29,1684.07,18.1
15,The Gallops,53.261164,-6.206022,9.41,29,No,"Leopardstown, Dublin 18",2019,One bed,All property types,1734.22,1276.42,35.9
15,The Gallops,53.261164,-6.206022,9.41,29,No,"Leopardstown, Dublin 18",2019,One bed,Apartment,1734.22,1410.56,22.9
15,The Gallops,53.261164,-6.206022,9.41,29,No,"Leopardstown, Dublin 18",2019,Two bed,All property types,1968.47,1726.76,14.0
15,The Gallops,53.261164,-6.206022,9.41,29,No,"Leopardstown, Dublin 18",2019,Two bed,Apartment,1964.86,1755.37,11.9
15,The Gallops,53.261164,-6.206022,9.41,29,No,"Leopardstown, Dublin 18",2019,Three bed,All property types,2241.6,1912.55,17.2
15,The Gallops,53.261164,-6.206022,9.41,29,No,"Leopardstown, Dublin 18",2019,Three bed,Semi detached house,2027.49,1791.29,13.2
15,The Gallops,53.261164,-6.206022,9.41,29,No,"Leopardstown, Dublin 18",2019,Three bed,Apartment,2508.09,2146.22,16.9
15,The Gallops,53.261164,-6.206022,9.41,29,No,"Leopardstown, Dublin 18",2019,1 to 2 bed,All property types,1903.47,1546.77,23.1
15,The Gallops,53.261164,-6.206022,9.41,29,No,"Leopardstown, Dublin 18",2019,1 to 2 bed,Apartment,1899.97,1635.35,16.2
15,The Gallops,53.261164,-6.206022,9.41,29,No,"Leopardstown, Dublin 18",2019,1 to 3 bed,All property types,1996.91,1628.19,22.6
15,The Gallops,53.261164,-6.206022,9.41,29,No,"Leopardstown, Dublin 18",2019,1 to 3 bed,Semi detached house,2027.49,1752.97,15.7
15,The Gallops,53.261164,-6.206022,9.41,29,No,"Leopardstown, Dublin 18",2019,1 to 3 bed,Apartment,1988.29,1680.56,18.3
15,The Gallops,53.261164,-6.206022,9.41,29,No,"Leopardstown, Dublin 18",2019,Four plus bed,All property types,2519.73,2509.34,0.4
16,Leopardstown Valley,53.258247,-6.198361,9.91,31,No,"Leopardstown, Dublin 18",2019,All bedrooms,All property types,2028.84,1694.36,19.7
16,Leopardstown Valley,53.258247,-6.198361,9.91,31,No,"Leopardstown, Dublin 18",2019,All bedrooms,Semi detached house,2126.78,1923.53,10.6
16,Leopardstown Valley,53.258247,-6.198361,9.91,31,No,"Leopardstown, Dublin 18",2019,All bedrooms,Apartment,1988.29,1684.07,18.1
16,Leopardstown Valley,53.258247,-6.198361,9.91,31,No,"Leopardstown, Dublin 18",2019,One bed,All property types,1734.22,1276.42,35.9
16,Leopardstown Valley,53.258247,-6.198361,9.91,31,No,"Leopardstown, Dublin 18",2019,One bed,Apartment,1734.22,1410.56,22.9
16,Leopardstown Valley,53.258247,-6.198361,9.91,31,No,"Leopardstown, Dublin 18",2019,Two bed,All property types,1968.47,1726.76,14.0
16,Leopardstown Valley,53.258247,-6.198361,9.91,31,No,"Leopardstown, Dublin 18",2019,Two bed,Apartment,1964.86,1755.37,11.9
16,Leopardstown Valley,53.258247,-6.198361,9.91,31,No,"Leopardstown, Dublin 18",2019,Three bed,All property types,2241.6,1912.55,17.2
16,Leopardstown Valley,53.258247,-6.198361,9.91,31,No,"Leopardstown, Dublin 18",2019,Three bed,Semi detached house,2027.49,1791.29,13.2
16,Leopardstown Valley,53.258247,-6.198361,9.91,31,No,"Leopardstown, Dublin 18",2019,Three bed,Apartment,2508.09,2146.22,16.9
16,Leopardstown Valley,53.258247,-6.198361,9.91,31,No,"Leopardstown, Dublin 18",2019,1 to 2 bed,All property types,1903.47,1546.77,23.1
16,Leopardstown Valley,53.258247,-6.198361,9.91,31,No,"Leopardstown, Dublin 18",2019,1 to 2 bed,Apartment,1899.97,1635.35,16.2
16,Leopardstown Valley,53.258247,-6.198361,9.91,31,No,"Leopardstown, Dublin 18",2019,1 to 3 bed,All property types,1996.91,1628.19,22.6
16,Leopardstown Valley,53.258247,-6.198361,9.91,31,No,"Leopardstown, Dublin 18",2019,1 to 3 bed,Semi detached house,2027.49,1752.97,15.7
16,Leopardstown Valley,53.258247,-6.198361,9.91,31,No,"Leopardstown, Dublin 18",2019,1 to 3 bed,Apartment,1988.29,1680.56,18.3
16,Leopardstown Valley,53.258247,-6.198361,9.91,31,No,"Leopardstown, Dublin 18",2019,Four plus bed,All property types,2519.73,2509.34,0.4
17,Ballyogan Wood,53.255047,-6.184475,10.65,33,No,"Carrickmines, Dublin 18",2019,All bedrooms,All property types,1887.13,1694.36,11.4
17,Ballyogan Wood,53.255047,-6.184475,10.65,33,No,"Carrickmines, Dublin 18",2019,All bedrooms,Apartment,1724.51,1684.07,2.4
17,Ballyogan Wood,53.255047,-6.184475,10.65,33,No,"Carrickmines, Dublin 18",2019,One bed,All property types,1348.61,1276.42,5.7
17,Ballyogan Wood,53.255047,-6.184475,10.65,33,No,"Carrickmines, Dublin 18",2019,One bed,Apartment,1348.61,1410.56,-4.4
17,Ballyogan Wood,53.255047,-6.184475,10.65,33,No,"Carrickmines, Dublin 18",2019,Two bed,All property types,1806.01,1726.76,4.6
17,Ballyogan Wood,53.255047,-6.184475,10.65,33,No,"Carrickmines, Dublin 18",2019,Two bed,Apartment,1807.89,1755.37,3.0
17,Ballyogan Wood,53.255047,-6.184475,10.65,33,No,"Carrickmines, Dublin 18",2019,1 to 2 bed,All property types,1682.71,1546.77,8.8
17,Ballyogan Wood,53.255047,-6.184475,10.65,33,No,"Carrickmines, Dublin 18",2019,1 to 2 bed,Apartment,1683.0,1635.35,2.9
17,Ballyogan Wood,53.255047,-6.184475,10.65,33,No,"Carrickmines, Dublin 18",2019,1 to 3 bed,All property types,1740.97,1628.19,6.9
17,Ballyogan Wood,53.255047,-6.184475,10.65,33,No,"Carrickmines, Dublin 18",2019,1 to 3 bed,Apartment,1724.51,1680.56,2.6
18,Racecourse,53.255367,-6.175161,10.93,34,No,"Leopardstown, Dublin 18",2019,All bedrooms,All property types,2028.84,1694.36,19.7
18,Racecourse,53.255367,-6.175161,10.93,34,No,"Leopardstown, Dublin 18",2019,All bedrooms,Semi detached house,2126.78,1923.53,10.6
18,Racecourse,53.255367,-6.175161,10.93,34,No,"Leopardstown, Dublin 18",2019,All bedrooms,Apartment,1988.29,1684.07,18.1
18,Racecourse,53.255367,-6.175161,10.93,34,No,"Leopardstown, Dublin 18",2019,One bed,All property types,1734.22,1276.42,35.9
18,Racecourse,53.255367,-6.175161,10.93,34,No,"Leopardstown, Dublin 18",2019,One bed,Apartment,1734.22,1410.56,22.9
18,Racecourse,53.255367,-6.175161,10.93,34,No,"Leopardstown, Dublin 18",2019,Two bed,All property types,1968.47,1726.76,14.0
18,Racecourse,53.255367,-6.175161,10.93,34,No,"Leopardstown, Dublin 18",2019,Two bed,Apartment,1964.86,1755.37,11.9
18,Racecourse,53.255367,-6.175161,10.93,34,No,"Leopardstown, Dublin 18",2019,Three bed,All property types,2241.6,1912.55,17.2
18,Racecourse,53.255367,-6.175161,10.93,34,No,"Leopardstown, Dublin 18",2019,Three bed,Semi detached house,2027.49,1791.29,13.2
18,Racecourse,53.255367,-6.175161,10.93,34,No,"Leopardstown, Dublin 18",2019,Three bed,Apartment,2508.09,2146.22,16.9
18,Racecourse,53.255367,-6.175161,10.93,34,No,"Leopardstown, Dublin 18",2019,1 to 2 bed,All property types,1903.47,1546.77,23.1
18,Racecourse,53.255367,-6.175161,10.93,34,No,"Leopardstown, Dublin 18",2019,1 to 2 bed,Apartment,1899.97,1635.35,16.2
18,Racecourse,53.255367,-6.175161,10.93,34,No,"Leopardstown, Dublin 18",2019,1 to 3 bed,All property types,1996.91,1628.19,22.6
18,Racecourse,53.255367,-6.175161,10.93,34,No,"Leopardstown, Dublin 18",2019,1 to 3 bed,Semi detached house,2027.49,1752.97,15.7
18,Racecourse,53.255367,-6.175161,10.93,34,No,"Leopardstown, Dublin 18",2019,1 to 3 bed,Apartment,1988.29,1680.56,18.3
18,Racecourse,53.255367,-6.175161,10.93,34,No,"Leopardstown, Dublin 18",2019,Four plus bed,All property types,2519.73,2509.34,0.4
19,Carrickmines,53.254033,-6.169908,11.24,36,Yes,"Carrickmines, Dublin 18",2019,All bedrooms,All property types,1887.13,1694.36,11.4
19,Carrickmines,53.254033,-6.169908,11.24,36,Yes,"Carrickmines, Dublin 18",2019,All bedrooms,Apartment,1724.51,1684.07,2.4
19,Carrickmines,53.254033,-6.169908,11.24,36,Yes,"Carrickmines, Dublin 18",2019,One bed,All property types,1348.61,1276.42,5.7
19,Carrickmines,53.254033,-6.169908,11.24,36,Yes,"Carrickmines, Dublin 18",2019,One bed,Apartment,1348.61,1410.56,-4.4
19,Carrickmines,53.254033,-6.169908,11.24,36,Yes,"Carrickmines, Dublin 18",2019,Two bed,All property types,1806.01,1726.76,4.6
19,Carrickmines,53.254033,-6.169908,11.24,36,Yes,"Carrickmines, Dublin 18",2019,Two bed,Apartment,1807.89,1755.37,3.0
19,Carrickmines,53.254033,-6.169908,11.24,36,Yes,"Carrickmines, Dublin 18",2019,1 to 2 bed,All property types,1682.71,1546.77,8.8
19,Carrickmines,53.254033,-6.169908,11.24,36,Yes,"Carrickmines, Dublin 18",2019,1 to 2 bed,Apartment,1683.0,1635.35,2.9
19,Carrickmines,53.254033,-6.169908,11.24,36,Yes,"Carrickmines, Dublin 18",2019,1 to 3 bed,All property types,1740.97,1628.19,6.9
19,Carrickmines,53.254033,-6.169908,11.24,36,Yes,"Carrickmines, Dublin 18",2019,1 to 3 bed,Apartment,1724.51,1680.56,2.6
20,Brennanstown,53.252619,-6.161597,11.68,37,No,"Cabinteely, Dublin 18",2019,All bedrooms,All property types,1871.41,1694.36,10.4
20,Brennanstown,53.252619,-6.161597,11.68,37,No,"Cabinteely, Dublin 18",2019,All bedrooms,Detached house,2555.77,2353.86,8.6
20,Brennanstown,53.252619,-6.161597,11.68,37,No,"Cabinteely, Dublin 18",2019,All bedrooms,Semi detached house,2247.57,1923.53,16.8
20,Brennanstown,53.252619,-6.161597,11.68,37,No,"Cabinteely, Dublin 18",2019,All bedrooms,Apartment,1660.42,1684.07,-1.4
20,Brennanstown,53.252619,-6.161597,11.68,37,No,"Cabinteely, Dublin 18",2019,One bed,All property types,1376.87,1276.42,7.9
20,Brennanstown,53.252619,-6.161597,11.68,37,No,"Cabinteely, Dublin 18",2019,Two bed,All property types,1577.51,1726.76,-8.6
20,Brennanstown,53.252619,-6.161597,11.68,37,No,"Cabinteely, Dublin 18",2019,Two bed,Apartment,1579.55,1755.37,-10.0
20,Brennanstown,53.252619,-6.161597,11.68,37,No,"Cabinteely, Dublin 18",2019,Three bed,All property types,1981.16,1912.55,3.6
20,Brennanstown,53.252619,-6.161597,11.68,37,No,"Cabinteely, Dublin 18",2019,Three bed,Semi detached house,1878.49,1791.29,4.9
20,Brennanstown,53.252619,-6.161597,11.68,37,No,"Cabinteely, Dublin 18",2019,Three bed,Apartment,1970.22,2146.22,-8.2
20,Brennanstown,53.252619,-6.161597,11.68,37,No,"Cabinteely, Dublin 18",2019,1 to 2 bed,All property types,1544.5,1546.77,-0.1
20,Brennanstown,53.252619,-6.161597,11.68,37,No,"Cabinteely, Dublin 18",2019,1 to 2 bed,Apartment,1546.75,1635.35,-5.4
20,Brennanstown,53.252619,-6.161597,11.68,37,No,"Cabinteely, Dublin 18",2019,1 to 3 bed,All property types,1701.39,1628.19,4.5
20,Brennanstown,53.252619,-6.161597,11.68,37,No,"Cabinteely, Dublin 18",2019,1 to 3 bed,Semi detached house,2069.63,1752.97,18.1
20,Brennanstown,53.252619,-6.161597,11.68,37,No,"Cabinteely, Dublin 18",2019,1 to 3 bed,Apartment,1652.03,1680.56,-1.7
20,Brennanstown,53.252619,-6.161597,11.68,37,No,"Cabinteely, Dublin 18",2019,Four plus bed,All property types,2672.9,2509.34,6.5
21,Laughanstown,53.250606,-6.155006,12.11,39,No,"Cabinteely, Dublin 18",2019,All bedrooms,All property types,1871.41,1694.36,10.4
21,Laughanstown,53.250606,-6.155006,12.11,39,No,"Cabinteely, Dublin 18",2019,All bedrooms,Detached house,2555.77,2353.86,8.6
21,Laughanstown,53.250606,-6.155006,12.11,39,No,"Cabinteely, Dublin 18",2019,All bedrooms,Semi detached house,2247.57,1923.53,16.8
21,Laughanstown,53.250606,-6.155006,12.11,39,No,"Cabinteely, Dublin 18",2019,All bedrooms,Apartment,1660.42,1684.07,-1.4
21,Laughanstown,53.250606,-6.155006,12.11,39,No,"Cabinteely, Dublin 18",2019,One bed,All property types,1376.87,1276.42,7.9
21,Laughanstown,53.250606,-6.155006,12.11,39,No,"Cabinteely, Dublin 18",2019,Two bed,All property types,1577.51,1726.76,-8.6
21,Laughanstown,53.250606,-6.155006,12.11,39,No,"Cabinteely, Dublin 18",2019,Two bed,Apartment,1579.55,1755.37,-10.0
21,Laughanstown,53.250606,-6.155006,12.11,39,No,"Cabinteely, Dublin 18",2019,Three bed,All property types,1981.16,1912.55,3.6
21,Laughanstown,53.250606,-6.155006,12.11,39,No,"Cabinteely, Dublin 18",2019,Three bed,Semi detached house,1878.49,1791.29,4.9
21,Laughanstown,53.250606,-6.155006,12.11,39,No,"Cabinteely, Dublin 18",2019,Three bed,Apartment,1970.22,2146.22,-8.2
21,Laughanstown,53.250606,-6.155006,12.11,39,No,"Cabinteely, Dublin 18",2019,1 to 2 bed,All property types,1544.5,1546.77,-0.1
21,Laughanstown,53.250606,-6.155006,12.11,39,No,"Cabinteely, Dublin 18",2019,1 to 2 bed,Apartment,1546.75,1635.35,-5.4
21,Laughanstown,53.250606,-6.155006,12.11,39,No,"Cabinteely, Dublin 18",2019,1 to 3 bed,All property types,1701.39,1628.19,4.5
21,Laughanstown,53.250606,-6.155006,12.11,39,No,"Cabinteely, Dublin 18",2019,1 to 3 bed,Semi detached house,2069.63,1752.97,18.1
21,Laughanstown,53.250606,-6.155006,12.11,39,No,"Cabinteely, Dublin 18",2019,1 to 3 bed,Apartment,1652.03,1680.56,-1.7
21,Laughanstown,53.250606,-6.155006,12.11,39,No,"Cabinteely, Dublin 18",2019,Four plus bed,All property types,2672.9,2509.34,6.5
22,Cherrywood,53.245333,-6.145853,12.94,41,No,"Cabinteely, Dublin 18",2019,All bedrooms,All property types,1871.41,1694.36,10.4
22,Cherrywood,53.245333,-6.145853,12.94,41,No,"Cabinteely, Dublin 18",2019,All bedrooms,Detached house,2555.77,2353.86,8.6
22,Cherrywood,53.245333,-6.145853,12.94,41,No,"Cabinteely, Dublin 18",2019,All bedrooms,Semi detached house,2247.57,1923.53,16.8
22,Cherrywood,53.245333,-6.145853,12.94,41,No,"Cabinteely, Dublin 18",2019,All bedrooms,Apartment,1660.42,1684.07,-1.4
22,Cherrywood,53.245333,-6.145853,12.94,41,No,"Cabinteely, Dublin 18",2019,One bed,All property types,1376.87,1276.42,7.9
22,Cherrywood,53.245333,-6.145853,12.94,41,No,"Cabinteely, Dublin 18",2019,Two bed,All property types,1577.51,1726.76,-8.6
22,Cherrywood,53.245333,-6.145853,12.94,41,No,"Cabinteely, Dublin 18",2019,Two bed,Apartment,1579.55,1755.37,-10.0
22,Cherrywood,53.245333,-6.145853,12.94,41,No,"Cabinteely, Dublin 18",2019,Three bed,All property types,1981.16,1912.55,3.6
22,Cherrywood,53.245333,-6.145853,12.94,41,No,"Cabinteely, Dublin 18",2019,Three bed,Semi detached house,1878.49,1791.29,4.9
22,Cherrywood,53.245333,-6.145853,12.94,41,No,"Cabinteely, Dublin 18",2019,Three bed,Apartment,1970.22,2146.22,-8.2
22,Cherrywood,53.245333,-6.145853,12.94,41,No,"Cabinteely, Dublin 18",2019,1 to 2 bed,All property types,1544.5,1546.77,-0.1
22,Cherrywood,53.245333,-6.145853,12.94,41,No,"Cabinteely, Dublin 18",2019,1 to 2 bed,Apartment,1546.75,1635.35,-5.4
22,Cherrywood,53.245333,-6.145853,12.94,41,No,"Cabinteely, Dublin 18",2019,1 to 3 bed,All property types,1701.39,1628.19,4.5
22,Cherrywood,53.245333,-6.145853,12.94,41,No,"Cabinteely, Dublin 18",2019,1 to 3 bed,Semi detached house,2069.63,1752.97,18.1
22,Cherrywood,53.245333,-6.145853,12.94,41,No,"Cabinteely, Dublin 18",2019,1 to 3 bed,Apartment,1652.03,1680.56,-1.7
22,Cherrywood,53.245333,-6.145853,12.94,41,No,"Cabinteely, Dublin 18",2019,Four plus bed,All property types,2672.9,2509.34,6.5
23,Brides Glen,53.242075,-6.142886,13.35,42,No,"Shankill, Dublin",2019,All bedrooms,All property types,1664.94,1694.36,-1.7
23,Brides Glen,53.242075,-6.142886,13.35,42,No,"Shankill, Dublin",2019,All bedrooms,Semi detached house,1888.35,1923.53,-1.8
23,Brides Glen,53.242075,-6.142886,13.35,42,No,"Shankill, Dublin",2019,All bedrooms,Apartment,1516.31,1684.07,-10.0
23,Brides Glen,53.242075,-6.142886,13.35,42,No,"Shankill, Dublin",2019,Two bed,All property types,1477.24,1726.76,-14.5
23,Brides Glen,53.242075,-6.142886,13.35,42,No,"Shankill, Dublin",2019,Two bed,Apartment,1539.94,1755.37,-12.3
23,Brides Glen,53.242075,-6.142886,13.35,42,No,"Shankill, Dublin",2019,Three bed,All property types,1808.3,1912.55,-5.5
23,Brides Glen,53.242075,-6.142886,13.35,42,No,"Shankill, Dublin",2019,Three bed,Semi detached house,1634.97,1791.29,-8.7
23,Brides Glen,53.242075,-6.142886,13.35,42,No,"Shankill, Dublin",2019,1 to 2 bed,All property types,1425.34,1546.77,-7.9
23,Brides Glen,53.242075,-6.142886,13.35,42,No,"Shankill, Dublin",2019,1 to 2 bed,Apartment,1487.28,1635.35,-9.1
23,Brides Glen,53.242075,-6.142886,13.35,42,No,"Shankill, Dublin",2019,1 to 3 bed,All property types,1552.01,1628.19,-4.7
23,Brides Glen,53.242075,-6.142886,13.35,42,No,"Shankill, Dublin",2019,1 to 3 bed,Semi detached house,1580.51,1752.97,-9.8
23,Brides Glen,53.242075,-6.142886,13.35,42,No,"Shankill, Dublin",2019,1 to 3 bed,Apartment,1494.04,1680.56,-11.1
23,Brides Glen,53.242075,-6.142886,13.35,42,No,"Shankill, Dublin",2019,Four plus bed,All property types,1968.56,2509.34,-21.6
0,St. Stephen's Green,53.339072,-6.261333,0.0,0,No,"Charlemont Street, Dublin 2",2020,All bedrooms,All property types,2072.26,1736.52,19.3
0,St. Stephen's Green,53.339072,-6.261333,0.0,0,No,"Charlemont Street, Dublin 2",2020,All bedrooms,Apartment,2072.26,1725.76,20.1
0,St. Stephen's Green,53.339072,-6.261333,0.0,0,No,"Charlemont Street, Dublin 2",2020,Two bed,All property types,1981.24,1774.65,11.6
0,St. Stephen's Green,53.339072,-6.261333,0.0,0,No,"Charlemont Street, Dublin 2",2020,Two bed,Apartment,1981.24,1805.1,9.8
0,St. Stephen's Green,53.339072,-6.261333,0.0,0,No,"Charlemont Street, Dublin 2",2020,1 to 2 bed,All property types,1906.77,1587.47,20.1
0,St. Stephen's Green,53.339072,-6.261333,0.0,0,No,"Charlemont Street, Dublin 2",2020,1 to 2 bed,Apartment,1906.77,1675.51,13.8
0,St. Stephen's Green,53.339072,-6.261333,0.0,0,No,"Charlemont Street, Dublin 2",2020,1 to 3 bed,All property types,2072.26,1667.88,24.2
0,St. Stephen's Green,53.339072,-6.261333,0.0,0,No,"Charlemont Street, Dublin 2",2020,1 to 3 bed,Apartment,2072.26,1721.25,20.4
1,Harcourt,53.333358,-6.26265,0.64,2,No,"Charlemont Street, Dublin 2",2020,All bedrooms,All property types,2072.26,1736.52,19.3
1,Harcourt,53.333358,-6.26265,0.64,2,No,"Charlemont Street, Dublin 2",2020,All bedrooms,Apartment,2072.26,1725.76,20.1
1,Harcourt,53.333358,-6.26265,0.64,2,No,"Charlemont Street, Dublin 2",2020,Two bed,All property types,1981.24,1774.65,11.6
1,Harcourt,53.333358,-6.26265,0.64,2,No,"Charlemont Street, Dublin 2",2020,Two bed,Apartment,1981.24,1805.1,9.8
1,Harcourt,53.333358,-6.26265,0.64,2,No,"Charlemont Street, Dublin 2",2020,1 to 2 bed,All property types,1906.77,1587.47,20.1
1,Harcourt,53.333358,-6.26265,0.64,2,No,"Charlemont Street, Dublin 2",2020,1 to 2 bed,Apartment,1906.77,1675.51,13.8
1,Harcourt,53.333358,-6.26265,0.64,2,No,"Charlemont Street, Dublin 2",2020,1 to 3 bed,All property types,2072.26,1667.88,24.2
1,Harcourt,53.333358,-6.26265,0.64,2,No,"Charlemont Street, Dublin 2",2020,1 to 3 bed,Apartment,2072.26,1721.25,20.4
2,Charlemont,53.330669,-6.258683,0.95,4,No,"Charlemont Street, Dublin 2",2020,All bedrooms,All property types,2072.26,1736.52,19.3
2,Charlemont,53.330669,-6.258683,0.95,4,No,"Charlemont Street, Dublin 2",2020,All bedrooms,Apartment,2072.26,1725.76,20.1
2,Charlemont,53.330669,-6.258683,0.95,4,No,"Charlemont Street, Dublin 2",2020,Two bed,All property types,1981.24,1774.65,11.6
2,Charlemont,53.330669,-6.258683,0.95,4,No,"Charlemont Street, Dublin 2",2020,Two bed,Apartment,1981.24,1805.1,9.8
2,Charlemont,53.330669,-6.258683,0.95,4,No,"Charlemont Street, Dublin 2",2020,1 to 2 bed,All property types,1906.77,1587.47,20.1
2,Charlemont,53.330669,-6.258683,0.95,4,No,"Charlemont Street, Dublin 2",2020,1 to 2 bed,Apartment,1906.77,1675.51,13.8
2,Charlemont,53.330669,-6.258683,0.95,4,No,"Charlemont Street, Dublin 2",2020,1 to 3 bed,All property types,2072.26,1667.88,24.2
2,Charlemont,53.330669,-6.258683,0.95,4,No,"Charlemont Street, Dublin 2",2020,1 to 3 bed,Apartment,2072.26,1721.25,20.4
3,Ranelagh,53.326433,-6.256203,1.45,7,No,"Ranelagh, Dublin 6",2020,All bedrooms,All property types,1774.45,1736.52,2.2
3,Ranelagh,53.326433,-6.256203,1.45,7,No,"Ranelagh, Dublin 6",2020,All bedrooms,Semi detached house,2935.41,1991.14,47.4
3,Ranelagh,53.326433,-6.256203,1.45,7,No,"Ranelagh, Dublin 6",2020,All bedrooms,Terrace house,2584.21,1895.35,36.3
3,Ranelagh,53.326433,-6.256203,1.45,7,No,"Ranelagh, Dublin 6",2020,All bedrooms,Apartment,1706.54,1725.76,-1.1
3,Ranelagh,53.326433,-6.256203,1.45,7,No,"Ranelagh, Dublin 6",2020,All bedrooms,Other flats,1180.75,1149.38,2.7
3,Ranelagh,53.326433,-6.256203,1.45,7,No,"Ranelagh, Dublin 6",2020,One bed,All property types,1310.57,1317.27,-0.5
3,Ranelagh,53.326433,-6.256203,1.45,7,No,"Ranelagh, Dublin 6",2020,One bed,Apartment,1484.08,1445.15,2.7
3,Ranelagh,53.326433,-6.256203,1.45,7,No,"Ranelagh, Dublin 6",2020,One bed,Other flats,1115.77,1056.35,5.6
3,Ranelagh,53.326433,-6.256203,1.45,7,No,"Ranelagh, Dublin 6",2020,Two bed,All property types,1915.96,1774.65,8.0
3,Ranelagh,53.326433,-6.256203,1.45,7,No,"Ranelagh, Dublin 6",2020,Two bed,Terrace house,2102.82,1686.9,24.7
3,Ranelagh,53.326433,-6.256203,1.45,7,No,"Ranelagh, Dublin 6",2020,Two bed,Apartment,1984.31,1805.1,9.9
3,Ranelagh,53.326433,-6.256203,1.45,7,No,"Ranelagh, Dublin 6",2020,Two bed,Other flats,1440.31,1473.82,-2.3
3,Ranelagh,53.326433,-6.256203,1.45,7,No,"Ranelagh, Dublin 6",2020,Three bed,All property types,2649.65,1965.78,34.8
3,Ranelagh,53.326433,-6.256203,1.45,7,No,"Ranelagh, Dublin 6",2020,Three bed,Semi detached house,2884.69,1842.67,56.5
3,Ranelagh,53.326433,-6.256203,1.45,7,No,"Ranelagh, Dublin 6",2020,Three bed,Terrace house,2666.39,1902.27,40.2
3,Ranelagh,53.326433,-6.256203,1.45,7,No,"Ranelagh, Dublin 6",2020,1 to 2 bed,All property types,1494.95,1587.47,-5.8
3,Ranelagh,53.326433,-6.256203,1.45,7,No,"Ranelagh, Dublin 6",2020,1 to 2 bed,Terrace house,1944.38,1639.32,18.6
3,Ranelagh,53.326433,-6.256203,1.45,7,No,"Ranelagh, Dublin 6",2020,1 to 2 bed,Apartment,1653.21,1675.51,-1.3
3,Ranelagh,53.326433,-6.256203,1.45,7,No,"Ranelagh, Dublin 6",2020,1 to 2 bed,Other flats,1163.82,1120.3,3.9
3,Ranelagh,53.326433,-6.256203,1.45,7,No,"Ranelagh, Dublin 6",2020,1 to 3 bed,All property types,1648.39,1667.88,-1.2
3,Ranelagh,53.326433,-6.256203,1.45,7,No,"Ranelagh, Dublin 6",2020,1 to 3 bed,Semi detached house,2596.47,1799.57,44.3
3,Ranelagh,53.326433,-6.256203,1.45,7,No,"Ranelagh, Dublin 6",2020,1 to 3 bed,Terrace house,2349.54,1775.39,32.3
3,Ranelagh,53.326433,-6.256203,1.45,7,No,"Ranelagh, Dublin 6",2020,1 to 3 bed,Apartment,1689.79,1721.25,-1.8
3,Ranelagh,53.326433,-6.256203,1.45,7,No,"Ranelagh, Dublin 6",2020,1 to 3 bed,Other flats,1176.91,1143.92,2.9
3,Ranelagh,53.326433,-6.256203,1.45,7,No,"Ranelagh, Dublin 6",2020,Four plus bed,All property types,3335.69,2583.17,29.1
3,Ranelagh,53.326433,-6.256203,1.45,7,No,"Ranelagh, Dublin 6",2020,Four plus bed,Semi detached house,3622.29,2456.09,47.5
3,Ranelagh,53.326433,-6.256203,1.45,7,No,"Ranelagh, Dublin 6",2020,Four plus bed,Terrace house,3236.6,2624.56,23.3
4,Beechwood,53.320822,-6.254653,2.08,9,No,"Ranelagh, Dublin 6",2020,All bedrooms,All property types,1774.45,1736.52,2.2
4,Beechwood,53.320822,-6.254653,2.08,9,No,"Ranelagh, Dublin 6",2020,All bedrooms,Semi detached house,2935.41,1991.14,47.4
4,Beechwood,53.320822,-6.254653,2.08,9,No,"Ranelagh, Dublin 6",2020,All bedrooms,Terrace house,2584.21,1895.35,36.3
4,Beechwood,53.320822,-6.254653,2.08,9,No,"Ranelagh, Dublin 6",2020,All bedrooms,Apartment,1706.54,1725.76,-1.1
4,Beechwood,53.320822,-6.254653,2.08,9,No,"Ranelagh, Dublin 6",2020,All bedrooms,Other flats,1180.75,1149.38,2.7
4,Beechwood,53.320822,-6.254653,2.08,9,No,"Ranelagh, Dublin 6",2020,One bed,All property types,1310.57,1317.27,-0.5
4,Beechwood,53.320822,-6.254653,2.08,9,No,"Ranelagh, Dublin 6",2020,One bed,Apartment,1484.08,1445.15,2.7
4,Beechwood,53.320822,-6.254653,2.08,9,No,"Ranelagh, Dublin 6",2020,One bed,Other flats,1115.77,1056.35,5.6
4,Beechwood,53.320822,-6.254653,2.08,9,No,"Ranelagh, Dublin 6",2020,Two bed,All property types,1915.96,1774.65,8.0
4,Beechwood,53.320822,-6.254653,2.08,9,No,"Ranelagh, Dublin 6",2020,Two bed,Terrace house,2102.82,1686.9,24.7
4,Beechwood,53.320822,-6.254653,2.08,9,No,"Ranelagh, Dublin 6",2020,Two bed,Apartment,1984.31,1805.1,9.9
4,Beechwood,53.320822,-6.254653,2.08,9,No,"Ranelagh, Dublin 6",2020,Two bed,Other flats,1440.31,1473.82,-2.3
4,Beechwood,53.320822,-6.254653,2.08,9,No,"Ranelagh, Dublin 6",2020,Three bed,All property types,2649.65,1965.78,34.8
4,Beechwood,53.320822,-6.254653,2.08,9,No,"Ranelagh, Dublin 6",2020,Three bed,Semi detached house,2884.69,1842.67,56.5
4,Beechwood,53.320822,-6.254653,2.08,9,No,"Ranelagh, Dublin 6",2020,Three bed,Terrace house,2666.39,1902.27,40.2
4,Beechwood,53.320822,-6.254653,2.08,9,No,"Ranelagh, Dublin 6",2020,1 to 2 bed,All property types,1494.95,1587.47,-5.8
4,Beechwood,53.320822,-6.254653,2.08,9,No,"Ranelagh, Dublin 6",2020,1 to 2 bed,Terrace house,1944.38,1639.32,18.6
4,Beechwood,53.320822,-6.254653,2.08,9,No,"Ranelagh, Dublin 6",2020,1 to 2 bed,Apartment,1653.21,1675.51,-1.3
4,Beechwood,53.320822,-6.254653,2.08,9,No,"Ranelagh, Dublin 6",2020,1 to 2 bed,Other flats,1163.82,1120.3,3.9
4,Beechwood,53.320822,-6.254653,2.08,9,No,"Ranelagh, Dublin 6",2020,1 to 3 bed,All property types,1648.39,1667.88,-1.2
4,Beechwood,53.320822,-6.254653,2.08,9,No,"Ranelagh, Dublin 6",2020,1 to 3 bed,Semi detached house,2596.47,1799.57,44.3
4,Beechwood,53.320822,-6.254653,2.08,9,No,"Ranelagh, Dublin 6",2020,1 to 3 bed,Terrace house,2349.54,1775.39,32.3
4,Beechwood,53.320822,-6.254653,2.08,9,No,"Ranelagh, Dublin 6",2020,1 to 3 bed,Apartment,1689.79,1721.25,-1.8
4,Beechwood,53.320822,-6.254653,2.08,9,No,"Ranelagh, Dublin 6",2020,1 to 3 bed,Other flats,1176.91,1143.92,2.9
4,Beechwood,53.320822,-6.254653,2.08,9,No,"Ranelagh, Dublin 6",2020,Four plus bed,All property types,3335.69,2583.17,29.1
4,Beechwood,53.320822,-6.254653,2.08,9,No,"Ranelagh, Dublin 6",2020,Four plus bed,Semi detached house,3622.29,2456.09,47.5
4,Beechwood,53.320822,-6.254653,2.08,9,No,"Ranelagh, Dublin 6",2020,Four plus bed,Terrace house,3236.6,2624.56,23.3
5,Cowper,53.316467,-6.253447,2.57,11,No,"Ranelagh, Dublin 6",2020,All bedrooms,All property types,1774.45,1736.52,2.2
5,Cowper,53.316467,-6.253447,2.57,11,No,"Ranelagh, Dublin 6",2020,All bedrooms,Semi detached house,2935.41,1991.14,47.4
5,Cowper,53.316467,-6.253447,2.57,11,No,"Ranelagh, Dublin 6",2020,All bedrooms,Terrace house,2584.21,1895.35,36.3
5,Cowper,53.316467,-6.253447,2.57,11,No,"Ranelagh, Dublin 6",2020,All bedrooms,Apartment,1706.54,1725.76,-1.1
5,Cowper,53.316467,-6.253447,2.57,11,No,"Ranelagh, Dublin 6",2020,All bedrooms,Other flats,1180.75,1149.38,2.7
5,Cowper,53.316467,-6.253447,2.57,11,No,"Ranelagh, Dublin 6",2020,One bed,All property types,1310.57,1317.27,-0.5
5,Cowper,53.316467,-6.253447,2.57,11,No,"Ranelagh, Dublin 6",2020,One bed,Apartment,1484.08,1445.15,2.7
5,Cowper,53.316467,-6.253447,2.57,11,No,"Ranelagh, Dublin 6",2020,One bed,Other flats,1115.77,1056.35,5.6
5,Cowper,53.316467,-6.253447,2.57,11,No,"Ranelagh, Dublin 6",2020,Two bed,All property types,1915.96,1774.65,8.0
5,Cowper,53.316467,-6.253447,2.57,11,No,"Ranelagh, Dublin 6",2020,Two bed,Terrace house,2102.82,1686.9,24.7
5,Cowper,53.316467,-6.253447,2.57,11,No,"Ranelagh, Dublin 6",2020,Two bed,Apartment,1984.31,1805.1,9.9
5,Cowper,53.316467,-6.253447,2.57,11,No,"Ranelagh, Dublin 6",2020,Two bed,Other flats,1440.31,1473.82,-2.3
5,Cowper,53.316467,-6.253447,2.57,11,No,"Ranelagh, Dublin 6",2020,Three bed,All property types,2649.65,1965.78,34.8
5,Cowper,53.316467,-6.253447,2.57,11,No,"Ranelagh, Dublin 6",2020,Three bed,Semi detached house,2884.69,1842.67,56.5
5,Cowper,53.316467,-6.253447,2.57,11,No,"Ranelagh, Dublin 6",2020,Three bed,Terrace house,2666.39,1902.27,40.2
5,Cowper,53.316467,-6.253447,2.57,11,No,"Ranelagh, Dublin 6",2020,1 to 2 bed,All property types,1494.95,1587.47,-5.8
5,Cowper,53.316467,-6.253447,2.57,11,No,"Ranelagh, Dublin 6",2020,1 to 2 bed,Terrace house,1944.38,1639.32,18.6
5,Cowper,53.316467,-6.253447,2.57,11,No,"Ranelagh, Dublin 6",2020,1 to 2 bed,Apartment,1653.21,1675.51,-1.3
5,Cowper,53.316467,-6.253447,2.57,11,No,"Ranelagh, Dublin 6",2020,1 to 2 bed,Other flats,1163.82,1120.3,3.9
5,Cowper,53.316467,-6.253447,2.57,11,No,"Ranelagh, Dublin 6",2020,1 to 3 bed,All property types,1648.39,1667.88,-1.2
5,Cowper,53.316467,-6.253447,2.57,11,No,"Ranelagh, Dublin 6",2020,1 to 3 bed,Semi detached house,2596.47,1799.57,44.3
5,Cowper,53.316467,-6.253447,2.57,11,No,"Ranelagh, Dublin 6",2020,1 to 3 bed,Terrace house,2349.54,1775.39,32.3
5,Cowper,53.316467,-6.253447,2.57,11,No,"Ranelagh, Dublin 6",2020,1 to 3 bed,Apartment,1689.79,1721.25,-1.8
5,Cowper,53.316467,-6.253447,2.57,11,No,"Ranelagh, Dublin 6",2020,1 to 3 bed,Other flats,1176.91,1143.92,2.9
5,Cowper,53.316467,-6.253447,2.57,11,No,"Ranelagh, Dublin 6",2020,Four plus bed,All property types,3335.69,2583.17,29.1
5,Cowper,53.316467,-6.253447,2.57,11,No,"Ranelagh, Dublin 6",2020,Four plus bed,Semi detached house,3622.29,2456.09,47.5
5,Cowper,53.316467,-6.253447,2.57,11,No,"Ranelagh, Dublin 6",2020,Four plus bed,Terrace house,3236.6,2624.56,23.3
6,Milltown,53.309917,-6.251728,3.3,13,No,"Milltown, Dublin 6",2020,All bedrooms,All property types,2044.03,1736.52,17.7
6,Milltown,53.309917,-6.251728,3.3,13,No,"Milltown, Dublin 6",2020,All bedrooms,Terrace house,2116.84,1895.35,11.7
6,Milltown,53.309917,-6.251728,3.3,13,No,"Milltown, Dublin 6",2020,All bedrooms,Apartment,1969.13,1725.76,14.1
6,Milltown,53.309917,-6.251728,3.3,13,No,"Milltown, Dublin 6",2020,One bed,All property types,1686.64,1317.27,28.0
6,Milltown,53.309917,-6.251728,3.3,13,No,"Milltown, Dublin 6",2020,One bed,Apartment,1696.68,1445.15,17.4
6,Milltown,53.309917,-6.251728,3.3,13,No,"Milltown, Dublin 6",2020,Two bed,All property types,2013.95,1774.65,13.5
6,Milltown,53.309917,-6.251728,3.3,13,No,"Milltown, Dublin 6",2020,Two bed,Terrace house,1883.31,1686.9,11.6
6,Milltown,53.309917,-6.251728,3.3,13,No,"Milltown, Dublin 6",2020,Two bed,Apartment,2036.91,1805.1,12.8
6,Milltown,53.309917,-6.251728,3.3,13,No,"Milltown, Dublin 6",2020,Three bed,All property types,2373.71,1965.78,20.8
6,Milltown,53.309917,-6.251728,3.3,13,No,"Milltown, Dublin 6",2020,Three bed,Apartment,2345.92,2185.84,7.3
6,Milltown,53.309917,-6.251728,3.3,13,No,"Milltown, Dublin 6",2020,1 to 2 bed,All property types,1917.09,1587.47,20.8
6,Milltown,53.309917,-6.251728,3.3,13,No,"Milltown, Dublin 6",2020,1 to 2 bed,Terrace house,1883.31,1639.32,14.9
6,Milltown,53.309917,-6.251728,3.3,13,No,"Milltown, Dublin 6",2020,1 to 2 bed,Apartment,1925.15,1675.51,14.9
6,Milltown,53.309917,-6.251728,3.3,13,No,"Milltown, Dublin 6",2020,1 to 3 bed,All property types,1991.24,1667.88,19.4
6,Milltown,53.309917,-6.251728,3.3,13,No,"Milltown, Dublin 6",2020,1 to 3 bed,Terrace house,2015.17,1775.39,13.5
6,Milltown,53.309917,-6.251728,3.3,13,No,"Milltown, Dublin 6",2020,1 to 3 bed,Apartment,1967.01,1721.25,14.3
7,Windy Arbour,53.301558,-6.250708,4.23,15,No,"Churchtown, Dublin 14",2020,All bedrooms,All property types,2260.83,1736.52,30.2
7,Windy Arbour,53.301558,-6.250708,4.23,15,No,"Churchtown, Dublin 14",2020,All bedrooms,Semi detached house,2282.4,1991.14,14.6
7,Windy Arbour,53.301558,-6.250708,4.23,15,No,"Churchtown, Dublin 14",2020,All bedrooms,Terrace house,2164.55,1895.35,14.2
7,Windy Arbour,53.301558,-6.250708,4.23,15,No,"Churchtown, Dublin 14",2020,All bedrooms,Apartment,2265.95,1725.76,31.3
7,Windy Arbour,53.301558,-6.250708,4.23,15,No,"Churchtown, Dublin 14",2020,One bed,All property types,1801.83,1317.27,36.8
7,Windy Arbour,53.301558,-6.250708,4.23,15,No,"Churchtown, Dublin 14",2020,One bed,Apartment,1830.23,1445.15,26.6
7,Windy Arbour,53.301558,-6.250708,4.23,15,No,"Churchtown, Dublin 14",2020,Two bed,All property types,2328.62,1774.65,31.2
7,Windy Arbour,53.301558,-6.250708,4.23,15,No,"Churchtown, Dublin 14",2020,Two bed,Apartment,2407.86,1805.1,33.4
7,Windy Arbour,53.301558,-6.250708,4.23,15,No,"Churchtown, Dublin 14",2020,Three bed,All property types,2411.55,1965.78,22.7
7,Windy Arbour,53.301558,-6.250708,4.23,15,No,"Churchtown, Dublin 14",2020,Three bed,Semi detached house,2204.62,1842.67,19.6
7,Windy Arbour,53.301558,-6.250708,4.23,15,No,"Churchtown, Dublin 14",2020,1 to 2 bed,All property types,2153.02,1587.47,35.6
7,Windy Arbour,53.301558,-6.250708,4.23,15,No,"Churchtown, Dublin 14",2020,1 to 2 bed,Apartment,2206.56,1675.51,31.7
7,Windy Arbour,53.301558,-6.250708,4.23,15,No,"Churchtown, Dublin 14",2020,1 to 3 bed,All property types,2211.4,1667.88,32.6
7,Windy Arbour,53.301558,-6.250708,4.23,15,No,"Churchtown, Dublin 14",2020,1 to 3 bed,Semi detached house,2110.09,1799.57,17.3
7,Windy Arbour,53.301558,-6.250708,4.23,15,No,"Churchtown, Dublin 14",2020,1 to 3 bed,Terrace house,1978.89,1775.39,11.5
7,Windy Arbour,53.301558,-6.250708,4.23,15,No,"Churchtown, Dublin 14",2020,1 to 3 bed,Apartment,2265.95,1721.25,31.6
7,Windy Arbour,53.301558,-6.250708,4.23,15,No,"Churchtown, Dublin 14",2020,Four plus bed,All property types,2722.91,2583.17,5.4
8,Dundrum,53.292358,-6.245117,5.3,17,No,"Dundrum, Dublin 16",2020,All bedrooms,All property types,1937.19,1736.52,11.6
8,Dundrum,53.292358,-6.245117,5.3,17,No,"Dundrum, Dublin 16",2020,All bedrooms,Detached house,2505.91,2432.36,3.0
8,Dundrum,53.292358,-6.245117,5.3,17,No,"Dundrum, Dublin 16",2020,All bedrooms,Semi detached house,2224.31,1991.14,11.7
8,Dundrum,53.292358,-6.245117,5.3,17,No,"Dundrum, Dublin 16",2020,All bedrooms,Terrace house,1961.74,1895.35,3.5
8,Dundrum,53.292358,-6.245117,5.3,17,No,"Dundrum, Dublin 16",2020,All bedrooms,Apartment,1868.52,1725.76,8.3
8,Dundrum,53.292358,-6.245117,5.3,17,No,"Dundrum, Dublin 16",2020,One bed,All property types,1568.83,1317.27,19.1
8,Dundrum,53.292358,-6.245117,5.3,17,No,"Dundrum, Dublin 16",2020,One bed,Apartment,1582.84,1445.15,9.5
8,Dundrum,53.292358,-6.245117,5.3,17,No,"Dundrum, Dublin 16",2020,Two bed,All property types,1890.3,1774.65,6.5
8,Dundrum,53.292358,-6.245117,5.3,17,No,"Dundrum, Dublin 16",2020,Two bed,Apartment,1897.21,1805.1,5.1
8,Dundrum,53.292358,-6.245117,5.3,17,No,"Dundrum, Dublin 16",2020,Three bed,All property types,2261.04,1965.78,15.0
8,Dundrum,53.292358,-6.245117,5.3,17,No,"Dundrum, Dublin 16",2020,Three bed,Semi detached house,2240.39,1842.67,21.6
8,Dundrum,53.292358,-6.245117,5.3,17,No,"Dundrum, Dublin 16",2020,Three bed,Terrace house,2032.45,1902.27,6.8
8,Dundrum,53.292358,-6.245117,5.3,17,No,"Dundrum, Dublin 16",2020,Three bed,Apartment,2469.01,2185.84,13.0
8,Dundrum,53.292358,-6.245117,5.3,17,No,"Dundrum, Dublin 16",2020,1 to 2 bed,All property types,1808.52,1587.47,13.9
8,Dundrum,53.292358,-6.245117,5.3,17,No,"Dundrum, Dublin 16",2020,1 to 2 bed,Apartment,1814.4,1675.51,8.3
8,Dundrum,53.292358,-6.245117,5.3,17,No,"Dundrum, Dublin 16",2020,1 to 3 bed,All property types,1892.78,1667.88,13.5
8,Dundrum,53.292358,-6.245117,5.3,17,No,"Dundrum, Dublin 16",2020,1 to 3 bed,Semi detached house,2127.76,1799.57,18.2
8,Dundrum,53.292358,-6.245117,5.3,17,No,"Dundrum, Dublin 16",2020,1 to 3 bed,Terrace house,1941.95,1775.39,9.4
8,Dundrum,53.292358,-6.245117,5.3,17,No,"Dundrum, Dublin 16",2020,1 to 3 bed,Apartment,1868.52,1721.25,8.6
8,Dundrum,53.292358,-6.245117,5.3,17,No,"Dundrum, Dublin 16",2020,Four plus bed,All property types,2525.23,2583.17,-2.2
8,Dundrum,53.292358,-6.245117,5.3,17,No,"Dundrum, Dublin 16",2020,Four plus bed,Semi detached house,2386.18,2456.09,-2.8
9,Balally,53.286106,-6.236772,6.11,19,Yes,"Dundrum, Dublin 16",2020,All bedrooms,All property types,1937.19,1736.52,11.6
9,Balally,53.286106,-6.236772,6.11,19,Yes,"Dundrum, Dublin 16",2020,All bedrooms,Detached house,2505.91,2432.36,3.0
9,Balally,53.286106,-6.236772,6.11,19,Yes,"Dundrum, Dublin 16",2020,All bedrooms,Semi detached house,2224.31,1991.14,11.7
9,Balally,53.286106,-6.236772,6.11,19,Yes,"Dundrum, Dublin 16",2020,All bedrooms,Terrace house,1961.74,1895.35,3.5
9,Balally,53.286106,-6.236772,6.11,19,Yes,"Dundrum, Dublin 16",2020,All bedrooms,Apartment,1868.52,1725.76,8.3
9,Balally,53.286106,-6.236772,6.11,19,Yes,"Dundrum, Dublin 16",2020,One bed,All property types,1568.83,1317.27,19.1
9,Balally,53.286106,-6.236772,6.11,19,Yes,"Dundrum, Dublin 16",2020,One bed,Apartment,1582.84,1445.15,9.5
9,Balally,53.286106,-6.236772,6.11,19,Yes,"Dundrum, Dublin 16",2020,Two bed,All property types,1890.3,1774.65,6.5
9,Balally,53.286106,-6.236772,6.11,19,Yes,"Dundrum, Dublin 16",2020,Two bed,Apartment,1897.21,1805.1,5.1
9,Balally,53.286106,-6.236772,6.11,19,Yes,"Dundrum, Dublin 16",2020,Three bed,All property types,2261.04,1965.78,15.0
9,Balally,53.286106,-6.236772,6.11,19,Yes,"Dundrum, Dublin 16",2020,Three bed,Semi detached house,2240.39,1842.67,21.6
9,Balally,53.286106,-6.236772,6.11,19,Yes,"Dundrum, Dublin 16",2020,Three bed,Terrace house,2032.45,1902.27,6.8
9,Balally,53.286106,-6.236772,6.11,19,Yes,"Dundrum, Dublin 16",2020,Three bed,Apartment,2469.01,2185.84,13.0
9,Balally,53.286106,-6.236772,6.11,19,Yes,"Dundrum, Dublin 16",2020,1 to 2 bed,All property types,1808.52,1587.47,13.9
9,Balally,53.286106,-6.236772,6.11,19,Yes,"Dundrum, Dublin 16",2020,1 to 2 bed,Apartment,1814.4,1675.51,8.3
9,Balally,53.286106,-6.236772,6.11,19,Yes,"Dundrum, Dublin 16",2020,1 to 3 bed,All property types,1892.78,1667.88,13.5
9,Balally,53.286106,-6.236772,6.11,19,Yes,"Dundrum, Dublin 16",2020,1 to 3 bed,Semi detached house,2127.76,1799.57,18.2
9,Balally,53.286106,-6.236772,6.11,19,Yes,"Dundrum, Dublin 16",2020,1 to 3 bed,Terrace house,1941.95,1775.39,9.4
9,Balally,53.286106,-6.236772,6.11,19,Yes,"Dundrum, Dublin 16",2020,1 to 3 bed,Apartment,1868.52,1721.25,8.6
9,Balally,53.286106,-6.236772,6.11,19,Yes,"Dundrum, Dublin 16",2020,Four plus bed,All property types,2525.23,2583.17,-2.2
9,Balally,53.286106,-6.236772,6.11,19,Yes,"Dundrum, Dublin 16",2020,Four plus bed,Semi detached house,2386.18,2456.09,-2.8
10,Kilmacud,53.283008,-6.223886,6.71,21,No,"Stillorgan, Dublin",2020,All bedrooms,All property types,1985.52,1736.52,14.3
10,Kilmacud,53.283008,-6.223886,6.71,21,No,"Stillorgan, Dublin",2020,All bedrooms,Detached house,2559.51,2432.36,5.2
10,Kilmacud,53.283008,-6.223886,6.71,21,No,"Stillorgan, Dublin",2020,All bedrooms,Semi detached house,2446.92,1991.14,22.9
10,Kilmacud,53.283008,-6.223886,6.71,21,No,"Stillorgan, Dublin",2020,All bedrooms,Terrace house,1997.3,1895.35,5.4
10,Kilmacud,53.283008,-6.223886,6.71,21,No,"Stillorgan, Dublin",2020,All bedrooms,Apartment,1863.66,1725.76,8.0
10,Kilmacud,53.283008,-6.223886,6.71,21,No,"Stillorgan, Dublin",2020,One bed,All property types,1576.2,1317.27,19.7
10,Kilmacud,53.283008,-6.223886,6.71,21,No,"Stillorgan, Dublin",2020,One bed,Apartment,1575.26,1445.15,9.0
10,Kilmacud,53.283008,-6.223886,6.71,21,No,"Stillorgan, Dublin",2020,Two bed,All property types,1888.91,1774.65,6.4
10,Kilmacud,53.283008,-6.223886,6.71,21,No,"Stillorgan, Dublin",2020,Two bed,Apartment,1892.35,1805.1,4.8
10,Kilmacud,53.283008,-6.223886,6.71,21,No,"Stillorgan, Dublin",2020,Three bed,All property types,2218.37,1965.78,12.8
10,Kilmacud,53.283008,-6.223886,6.71,21,No,"Stillorgan, Dublin",2020,Three bed,Semi detached house,2177.93,1842.67,18.2
10,Kilmacud,53.283008,-6.223886,6.71,21,No,"Stillorgan, Dublin",2020,Three bed,Apartment,2370.37,2185.84,8.4
10,Kilmacud,53.283008,-6.223886,6.71,21,No,"Stillorgan, Dublin",2020,1 to 2 bed,All property types,1808.76,1587.47,13.9
10,Kilmacud,53.283008,-6.223886,6.71,21,No,"Stillorgan, Dublin",2020,1 to 2 bed,Apartment,1810.96,1675.51,8.1
10,Kilmacud,53.283008,-6.223886,6.71,21,No,"Stillorgan, Dublin",2020,1 to 3 bed,All property types,1885.12,1667.88,13.0
10,Kilmacud,53.283008,-6.223886,6.71,21,No,"Stillorgan, Dublin",2020,1 to 3 bed,Semi detached house,2132.56,1799.57,18.5
10,Kilmacud,53.283008,-6.223886,6.71,21,No,"Stillorgan, Dublin",2020,1 to 3 bed,Terrace house,1955.0,1775.39,10.1
10,Kilmacud,53.283008,-6.223886,6.71,21,No,"Stillorgan, Dublin",2020,1 to 3 bed,Apartment,1859.24,1721.25,8.0
10,Kilmacud,53.283008,-6.223886,6.71,21,No,"Stillorgan, Dublin",2020,Four plus bed,All property types,2920.12,2583.17,13.0
10,Kilmacud,53.283008,-6.223886,6.71,21,No,"Stillorgan, Dublin",2020,Four plus bed,Detached house,2729.63,2950.21,-7.5
10,Kilmacud,53.283008,-6.223886,6.71,21,No,"Stillorgan, Dublin",2020,Four plus bed,Semi detached house,2890.26,2456.09,17.7
11,Stillorgan,53.279311,-6.209919,7.47,22,Yes,"Stillorgan, Dublin",2020,All bedrooms,All property types,1985.52,1736.52,14.3
11,Stillorgan,53.279311,-6.209919,7.47,22,Yes,"Stillorgan, Dublin",2020,All bedrooms,Detached house,2559.51,2432.36,5.2
11,Stillorgan,53.279311,-6.209919,7.47,22,Yes,"Stillorgan, Dublin",2020,All bedrooms,Semi detached house,2446.92,1991.14,22.9
11,Stillorgan,53.279311,-6.209919,7.47,22,Yes,"Stillorgan, Dublin",2020,All bedrooms,Terrace house,1997.3,1895.35,5.4
11,Stillorgan,53.279311,-6.209919,7.47,22,Yes,"Stillorgan, Dublin",2020,All bedrooms,Apartment,1863.66,1725.76,8.0
11,Stillorgan,53.279311,-6.209919,7.47,22,Yes,"Stillorgan, Dublin",2020,One bed,All property types,1576.2,1317.27,19.7
11,Stillorgan,53.279311,-6.209919,7.47,22,Yes,"Stillorgan, Dublin",2020,One bed,Apartment,1575.26,1445.15,9.0
11,Stillorgan,53.279311,-6.209919,7.47,22,Yes,"Stillorgan, Dublin",2020,Two bed,All property types,1888.91,1774.65,6.4
11,Stillorgan,53.279311,-6.209919,7.47,22,Yes,"Stillorgan, Dublin",2020,Two bed,Apartment,1892.35,1805.1,4.8
11,Stillorgan,53.279311,-6.209919,7.47,22,Yes,"Stillorgan, Dublin",2020,Three bed,All property types,2218.37,1965.78,12.8
11,Stillorgan,53.279311,-6.209919,7.47,22,Yes,"Stillorgan, Dublin",2020,Three bed,Semi detached house,2177.93,1842.67,18.2
11,Stillorgan,53.279311,-6.209919,7.47,22,Yes,"Stillorgan, Dublin",2020,Three bed,Apartment,2370.37,2185.84,8.4
11,Stillorgan,53.279311,-6.209919,7.47,22,Yes,"Stillorgan, Dublin",2020,1 to 2 bed,All property types,1808.76,1587.47,13.9
11,Stillorgan,53.279311,-6.209919,7.47,22,Yes,"Stillorgan, Dublin",2020,1 to 2 bed,Apartment,1810.96,1675.51,8.1
11,Stillorgan,53.279311,-6.209919,7.47,22,Yes,"Stillorgan, Dublin",2020,1 to 3 bed,All property types,1885.12,1667.88,13.0
11,Stillorgan,53.279311,-6.209919,7.47,22,Yes,"Stillorgan, Dublin",2020,1 to 3 bed,Semi detached house,2132.56,1799.57,18.5
11,Stillorgan,53.279311,-6.209919,7.47,22,Yes,"Stillorgan, Dublin",2020,1 to 3 bed,Terrace house,1955.0,1775.39,10.1
11,Stillorgan,53.279311,-6.209919,7.47,22,Yes,"Stillorgan, Dublin",2020,1 to 3 bed,Apartment,1859.24,1721.25,8.0
11,Stillorgan,53.279311,-6.209919,7.47,22,Yes,"Stillorgan, Dublin",2020,Four plus bed,All property types,2920.12,2583.17,13.0
11,Stillorgan,53.279311,-6.209919,7.47,22,Yes,"Stillorgan, Dublin",2020,Four plus bed,Detached house,2729.63,2950.21,-7.5
11,Stillorgan,53.279311,-6.209919,7.47,22,Yes,"Stillorgan, Dublin",2020,Four plus bed,Semi detached house,2890.26,2456.09,17.7
12,Sandyford,53.277603,-6.204678,7.8,24,Yes,"Sandyford, Dublin 18",2020,All bedrooms,All property types,1840.53,1736.52,6.0
12,Sandyford,53.277603,-6.204678,7.8,24,Yes,"Sandyford, Dublin 18",2020,All bedrooms,Semi detached house,2084.44,1991.14,4.7
12,Sandyford,53.277603,-6.204678,7.8,24,Yes,"Sandyford, Dublin 18",2020,All bedrooms,Apartment,1823.66,1725.76,5.7
12,Sandyford,53.277603,-6.204678,7.8,24,Yes,"Sandyford, Dublin 18",2020,One bed,All property types,1493.75,1317.27,13.4
12,Sandyford,53.277603,-6.204678,7.8,24,Yes,"Sandyford, Dublin 18",2020,One bed,Apartment,1528.62,1445.15,5.8
12,Sandyford,53.277603,-6.204678,7.8,24,Yes,"Sandyford, Dublin 18",2020,Two bed,All property types,1833.98,1774.65,3.3
12,Sandyford,53.277603,-6.204678,7.8,24,Yes,"Sandyford, Dublin 18",2020,Two bed,Apartment,1833.27,1805.1,1.6
12,Sandyford,53.277603,-6.204678,7.8,24,Yes,"Sandyford, Dublin 18",2020,Three bed,All property types,2145.97,1965.78,9.2
12,Sandyford,53.277603,-6.204678,7.8,24,Yes,"Sandyford, Dublin 18",2020,Three bed,Semi detached house,1962.11,1842.67,6.5
12,Sandyford,53.277603,-6.204678,7.8,24,Yes,"Sandyford, Dublin 18",2020,Three bed,Apartment,2236.43,2185.84,2.3
12,Sandyford,53.277603,-6.204678,7.8,24,Yes,"Sandyford, Dublin 18",2020,1 to 2 bed,All property types,1753.26,1587.47,10.4
12,Sandyford,53.277603,-6.204678,7.8,24,Yes,"Sandyford, Dublin 18",2020,1 to 2 bed,Apartment,1764.44,1675.51,5.3
12,Sandyford,53.277603,-6.204678,7.8,24,Yes,"Sandyford, Dublin 18",2020,1 to 3 bed,All property types,1820.04,1667.88,9.1
12,Sandyford,53.277603,-6.204678,7.8,24,Yes,"Sandyford, Dublin 18",2020,1 to 3 bed,Semi detached house,1986.13,1799.57,10.4
12,Sandyford,53.277603,-6.204678,7.8,24,Yes,"Sandyford, Dublin 18",2020,1 to 3 bed,Apartment,1823.7,1721.25,6.0
12,Sandyford,53.277603,-6.204678,7.8,24,Yes,"Sandyford, Dublin 18",2020,Four plus bed,All property types,2603.71,2583.17,0.8
13,Central Park,53.27015,-6.203764,8.57,26,No,"Leopardstown, Dublin 18",2020,All bedrooms,All property types,2040.25,1736.52,17.5
13,Central Park,53.27015,-6.203764,8.57,26,No,"Leopardstown, Dublin 18",2020,All bedrooms,Semi detached house,2199.02,1991.14,10.4
13,Central Park,53.27015,-6.203764,8.57,26,No,"Leopardstown, Dublin 18",2020,All bedrooms,Apartment,1997.99,1725.76,15.8
13,Central Park,53.27015,-6.203764,8.57,26,No,"Leopardstown, Dublin 18",2020,One bed,All property types,1755.54,1317.27,33.3
13,Central Park,53.27015,-6.203764,8.57,26,No,"Leopardstown, Dublin 18",2020,One bed,Apartment,1755.54,1445.15,21.5
13,Central Park,53.27015,-6.203764,8.57,26,No,"Leopardstown, Dublin 18",2020,Two bed,All property types,1977.28,1774.65,11.4
13,Central Park,53.27015,-6.203764,8.57,26,No,"Leopardstown, Dublin 18",2020,Two bed,Apartment,1970.36,1805.1,9.2
13,Central Park,53.27015,-6.203764,8.57,26,No,"Leopardstown, Dublin 18",2020,Three bed,All property types,2314.71,1965.78,17.8
13,Central Park,53.27015,-6.203764,8.57,26,No,"Leopardstown, Dublin 18",2020,Three bed,Semi detached house,2083.9,1842.67,13.1
13,Central Park,53.27015,-6.203764,8.57,26,No,"Leopardstown, Dublin 18",2020,Three bed,Apartment,2534.64,2185.84,16.0
13,Central Park,53.27015,-6.203764,8.57,26,No,"Leopardstown, Dublin 18",2020,1 to 2 bed,All property types,1920.69,1587.47,21.0
13,Central Park,53.27015,-6.203764,8.57,26,No,"Leopardstown, Dublin 18",2020,1 to 2 bed,Apartment,1914.63,1675.51,14.3
13,Central Park,53.27015,-6.203764,8.57,26,No,"Leopardstown, Dublin 18",2020,1 to 3 bed,All property types,2014.14,1667.88,20.8
13,Central Park,53.27015,-6.203764,8.57,26,No,"Leopardstown, Dublin 18",2020,1 to 3 bed,Semi detached house,2083.9,1799.57,15.8
13,Central Park,53.27015,-6.203764,8.57,26,No,"Leopardstown, Dublin 18",2020,1 to 3 bed,Apartment,1998.14,1721.25,16.1
13,Central Park,53.27015,-6.203764,8.57,26,No,"Leopardstown, Dublin 18",2020,Four plus bed,All property types,2502.41,2583.17,-3.1
14,Glencairn,53.266336,-6.209942,8.78,28,No,"Leopardstown, Dublin 18",2020,All bedrooms,All property types,2040.25,1736.52,17.5
14,Glencairn,53.266336,-6.209942,8.78,28,No,"Leopardstown, Dublin 18",2020,All bedrooms,Semi detached house,2199.02,1991.14,10.4
14,Glencairn,53.266336,-6.209942,8.78,28,No,"Leopardstown, Dublin 18",2020,All bedrooms,Apartment,1997.99,1725.76,15.8
14,Glencairn,53.266336,-6.209942,8.78,28,No,"Leopardstown, Dublin 18",2020,One bed,All property types,1755.54,1317.27,33.3
14,Glencairn,53.266336,-6.209942,8.78,28,No,"Leopardstown, Dublin 18",2020,One bed,Apartment,1755.54,1445.15,21.5
14,Glencairn,53.266336,-6.209942,8.78,28,No,"Leopardstown, Dublin 18",2020,Two bed,All property types,1977.28,1774.65,11.4
14,Glencairn,53.266336,-6.209942,8.78,28,No,"Leopardstown, Dublin 18",2020,Two bed,Apartment,1970.36,1805.1,9.2
14,Glencairn,53.266336,-6.209942,8.78,28,No,"Leopardstown, Dublin 18",2020,Three bed,All property types,2314.71,1965.78,17.8
14,Glencairn,53.266336,-6.209942,8.78,28,No,"Leopardstown, Dublin 18",2020,Three bed,Semi detached house,2083.9,1842.67,13.1
14,Glencairn,53.266336,-6.209942,8.78,28,No,"Leopardstown, Dublin 18",2020,Three bed,Apartment,2534.64,2185.84,16.0
14,Glencairn,53.266336,-6.209942,8.78,28,No,"Leopardstown, Dublin 18",2020,1 to 2 bed,All property types,1920.69,1587.47,21.0
14,Glencairn,53.266336,-6.209942,8.78,28,No,"Leopardstown, Dublin 18",2020,1 to 2 bed,Apartment,1914.63,1675.51,14.3
14,Glencairn,53.266336,-6.209942,8.78,28,No,"Leopardstown, Dublin 18",2020,1 to 3 bed,All property types,2014.14,1667.88,20.8
14,Glencairn,53.266336,-6.209942,8.78,28,No,"Leopardstown, Dublin 18",2020,1 to 3 bed,Semi detached house,2083.9,1799.57,15.8
14,Glencairn,53.266336,-6.209942,8.78,28,No,"Leopardstown, Dublin 18",2020,1 to 3 bed,Apartment,1998.14,1721.25,16.1
14,Glencairn,53.266336,-6.209942,8.78,28,No,"Leopardstown, Dublin 18",2020,Four plus bed,All property types,2502.41,2583.17,-3.1
15,The Gallops,53.261164,-6.206022,9.41,29,No,"Leopardstown, Dublin 18",2020,All bedrooms,All property types,2040.25,1736.52,17.5
15,The Gallops,53.261164,-6.206022,9.41,29,No,"Leopardstown, Dublin 18",2020,All bedrooms,Semi detached house,2199.02,1991.14,10.4
15,The Gallops,53.261164,-6.206022,9.41,29,No,"Leopardstown, Dublin 18",2020,All bedrooms,Apartment,1997.99,1725.76,15.8
15,The Gallops,53.261164,-6.206022,9.41,29,No,"Leopardstown, Dublin 18",2020,One bed,All property types,1755.54,1317.27,33.3
15,The Gallops,53.261164,-6.206022,9.41,29,No,"Leopardstown, Dublin 18",2020,One bed,Apartment,1755.54,1445.15,21.5
15,The Gallops,53.261164,-6.206022,9.41,29,No,"Leopardstown, Dublin 18",2020,Two bed,All property types,1977.28,1774.65,11.4
15,The Gallops,53.261164,-6.206022,9.41,29,No,"Leopardstown, Dublin 18",2020,Two bed,Apartment,1970.36,1805.1,9.2
15,The Gallops,53.261164,-6.206022,9.41,29,No,"Leopardstown, Dublin 18",2020,Three bed,All property types,2314.71,1965.78,17.8
15,The Gallops,53.261164,-6.206022,9.41,29,No,"Leopardstown, Dublin 18",2020,Three bed,Semi detached house,2083.9,1842.67,13.1
15,The Gallops,53.261164,-6.206022,9.41,29,No,"Leopardstown, Dublin 18",2020,Three bed,Apartment,2534.64,2185.84,16.0
15,The Gallops,53.261164,-6.206022,9.41,29,No,"Leopardstown, Dublin 18",2020,1 to 2 bed,All property types,1920.69,1587.47,21.0
15,The Gallops,53.261164,-6.206022,9.41,29,No,"Leopardstown, Dublin 18",2020,1 to 2 bed,Apartment,1914.63,1675.51,14.3
15,The Gallops,53.261164,-6.206022,9.41,29,No,"Leopardstown, Dublin 18",2020,1 to 3 bed,All property types,2014.14,1667.88,20.8
15,The Gallops,53.261164,-6.206022,9.41,29,No,"Leopardstown, Dublin 18",2020,1 to 3 bed,Semi detached house,2083.9,1799.57,15.8
15,The Gallops,53.261164,-6.206022,9.41,29,No,"Leopardstown, Dublin 18",2020,1 to 3 bed,Apartment,1998.14,1721.25,16.1
15,The Gallops,53.261164,-6.206022,9.41,29,No,"Leopardstown, Dublin 18",2020,Four plus bed,All property types,2502.41,2583.17,-3.1
16,Leopardstown Valley,53.258247,-6.198361,9.91,31,No,"Leopardstown, Dublin 18",2020,All bedrooms,All property types,2040.25,1736.52,17.5
16,Leopardstown Valley,53.258247,-6.198361,9.91,31,No,"Leopardstown, Dublin 18",2020,All bedrooms,Semi detached house,2199.02,1991.14,10.4
16,Leopardstown Valley,53.258247,-6.198361,9.91,31,No,"Leopardstown, Dublin 18",2020,All bedrooms,Apartment,1997.99,1725.76,15.8
16,Leopardstown Valley,53.258247,-6.198361,9.91,31,No,"Leopardstown, Dublin 18",2020,One bed,All property types,1755.54,1317.27,33.3
16,Leopardstown Valley,53.258247,-6.198361,9.91,31,No,"Leopardstown, Dublin 18",2020,One bed,Apartment,1755.54,1445.15,21.5
16,Leopardstown Valley,53.258247,-6.198361,9.91,31,No,"Leopardstown, Dublin 18",2020,Two bed,All property types,1977.28,1774.65,11.4
16,Leopardstown Valley,53.258247,-6.198361,9.91,31,No,"Leopardstown, Dublin 18",2020,Two bed,Apartment,1970.36,1805.1,9.2
16,Leopardstown Valley,53.258247,-6.198361,9.91,31,No,"Leopardstown, Dublin 18",2020,Three bed,All property types,2314.71,1965.78,17.8
16,Leopardstown Valley,53.258247,-6.198361,9.91,31,No,"Leopardstown, Dublin 18",2020,Three bed,Semi detached house,2083.9,1842.67,13.1
16,Leopardstown Valley,53.258247,-6.198361,9.91,31,No,"Leopardstown, Dublin 18",2020,Three bed,Apartment,2534.64,2185.84,16.0
16,Leopardstown Valley,53.258247,-6.198361,9.91,31,No,"Leopardstown, Dublin 18",2020,1 to 2 bed,All property types,1920.69,1587.47,21.0
16,Leopardstown Valley,53.258247,-6.198361,9.91,31,No,"Leopardstown, Dublin 18",2020,1 to 2 bed,Apartment,1914.63,1675.51,14.3
16,Leopardstown Valley,53.258247,-6.198361,9.91,31,No,"Leopardstown, Dublin 18",2020,1 to 3 bed,All property types,2014.14,1667.88,20.8
16,Leopardstown Valley,53.258247,-6.198361,9.91,31,No,"Leopardstown, Dublin 18",2020,1 to 3 bed,Semi detached house,2083.9,1799.57,15.8
16,Leopardstown Valley,53.258247,-6.198361,9.91,31,No,"Leopardstown, Dublin 18",2020,1 to 3 bed,Apartment,1998.14,1721.25,16.1
16,Leopardstown Valley,53.258247,-6.198361,9.91,31,No,"Leopardstown, Dublin 18",2020,Four plus bed,All property types,2502.41,2583.17,-3.1
17,Ballyogan Wood,53.255047,-6.184475,10.65,33,No,"Carrickmines, Dublin 18",2020,All bedrooms,All property types,1999.46,1736.52,15.1
17,Ballyogan Wood,53.255047,-6.184475,10.65,33,No,"Carrickmines, Dublin 18",2020,All bedrooms,Apartment,1723.94,1725.76,-0.1
17,Ballyogan Wood,53.255047,-6.184475,10.65,33,No,"Carrickmines, Dublin 18",2020,One bed,All property types,1437.61,1317.27,9.1
17,Ballyogan Wood,53.255047,-6.184475,10.65,33,No,"Carrickmines, Dublin 18",2020,One bed,Apartment,1437.61,1445.15,-0.5
17,Ballyogan Wood,53.255047,-6.184475,10.65,33,No,"Carrickmines, Dublin 18",2020,Two bed,All property types,1812.67,1774.65,2.1
17,Ballyogan Wood,53.255047,-6.184475,10.65,33,No,"Carrickmines, Dublin 18",2020,Two bed,Apartment,1812.67,1805.1,0.4
17,Ballyogan Wood,53.255047,-6.184475,10.65,33,No,"Carrickmines, Dublin 18",2020,1 to 2 bed,All property types,1705.01,1587.47,7.4
17,Ballyogan Wood,53.255047,-6.184475,10.65,33,No,"Carrickmines, Dublin 18",2020,1 to 2 bed,Apartment,1705.01,1675.51,1.8
17,Ballyogan Wood,53.255047,-6.184475,10.65,33,No,"Carrickmines, Dublin 18",2020,1 to 3 bed,All property types,1738.45,1667.88,4.2
17,Ballyogan Wood,53.255047,-6.184475,10.65,33,No,"Carrickmines, Dublin 18",2020,1 to 3 bed,Apartment,1726.86,1721.25,0.3
18,Racecourse,53.255367,-6.175161,10.93,34,No,"Leopardstown, Dublin 18",2020,All bedrooms,All property types,2040.25,1736.52,17.5
18,Racecourse,53.255367,-6.175161,10.93,34,No,"Leopardstown, Dublin 18",2020,All bedrooms,Semi detached house,2199.02,1991.14,10.4
18,Racecourse,53.255367,-6.175161,10.93,34,No,"Leopardstown, Dublin 18",2020,All bedrooms,Apartment,1997.99,1725.76,15.8
18,Racecourse,53.255367,-6.175161,10.93,34,No,"Leopardstown, Dublin 18",2020,One bed,All property types,1755.54,1317.27,33.3
18,Racecourse,53.255367,-6.175161,10.93,34,No,"Leopardstown, Dublin 18",2020,One bed,Apartment,1755.54,1445.15,21.5
18,Racecourse,53.255367,-6.175161,10.93,34,No,"Leopardstown, Dublin 18",2020,Two bed,All property types,1977.28,1774.65,11.4
18,Racecourse,53.255367,-6.175161,10.93,34,No,"Leopardstown, Dublin 18",2020,Two bed,Apartment,1970.36,1805.1,9.2
18,Racecourse,53.255367,-6.175161,10.93,34,No,"Leopardstown, Dublin 18",2020,Three bed,All property types,2314.71,1965.78,17.8
18,Racecourse,53.255367,-6.175161,10.93,34,No,"Leopardstown, Dublin 18",2020,Three bed,Semi detached house,2083.9,1842.67,13.1
18,Racecourse,53.255367,-6.175161,10.93,34,No,"Leopardstown, Dublin 18",2020,Three bed,Apartment,2534.64,2185.84,16.0
18,Racecourse,53.255367,-6.175161,10.93,34,No,"Leopardstown, Dublin 18",2020,1 to 2 bed,All property types,1920.69,1587.47,21.0
18,Racecourse,53.255367,-6.175161,10.93,34,No,"Leopardstown, Dublin 18",2020,1 to 2 bed,Apartment,1914.63,1675.51,14.3
18,Racecourse,53.255367,-6.175161,10.93,34,No,"Leopardstown, Dublin 18",2020,1 to 3 bed,All property types,2014.14,1667.88,20.8
18,Racecourse,53.255367,-6.175161,10.93,34,No,"Leopardstown, Dublin 18",2020,1 to 3 bed,Semi detached house,2083.9,1799.57,15.8
18,Racecourse,53.255367,-6.175161,10.93,34,No,"Leopardstown, Dublin 18",2020,1 to 3 bed,Apartment,1998.14,1721.25,16.1
18,Racecourse,53.255367,-6.175161,10.93,34,No,"Leopardstown, Dublin 18",2020,Four plus bed,All property types,2502.41,2583.17,-3.1
19,Carrickmines,53.254033,-6.169908,11.24,36,Yes,"Carrickmines, Dublin 18",2020,All bedrooms,All property types,1999.46,1736.52,15.1
19,Carrickmines,53.254033,-6.169908,11.24,36,Yes,"Carrickmines, Dublin 18",2020,All bedrooms,Apartment,1723.94,1725.76,-0.1
19,Carrickmines,53.254033,-6.169908,11.24,36,Yes,"Carrickmines, Dublin 18",2020,One bed,All property types,1437.61,1317.27,9.1
19,Carrickmines,53.254033,-6.169908,11.24,36,Yes,"Carrickmines, Dublin 18",2020,One bed,Apartment,1437.61,1445.15,-0.5
19,Carrickmines,53.254033,-6.169908,11.24,36,Yes,"Carrickmines, Dublin 18",2020,Two bed,All property types,1812.67,1774.65,2.1
19,Carrickmines,53.254033,-6.169908,11.24,36,Yes,"Carrickmines, Dublin 18",2020,Two bed,Apartment,1812.67,1805.1,0.4
19,Carrickmines,53.254033,-6.169908,11.24,36,Yes,"Carrickmines, Dublin 18",2020,1 to 2 bed,All property types,1705.01,1587.47,7.4
19,Carrickmines,53.254033,-6.169908,11.24,36,Yes,"Carrickmines, Dublin 18",2020,1 to 2 bed,Apartment,1705.01,1675.51,1.8
19,Carrickmines,53.254033,-6.169908,11.24,36,Yes,"Carrickmines, Dublin 18",2020,1 to 3 bed,All property types,1738.45,1667.88,4.2
19,Carrickmines,53.254033,-6.169908,11.24,36,Yes,"Carrickmines, Dublin 18",2020,1 to 3 bed,Apartment,1726.86,1721.25,0.3
20,Brennanstown,53.252619,-6.161597,11.68,37,No,"Cabinteely, Dublin 18",2020,All bedrooms,All property types,1905.48,1736.52,9.7
20,Brennanstown,53.252619,-6.161597,11.68,37,No,"Cabinteely, Dublin 18",2020,All bedrooms,Detached house,2425.83,2432.36,-0.3
20,Brennanstown,53.252619,-6.161597,11.68,37,No,"Cabinteely, Dublin 18",2020,All bedrooms,Semi detached house,2297.34,1991.14,15.4
20,Brennanstown,53.252619,-6.161597,11.68,37,No,"Cabinteely, Dublin 18",2020,All bedrooms,Apartment,1733.94,1725.76,0.5
20,Brennanstown,53.252619,-6.161597,11.68,37,No,"Cabinteely, Dublin 18",2020,Two bed,All property types,1636.69,1774.65,-7.8
20,Brennanstown,53.252619,-6.161597,11.68,37,No,"Cabinteely, Dublin 18",2020,Two bed,Apartment,1649.95,1805.1,-8.6
20,Brennanstown,53.252619,-6.161597,11.68,37,No,"Cabinteely, Dublin 18",2020,Three bed,All property types,2043.37,1965.78,3.9
20,Brennanstown,53.252619,-6.161597,11.68,37,No,"Cabinteely, Dublin 18",2020,Three bed,Semi detached house,2005.53,1842.67,8.8
20,Brennanstown,53.252619,-6.161597,11.68,37,No,"Cabinteely, Dublin 18",2020,Three bed,Apartment,2078.55,2185.84,-4.9
20,Brennanstown,53.252619,-6.161597,11.68,37,No,"Cabinteely, Dublin 18",2020,1 to 2 bed,All property types,1606.92,1587.47,1.2
20,Brennanstown,53.252619,-6.161597,11.68,37,No,"Cabinteely, Dublin 18",2020,1 to 2 bed,Apartment,1619.54,1675.51,-3.3
20,Brennanstown,53.252619,-6.161597,11.68,37,No,"Cabinteely, Dublin 18",2020,1 to 3 bed,All property types,1767.52,1667.88,6.0
20,Brennanstown,53.252619,-6.161597,11.68,37,No,"Cabinteely, Dublin 18",2020,1 to 3 bed,Semi detached house,2066.12,1799.57,14.8
20,Brennanstown,53.252619,-6.161597,11.68,37,No,"Cabinteely, Dublin 18",2020,1 to 3 bed,Apartment,1733.0,1721.25,0.7
20,Brennanstown,53.252619,-6.161597,11.68,37,No,"Cabinteely, Dublin 18",2020,Four plus bed,All property types,2842.83,2583.17,10.1
21,Laughanstown,53.250606,-6.155006,12.11,39,No,"Cabinteely, Dublin 18",2020,All bedrooms,All property types,1905.48,1736.52,9.7
21,Laughanstown,53.250606,-6.155006,12.11,39,No,"Cabinteely, Dublin 18",2020,All bedrooms,Detached house,2425.83,2432.36,-0.3
21,Laughanstown,53.250606,-6.155006,12.11,39,No,"Cabinteely, Dublin 18",2020,All bedrooms,Semi detached house,2297.34,1991.14,15.4
21,Laughanstown,53.250606,-6.155006,12.11,39,No,"Cabinteely, Dublin 18",2020,All bedrooms,Apartment,1733.94,1725.76,0.5
21,Laughanstown,53.250606,-6.155006,12.11,39,No,"Cabinteely, Dublin 18",2020,Two bed,All property types,1636.69,1774.65,-7.8
21,Laughanstown,53.250606,-6.155006,12.11,39,No,"Cabinteely, Dublin 18",2020,Two bed,Apartment,1649.95,1805.1,-8.6
21,Laughanstown,53.250606,-6.155006,12.11,39,No,"Cabinteely, Dublin 18",2020,Three bed,All property types,2043.37,1965.78,3.9
21,Laughanstown,53.250606,-6.155006,12.11,39,No,"Cabinteely, Dublin 18",2020,Three bed,Semi detached house,2005.53,1842.67,8.8
21,Laughanstown,53.250606,-6.155006,12.11,39,No,"Cabinteely, Dublin 18",2020,Three bed,Apartment,2078.55,2185.84,-4.9
21,Laughanstown,53.250606,-6.155006,12.11,39,No,"Cabinteely, Dublin 18",2020,1 to 2 bed,All property types,1606.92,1587.47,1.2
21,Laughanstown,53.250606,-6.155006,12.11,39,No,"Cabinteely, Dublin 18",2020,1 to 2 bed,Apartment,1619.54,1675.51,-3.3
21,Laughanstown,53.250606,-6.155006,12.11,39,No,"Cabinteely, Dublin 18",2020,1 to 3 bed,All property types,1767.52,1667.88,6.0
21,Laughanstown,53.250606,-6.155006,12.11,39,No,"Cabinteely, Dublin 18",2020,1 to 3 bed,Semi detached house,2066.12,1799.57,14.8
21,Laughanstown,53.250606,-6.155006,12.11,39,No,"Cabinteely, Dublin 18",2020,1 to 3 bed,Apartment,1733.0,1721.25,0.7
21,Laughanstown,53.250606,-6.155006,12.11,39,No,"Cabinteely, Dublin 18",2020,Four plus bed,All property types,2842.83,2583.17,10.1
22,Cherrywood,53.245333,-6.145853,12.94,41,No,"Cabinteely, Dublin 18",2020,All bedrooms,All property types,1905.48,1736.52,9.7
22,Cherrywood,53.245333,-6.145853,12.94,41,No,"Cabinteely, Dublin 18",2020,All bedrooms,Detached house,2425.83,2432.36,-0.3
22,Cherrywood,53.245333,-6.145853,12.94,41,No,"Cabinteely, Dublin 18",2020,All bedrooms,Semi detached house,2297.34,1991.14,15.4
22,Cherrywood,53.245333,-6.145853,12.94,41,No,"Cabinteely, Dublin 18",2020,All bedrooms,Apartment,1733.94,1725.76,0.5
22,Cherrywood,53.245333,-6.145853,12.94,41,No,"Cabinteely, Dublin 18",2020,Two bed,All property types,1636.69,1774.65,-7.8
22,Cherrywood,53.245333,-6.145853,12.94,41,No,"Cabinteely, Dublin 18",2020,Two bed,Apartment,1649.95,1805.1,-8.6
22,Cherrywood,53.245333,-6.145853,12.94,41,No,"Cabinteely, Dublin 18",2020,Three bed,All property types,2043.37,1965.78,3.9
22,Cherrywood,53.245333,-6.145853,12.94,41,No,"Cabinteely, Dublin 18",2020,Three bed,Semi detached house,2005.53,1842.67,8.8
22,Cherrywood,53.245333,-6.145853,12.94,41,No,"Cabinteely, Dublin 18",2020,Three bed,Apartment,2078.55,2185.84,-4.9
22,Cherrywood,53.245333,-6.145853,12.94,41,No,"Cabinteely, Dublin 18",2020,1 to 2 bed,All property types,1606.92,1587.47,1.2
22,Cherrywood,53.245333,-6.145853,12.94,41,No,"Cabinteely, Dublin 18",2020,1 to 2 bed,Apartment,1619.54,1675.51,-3.3
22,Cherrywood,53.245333,-6.145853,12.94,41,No,"Cabinteely, Dublin 18",2020,1 to 3 bed,All property types,1767.52,1667.88,6.0
22,Cherrywood,53.245333,-6.145853,12.94,41,No,"Cabinteely, Dublin 18",2020,1 to 3 bed,Semi detached house,2066.12,1799.57,14.8
22,Cherrywood,53.245333,-6.145853,12.94,41,No,"Cabinteely, Dublin 18",2020,1 to 3 bed,Apartment,1733.0,1721.25,0.7
22,Cherrywood,53.245333,-6.145853,12.94,41,No,"Cabinteely, Dublin 18",2020,Four plus bed,All property types,2842.83,2583.17,10.1
23,Brides Glen,53.242075,-6.142886,13.35,42,No,"Shankill, Dublin",2020,All bedrooms,All property types,1777.12,1736.52,2.3
23,Brides Glen,53.242075,-6.142886,13.35,42,No,"Shankill, Dublin",2020,All bedrooms,Semi detached house,1849.84,1991.14,-7.1
23,Brides Glen,53.242075,-6.142886,13.35,42,No,"Shankill, Dublin",2020,All bedrooms,Apartment,1551.23,1725.76,-10.1
23,Brides Glen,53.242075,-6.142886,13.35,42,No,"Shankill, Dublin",2020,Two bed,All property types,1518.16,1774.65,-14.5
23,Brides Glen,53.242075,-6.142886,13.35,42,No,"Shankill, Dublin",2020,Two bed,Apartment,1532.29,1805.1,-15.1
23,Brides Glen,53.242075,-6.142886,13.35,42,No,"Shankill, Dublin",2020,Three bed,All property types,1790.49,1965.78,-8.9
23,Brides Glen,53.242075,-6.142886,13.35,42,No,"Shankill, Dublin",2020,1 to 2 bed,All property types,1473.56,1587.47,-7.2
23,Brides Glen,53.242075,-6.142886,13.35,42,No,"Shankill, Dublin",2020,1 to 2 bed,Apartment,1504.4,1675.51,-10.2
23,Brides Glen,53.242075,-6.142886,13.35,42,No,"Shankill, Dublin",2020,1 to 3 bed,All property types,1583.68,1667.88,-5.0
23,Brides Glen,53.242075,-6.142886,13.35,42,No,"Shankill, Dublin",2020,1 to 3 bed,Apartment,1528.24,1721.25,-11.2
23,Brides Glen,53.242075,-6.142886,13.35,42,No,"Shankill, Dublin",2020,Four plus bed,All property types,2411.17,2583.17,-6.7
23,Brides Glen,53.242075,-6.142886,13.35,42,No,"Shankill, Dublin",2020,Four plus bed,Semi detached house,1863.14,2456.09,-24.1
0,St. Stephen's Green,53.339072,-6.261333,0.0,0,No,"Charlemont Street, Dublin 2",2021,All bedrooms,All property types,2081.34,1770.14,17.6
0,St. Stephen's Green,53.339072,-6.261333,0.0,0,No,"Charlemont Street, Dublin 2",2021,All bedrooms,Apartment,2081.34,1765.91,17.9
0,St. Stephen's Green,53.339072,-6.261333,0.0,0,No,"Charlemont Street, Dublin 2",2021,Two bed,All property types,2017.15,1816.22,11.1
0,St. Stephen's Green,53.339072,-6.261333,0.0,0,No,"Charlemont Street, Dublin 2",2021,Two bed,Apartment,2017.15,1848.94,9.1
0,St. Stephen's Green,53.339072,-6.261333,0.0,0,No,"Charlemont Street, Dublin 2",2021,1 to 2 bed,All property types,1950.02,1623.5,20.1
0,St. Stephen's Green,53.339072,-6.261333,0.0,0,No,"Charlemont Street, Dublin 2",2021,1 to 2 bed,Apartment,1950.02,1713.01,13.8
0,St. Stephen's Green,53.339072,-6.261333,0.0,0,No,"Charlemont Street, Dublin 2",2021,1 to 3 bed,All property types,2081.34,1707.58,21.9
0,St. Stephen's Green,53.339072,-6.261333,0.0,0,No,"Charlemont Street, Dublin 2",2021,1 to 3 bed,Apartment,2081.34,1761.89,18.1
1,Harcourt,53.333358,-6.26265,0.64,2,No,"Charlemont Street, Dublin 2",2021,All bedrooms,All property types,2081.34,1770.14,17.6
1,Harcourt,53.333358,-6.26265,0.64,2,No,"Charlemont Street, Dublin 2",2021,All bedrooms,Apartment,2081.34,1765.91,17.9
1,Harcourt,53.333358,-6.26265,0.64,2,No,"Charlemont Street, Dublin 2",2021,Two bed,All property types,2017.15,1816.22,11.1
1,Harcourt,53.333358,-6.26265,0.64,2,No,"Charlemont Street, Dublin 2",2021,Two bed,Apartment,2017.15,1848.94,9.1
1,Harcourt,53.333358,-6.26265,0.64,2,No,"Charlemont Street, Dublin 2",2021,1 to 2 bed,All property types,1950.02,1623.5,20.1
1,Harcourt,53.333358,-6.26265,0.64,2,No,"Charlemont Street, Dublin 2",2021,1 to 2 bed,Apartment,1950.02,1713.01,13.8
1,Harcourt,53.333358,-6.26265,0.64,2,No,"Charlemont Street, Dublin 2",2021,1 to 3 bed,All property types,2081.34,1707.58,21.9
1,Harcourt,53.333358,-6.26265,0.64,2,No,"Charlemont Street, Dublin 2",2021,1 to 3 bed,Apartment,2081.34,1761.89,18.1
2,Charlemont,53.330669,-6.258683,0.95,4,No,"Charlemont Street, Dublin 2",2021,All bedrooms,All property types,2081.34,1770.14,17.6
2,Charlemont,53.330669,-6.258683,0.95,4,No,"Charlemont Street, Dublin 2",2021,All bedrooms,Apartment,2081.34,1765.91,17.9
2,Charlemont,53.330669,-6.258683,0.95,4,No,"Charlemont Street, Dublin 2",2021,Two bed,All property types,2017.15,1816.22,11.1
2,Charlemont,53.330669,-6.258683,0.95,4,No,"Charlemont Street, Dublin 2",2021,Two bed,Apartment,2017.15,1848.94,9.1
2,Charlemont,53.330669,-6.258683,0.95,4,No,"Charlemont Street, Dublin 2",2021,1 to 2 bed,All property types,1950.02,1623.5,20.1
2,Charlemont,53.330669,-6.258683,0.95,4,No,"Charlemont Street, Dublin 2",2021,1 to 2 bed,Apartment,1950.02,1713.01,13.8
2,Charlemont,53.330669,-6.258683,0.95,4,No,"Charlemont Street, Dublin 2",2021,1 to 3 bed,All property types,2081.34,1707.58,21.9
2,Charlemont,53.330669,-6.258683,0.95,4,No,"Charlemont Street, Dublin 2",2021,1 to 3 bed,Apartment,2081.34,1761.89,18.1
3,Ranelagh,53.326433,-6.256203,1.45,7,No,"Ranelagh, Dublin 6",2021,All bedrooms,All property types,1780.34,1770.14,0.6
3,Ranelagh,53.326433,-6.256203,1.45,7,No,"Ranelagh, Dublin 6",2021,All bedrooms,Semi detached house,2950.11,2041.75,44.5
3,Ranelagh,53.326433,-6.256203,1.45,7,No,"Ranelagh, Dublin 6",2021,All bedrooms,Terrace house,2647.03,1940.58,36.4
3,Ranelagh,53.326433,-6.256203,1.45,7,No,"Ranelagh, Dublin 6",2021,All bedrooms,Apartment,1723.37,1765.91,-2.4
3,Ranelagh,53.326433,-6.256203,1.45,7,No,"Ranelagh, Dublin 6",2021,All bedrooms,Other flats,1181.81,1169.34,1.1
3,Ranelagh,53.326433,-6.256203,1.45,7,No,"Ranelagh, Dublin 6",2021,One bed,All property types,1313.44,1344.5,-2.3
3,Ranelagh,53.326433,-6.256203,1.45,7,No,"Ranelagh, Dublin 6",2021,One bed,Apartment,1509.7,1469.24,2.8
3,Ranelagh,53.326433,-6.256203,1.45,7,No,"Ranelagh, Dublin 6",2021,One bed,Other flats,1111.93,1075.44,3.4
3,Ranelagh,53.326433,-6.256203,1.45,7,No,"Ranelagh, Dublin 6",2021,Two bed,All property types,1886.2,1816.22,3.9
3,Ranelagh,53.326433,-6.256203,1.45,7,No,"Ranelagh, Dublin 6",2021,Two bed,Terrace house,2042.64,1699.65,20.2
3,Ranelagh,53.326433,-6.256203,1.45,7,No,"Ranelagh, Dublin 6",2021,Two bed,Apartment,1960.62,1848.94,6.0
3,Ranelagh,53.326433,-6.256203,1.45,7,No,"Ranelagh, Dublin 6",2021,Two bed,Other flats,1417.75,1490.0,-4.8
3,Ranelagh,53.326433,-6.256203,1.45,7,No,"Ranelagh, Dublin 6",2021,Three bed,All property types,2617.55,2039.71,28.3
3,Ranelagh,53.326433,-6.256203,1.45,7,No,"Ranelagh, Dublin 6",2021,Three bed,Semi detached house,2828.31,1908.07,48.2
3,Ranelagh,53.326433,-6.256203,1.45,7,No,"Ranelagh, Dublin 6",2021,Three bed,Terrace house,2663.21,1970.65,35.1
3,Ranelagh,53.326433,-6.256203,1.45,7,No,"Ranelagh, Dublin 6",2021,1 to 2 bed,All property types,1488.1,1623.5,-8.3
3,Ranelagh,53.326433,-6.256203,1.45,7,No,"Ranelagh, Dublin 6",2021,1 to 2 bed,Terrace house,1919.55,1655.07,16.0
3,Ranelagh,53.326433,-6.256203,1.45,7,No,"Ranelagh, Dublin 6",2021,1 to 2 bed,Apartment,1672.26,1713.01,-2.4
3,Ranelagh,53.326433,-6.256203,1.45,7,No,"Ranelagh, Dublin 6",2021,1 to 2 bed,Other flats,1153.36,1137.13,1.4
3,Ranelagh,53.326433,-6.256203,1.45,7,No,"Ranelagh, Dublin 6",2021,1 to 3 bed,All property types,1642.84,1707.58,-3.8
3,Ranelagh,53.326433,-6.256203,1.45,7,No,"Ranelagh, Dublin 6",2021,1 to 3 bed,Semi detached house,2582.18,1857.45,39.0
3,Ranelagh,53.326433,-6.256203,1.45,7,No,"Ranelagh, Dublin 6",2021,1 to 3 bed,Terrace house,2366.86,1820.76,30.0
3,Ranelagh,53.326433,-6.256203,1.45,7,No,"Ranelagh, Dublin 6",2021,1 to 3 bed,Apartment,1703.63,1761.89,-3.3
3,Ranelagh,53.326433,-6.256203,1.45,7,No,"Ranelagh, Dublin 6",2021,1 to 3 bed,Other flats,1170.39,1162.47,0.7
3,Ranelagh,53.326433,-6.256203,1.45,7,No,"Ranelagh, Dublin 6",2021,Four plus bed,All property types,3426.17,2637.38,29.9
3,Ranelagh,53.326433,-6.256203,1.45,7,No,"Ranelagh, Dublin 6",2021,Four plus bed,Semi detached house,3673.72,2501.0,46.9
3,Ranelagh,53.326433,-6.256203,1.45,7,No,"Ranelagh, Dublin 6",2021,Four plus bed,Terrace house,3350.09,2666.37,25.6
4,Beechwood,53.320822,-6.254653,2.08,9,No,"Ranelagh, Dublin 6",2021,All bedrooms,All property types,1780.34,1770.14,0.6
4,Beechwood,53.320822,-6.254653,2.08,9,No,"Ranelagh, Dublin 6",2021,All bedrooms,Semi detached house,2950.11,2041.75,44.5
4,Beechwood,53.320822,-6.254653,2.08,9,No,"Ranelagh, Dublin 6",2021,All bedrooms,Terrace house,2647.03,1940.58,36.4
4,Beechwood,53.320822,-6.254653,2.08,9,No,"Ranelagh, Dublin 6",2021,All bedrooms,Apartment,1723.37,1765.91,-2.4
4,Beechwood,53.320822,-6.254653,2.08,9,No,"Ranelagh, Dublin 6",2021,All bedrooms,Other flats,1181.81,1169.34,1.1
4,Beechwood,53.320822,-6.254653,2.08,9,No,"Ranelagh, Dublin 6",2021,One bed,All property types,1313.44,1344.5,-2.3
4,Beechwood,53.320822,-6.254653,2.08,9,No,"Ranelagh, Dublin 6",2021,One bed,Apartment,1509.7,1469.24,2.8
4,Beechwood,53.320822,-6.254653,2.08,9,No,"Ranelagh, Dublin 6",2021,One bed,Other flats,1111.93,1075.44,3.4
4,Beechwood,53.320822,-6.254653,2.08,9,No,"Ranelagh, Dublin 6",2021,Two bed,All property types,1886.2,1816.22,3.9
4,Beechwood,53.320822,-6.254653,2.08,9,No,"Ranelagh, Dublin 6",2021,Two bed,Terrace house,2042.64,1699.65,20.2
4,Beechwood,53.320822,-6.254653,2.08,9,No,"Ranelagh, Dublin 6",2021,Two bed,Apartment,1960.62,1848.94,6.0
4,Beechwood,53.320822,-6.254653,2.08,9,No,"Ranelagh, Dublin 6",2021,Two bed,Other flats,1417.75,1490.0,-4.8
4,Beechwood,53.320822,-6.254653,2.08,9,No,"Ranelagh, Dublin 6",2021,Three bed,All property types,2617.55,2039.71,28.3
4,Beechwood,53.320822,-6.254653,2.08,9,No,"Ranelagh, Dublin 6",2021,Three bed,Semi detached house,2828.31,1908.07,48.2
4,Beechwood,53.320822,-6.254653,2.08,9,No,"Ranelagh, Dublin 6",2021,Three bed,Terrace house,2663.21,1970.65,35.1
4,Beechwood,53.320822,-6.254653,2.08,9,No,"Ranelagh, Dublin 6",2021,1 to 2 bed,All property types,1488.1,1623.5,-8.3
4,Beechwood,53.320822,-6.254653,2.08,9,No,"Ranelagh, Dublin 6",2021,1 to 2 bed,Terrace house,1919.55,1655.07,16.0
4,Beechwood,53.320822,-6.254653,2.08,9,No,"Ranelagh, Dublin 6",2021,1 to 2 bed,Apartment,1672.26,1713.01,-2.4
4,Beechwood,53.320822,-6.254653,2.08,9,No,"Ranelagh, Dublin 6",2021,1 to 2 bed,Other flats,1153.36,1137.13,1.4
4,Beechwood,53.320822,-6.254653,2.08,9,No,"Ranelagh, Dublin 6",2021,1 to 3 bed,All property types,1642.84,1707.58,-3.8
4,Beechwood,53.320822,-6.254653,2.08,9,No,"Ranelagh, Dublin 6",2021,1 to 3 bed,Semi detached house,2582.18,1857.45,39.0
4,Beechwood,53.320822,-6.254653,2.08,9,No,"Ranelagh, Dublin 6",2021,1 to 3 bed,Terrace house,2366.86,1820.76,30.0
4,Beechwood,53.320822,-6.254653,2.08,9,No,"Ranelagh, Dublin 6",2021,1 to 3 bed,Apartment,1703.63,1761.89,-3.3
4,Beechwood,53.320822,-6.254653,2.08,9,No,"Ranelagh, Dublin 6",2021,1 to 3 bed,Other flats,1170.39,1162.47,0.7
4,Beechwood,53.320822,-6.254653,2.08,9,No,"Ranelagh, Dublin 6",2021,Four plus bed,All property types,3426.17,2637.38,29.9
4,Beechwood,53.320822,-6.254653,2.08,9,No,"Ranelagh, Dublin 6",2021,Four plus bed,Semi detached house,3673.72,2501.0,46.9
4,Beechwood,53.320822,-6.254653,2.08,9,No,"Ranelagh, Dublin 6",2021,Four plus bed,Terrace house,3350.09,2666.37,25.6
5,Cowper,53.316467,-6.253447,2.57,11,No,"Ranelagh, Dublin 6",2021,All bedrooms,All property types,1780.34,1770.14,0.6
5,Cowper,53.316467,-6.253447,2.57,11,No,"Ranelagh, Dublin 6",2021,All bedrooms,Semi detached house,2950.11,2041.75,44.5
5,Cowper,53.316467,-6.253447,2.57,11,No,"Ranelagh, Dublin 6",2021,All bedrooms,Terrace house,2647.03,1940.58,36.4
5,Cowper,53.316467,-6.253447,2.57,11,No,"Ranelagh, Dublin 6",2021,All bedrooms,Apartment,1723.37,1765.91,-2.4
5,Cowper,53.316467,-6.253447,2.57,11,No,"Ranelagh, Dublin 6",2021,All bedrooms,Other flats,1181.81,1169.34,1.1
5,Cowper,53.316467,-6.253447,2.57,11,No,"Ranelagh, Dublin 6",2021,One bed,All property types,1313.44,1344.5,-2.3
5,Cowper,53.316467,-6.253447,2.57,11,No,"Ranelagh, Dublin 6",2021,One bed,Apartment,1509.7,1469.24,2.8
5,Cowper,53.316467,-6.253447,2.57,11,No,"Ranelagh, Dublin 6",2021,One bed,Other flats,1111.93,1075.44,3.4
5,Cowper,53.316467,-6.253447,2.57,11,No,"Ranelagh, Dublin 6",2021,Two bed,All property types,1886.2,1816.22,3.9
5,Cowper,53.316467,-6.253447,2.57,11,No,"Ranelagh, Dublin 6",2021,Two bed,Terrace house,2042.64,1699.65,20.2
5,Cowper,53.316467,-6.253447,2.57,11,No,"Ranelagh, Dublin 6",2021,Two bed,Apartment,1960.62,1848.94,6.0
5,Cowper,53.316467,-6.253447,2.57,11,No,"Ranelagh, Dublin 6",2021,Two bed,Other flats,1417.75,1490.0,-4.8
5,Cowper,53.316467,-6.253447,2.57,11,No,"Ranelagh, Dublin 6",2021,Three bed,All property types,2617.55,2039.71,28.3
5,Cowper,53.316467,-6.253447,2.57,11,No,"Ranelagh, Dublin 6",2021,Three bed,Semi detached house,2828.31,1908.07,48.2
5,Cowper,53.316467,-6.253447,2.57,11,No,"Ranelagh, Dublin 6",2021,Three bed,Terrace house,2663.21,1970.65,35.1
5,Cowper,53.316467,-6.253447,2.57,11,No,"Ranelagh, Dublin 6",2021,1 to 2 bed,All property types,1488.1,1623.5,-8.3
5,Cowper,53.316467,-6.253447,2.57,11,No,"Ranelagh, Dublin 6",2021,1 to 2 bed,Terrace house,1919.55,1655.07,16.0
5,Cowper,53.316467,-6.253447,2.57,11,No,"Ranelagh, Dublin 6",2021,1 to 2 bed,Apartment,1672.26,1713.01,-2.4
5,Cowper,53.316467,-6.253447,2.57,11,No,"Ranelagh, Dublin 6",2021,1 to 2 bed,Other flats,1153.36,1137.13,1.4
5,Cowper,53.316467,-6.253447,2.57,11,No,"Ranelagh, Dublin 6",2021,1 to 3 bed,All property types,1642.84,1707.58,-3.8
5,Cowper,53.316467,-6.253447,2.57,11,No,"Ranelagh, Dublin 6",2021,1 to 3 bed,Semi detached house,2582.18,1857.45,39.0
5,Cowper,53.316467,-6.253447,2.57,11,No,"Ranelagh, Dublin 6",2021,1 to 3 bed,Terrace house,2366.86,1820.76,30.0
5,Cowper,53.316467,-6.253447,2.57,11,No,"Ranelagh, Dublin 6",2021,1 to 3 bed,Apartment,1703.63,1761.89,-3.3
5,Cowper,53.316467,-6.253447,2.57,11,No,"Ranelagh, Dublin 6",2021,1 to 3 bed,Other flats,1170.39,1162.47,0.7
5,Cowper,53.316467,-6.253447,2.57,11,No,"Ranelagh, Dublin 6",2021,Four plus bed,All property types,3426.17,2637.38,29.9
5,Cowper,53.316467,-6.253447,2.57,11,No,"Ranelagh, Dublin 6",2021,Four plus bed,Semi detached house,3673.72,2501.0,46.9
5,Cowper,53.316467,-6.253447,2.57,11,No,"Ranelagh, Dublin 6",2021,Four plus bed,Terrace house,3350.09,2666.37,25.6
6,Milltown,53.309917,-6.251728,3.3,13,No,"Milltown, Dublin 6",2021,All bedrooms,All property types,2055.73,1770.14,16.1
6,Milltown,53.309917,-6.251728,3.3,13,No,"Milltown, Dublin 6",2021,All bedrooms,Semi detached house,2570.13,2041.75,25.9
6,Milltown,53.309917,-6.251728,3.3,13,No,"Milltown, Dublin 6",2021,All bedrooms,Terrace house,2167.73,1940.58,11.7
6,Milltown,53.309917,-6.251728,3.3,13,No,"Milltown, Dublin 6",2021,All bedrooms,Apartment,2001.33,1765.91,13.3
6,Milltown,53.309917,-6.251728,3.3,13,No,"Milltown, Dublin 6",2021,One bed,All property types,1709.38,1344.5,27.1
6,Milltown,53.309917,-6.251728,3.3,13,No,"Milltown, Dublin 6",2021,One bed,Apartment,1712.54,1469.24,16.6
6,Milltown,53.309917,-6.251728,3.3,13,No,"Milltown, Dublin 6",2021,Two bed,All property types,2028.44,1816.22,11.7
6,Milltown,53.309917,-6.251728,3.3,13,No,"Milltown, Dublin 6",2021,Two bed,Terrace house,1869.5,1699.65,10.0
6,Milltown,53.309917,-6.251728,3.3,13,No,"Milltown, Dublin 6",2021,Two bed,Apartment,2051.86,1848.94,11.0
6,Milltown,53.309917,-6.251728,3.3,13,No,"Milltown, Dublin 6",2021,Three bed,All property types,2354.61,2039.71,15.4
6,Milltown,53.309917,-6.251728,3.3,13,No,"Milltown, Dublin 6",2021,Three bed,Apartment,2468.02,2257.99,9.3
6,Milltown,53.309917,-6.251728,3.3,13,No,"Milltown, Dublin 6",2021,1 to 2 bed,All property types,1936.02,1623.5,19.2
6,Milltown,53.309917,-6.251728,3.3,13,No,"Milltown, Dublin 6",2021,1 to 2 bed,Terrace house,1879.13,1655.07,13.5
6,Milltown,53.309917,-6.251728,3.3,13,No,"Milltown, Dublin 6",2021,1 to 2 bed,Apartment,1944.8,1713.01,13.5
6,Milltown,53.309917,-6.251728,3.3,13,No,"Milltown, Dublin 6",2021,1 to 3 bed,All property types,2011.97,1707.58,17.8
6,Milltown,53.309917,-6.251728,3.3,13,No,"Milltown, Dublin 6",2021,1 to 3 bed,Terrace house,2046.93,1820.76,12.4
6,Milltown,53.309917,-6.251728,3.3,13,No,"Milltown, Dublin 6",2021,1 to 3 bed,Apartment,2001.33,1761.89,13.6
7,Windy Arbour,53.301558,-6.250708,4.23,15,No,"Churchtown, Dublin 14",2021,All bedrooms,All property types,2282.01,1770.14,28.9
7,Windy Arbour,53.301558,-6.250708,4.23,15,No,"Churchtown, Dublin 14",2021,All bedrooms,Semi detached house,2268.09,2041.75,11.1
7,Windy Arbour,53.301558,-6.250708,4.23,15,No,"Churchtown, Dublin 14",2021,All bedrooms,Apartment,2302.7,1765.91,30.4
7,Windy Arbour,53.301558,-6.250708,4.23,15,No,"Churchtown, Dublin 14",2021,One bed,All property types,1874.01,1344.5,39.4
7,Windy Arbour,53.301558,-6.250708,4.23,15,No,"Churchtown, Dublin 14",2021,One bed,Apartment,1901.96,1469.24,29.5
7,Windy Arbour,53.301558,-6.250708,4.23,15,No,"Churchtown, Dublin 14",2021,Two bed,All property types,2351.23,1816.22,29.5
7,Windy Arbour,53.301558,-6.250708,4.23,15,No,"Churchtown, Dublin 14",2021,Two bed,Apartment,2419.38,1848.94,30.9
7,Windy Arbour,53.301558,-6.250708,4.23,15,No,"Churchtown, Dublin 14",2021,Three bed,All property types,2371.38,2039.71,16.3
7,Windy Arbour,53.301558,-6.250708,4.23,15,No,"Churchtown, Dublin 14",2021,Three bed,Semi detached house,2170.47,1908.07,13.8
7,Windy Arbour,53.301558,-6.250708,4.23,15,No,"Churchtown, Dublin 14",2021,1 to 2 bed,All property types,2215.48,1623.5,36.5
7,Windy Arbour,53.301558,-6.250708,4.23,15,No,"Churchtown, Dublin 14",2021,1 to 2 bed,Apartment,2266.43,1713.01,32.3
7,Windy Arbour,53.301558,-6.250708,4.23,15,No,"Churchtown, Dublin 14",2021,1 to 3 bed,All property types,2244.5,1707.58,31.4
7,Windy Arbour,53.301558,-6.250708,4.23,15,No,"Churchtown, Dublin 14",2021,1 to 3 bed,Semi detached house,2054.37,1857.45,10.6
7,Windy Arbour,53.301558,-6.250708,4.23,15,No,"Churchtown, Dublin 14",2021,1 to 3 bed,Apartment,2302.7,1761.89,30.7
8,Dundrum,53.292358,-6.245117,5.3,17,No,"Dundrum, Dublin 16",2021,All bedrooms,All property types,1980.38,1770.14,11.9
8,Dundrum,53.292358,-6.245117,5.3,17,No,"Dundrum, Dublin 16",2021,All bedrooms,Detached house,2610.64,2481.15,5.2
8,Dundrum,53.292358,-6.245117,5.3,17,No,"Dundrum, Dublin 16",2021,All bedrooms,Semi detached house,2321.25,2041.75,13.7
8,Dundrum,53.292358,-6.245117,5.3,17,No,"Dundrum, Dublin 16",2021,All bedrooms,Terrace house,2011.31,1940.58,3.6
8,Dundrum,53.292358,-6.245117,5.3,17,No,"Dundrum, Dublin 16",2021,All bedrooms,Apartment,1899.04,1765.91,7.5
8,Dundrum,53.292358,-6.245117,5.3,17,No,"Dundrum, Dublin 16",2021,One bed,All property types,1592.19,1344.5,18.4
8,Dundrum,53.292358,-6.245117,5.3,17,No,"Dundrum, Dublin 16",2021,One bed,Apartment,1595.28,1469.24,8.6
8,Dundrum,53.292358,-6.245117,5.3,17,No,"Dundrum, Dublin 16",2021,Two bed,All property types,1902.83,1816.22,4.8
8,Dundrum,53.292358,-6.245117,5.3,17,No,"Dundrum, Dublin 16",2021,Two bed,Apartment,1917.87,1848.94,3.7
8,Dundrum,53.292358,-6.245117,5.3,17,No,"Dundrum, Dublin 16",2021,Three bed,All property types,2349.24,2039.71,15.2
8,Dundrum,53.292358,-6.245117,5.3,17,No,"Dundrum, Dublin 16",2021,Three bed,Semi detached house,2272.44,1908.07,19.1
8,Dundrum,53.292358,-6.245117,5.3,17,No,"Dundrum, Dublin 16",2021,Three bed,Terrace house,2114.31,1970.65,7.3
8,Dundrum,53.292358,-6.245117,5.3,17,No,"Dundrum, Dublin 16",2021,Three bed,Apartment,2528.82,2257.99,12.0
8,Dundrum,53.292358,-6.245117,5.3,17,No,"Dundrum, Dublin 16",2021,1 to 2 bed,All property types,1830.03,1623.5,12.7
8,Dundrum,53.292358,-6.245117,5.3,17,No,"Dundrum, Dublin 16",2021,1 to 2 bed,Apartment,1838.9,1713.01,7.3
8,Dundrum,53.292358,-6.245117,5.3,17,No,"Dundrum, Dublin 16",2021,1 to 3 bed,All property types,1926.41,1707.58,12.8
8,Dundrum,53.292358,-6.245117,5.3,17,No,"Dundrum, Dublin 16",2021,1 to 3 bed,Semi detached house,2190.1,1857.45,17.9
8,Dundrum,53.292358,-6.245117,5.3,17,No,"Dundrum, Dublin 16",2021,1 to 3 bed,Terrace house,1976.41,1820.76,8.5
8,Dundrum,53.292358,-6.245117,5.3,17,No,"Dundrum, Dublin 16",2021,1 to 3 bed,Apartment,1899.04,1761.89,7.8
8,Dundrum,53.292358,-6.245117,5.3,17,No,"Dundrum, Dublin 16",2021,Four plus bed,All property types,2680.21,2637.38,1.6
8,Dundrum,53.292358,-6.245117,5.3,17,No,"Dundrum, Dublin 16",2021,Four plus bed,Semi detached house,2526.16,2501.0,1.0
9,Balally,53.286106,-6.236772,6.11,19,Yes,"Dundrum, Dublin 16",2021,All bedrooms,All property types,1980.38,1770.14,11.9
9,Balally,53.286106,-6.236772,6.11,19,Yes,"Dundrum, Dublin 16",2021,All bedrooms,Detached house,2610.64,2481.15,5.2
9,Balally,53.286106,-6.236772,6.11,19,Yes,"Dundrum, Dublin 16",2021,All bedrooms,Semi detached house,2321.25,2041.75,13.7
9,Balally,53.286106,-6.236772,6.11,19,Yes,"Dundrum, Dublin 16",2021,All bedrooms,Terrace house,2011.31,1940.58,3.6
9,Balally,53.286106,-6.236772,6.11,19,Yes,"Dundrum, Dublin 16",2021,All bedrooms,Apartment,1899.04,1765.91,7.5
9,Balally,53.286106,-6.236772,6.11,19,Yes,"Dundrum, Dublin 16",2021,One bed,All property types,1592.19,1344.5,18.4
9,Balally,53.286106,-6.236772,6.11,19,Yes,"Dundrum, Dublin 16",2021,One bed,Apartment,1595.28,1469.24,8.6
9,Balally,53.286106,-6.236772,6.11,19,Yes,"Dundrum, Dublin 16",2021,Two bed,All property types,1902.83,1816.22,4.8
9,Balally,53.286106,-6.236772,6.11,19,Yes,"Dundrum, Dublin 16",2021,Two bed,Apartment,1917.87,1848.94,3.7
9,Balally,53.286106,-6.236772,6.11,19,Yes,"Dundrum, Dublin 16",2021,Three bed,All property types,2349.24,2039.71,15.2
9,Balally,53.286106,-6.236772,6.11,19,Yes,"Dundrum, Dublin 16",2021,Three bed,Semi detached house,2272.44,1908.07,19.1
9,Balally,53.286106,-6.236772,6.11,19,Yes,"Dundrum, Dublin 16",2021,Three bed,Terrace house,2114.31,1970.65,7.3
9,Balally,53.286106,-6.236772,6.11,19,Yes,"Dundrum, Dublin 16",2021,Three bed,Apartment,2528.82,2257.99,12.0
9,Balally,53.286106,-6.236772,6.11,19,Yes,"Dundrum, Dublin 16",2021,1 to 2 bed,All property types,1830.03,1623.5,12.7
9,Balally,53.286106,-6.236772,6.11,19,Yes,"Dundrum, Dublin 16",2021,1 to 2 bed,Apartment,1838.9,1713.01,7.3
9,Balally,53.286106,-6.236772,6.11,19,Yes,"Dundrum, Dublin 16",2021,1 to 3 bed,All property types,1926.41,1707.58,12.8
9,Balally,53.286106,-6.236772,6.11,19,Yes,"Dundrum, Dublin 16",2021,1 to 3 bed,Semi detached house,2190.1,1857.45,17.9
9,Balally,53.286106,-6.236772,6.11,19,Yes,"Dundrum, Dublin 16",2021,1 to 3 bed,Terrace house,1976.41,1820.76,8.5
9,Balally,53.286106,-6.236772,6.11,19,Yes,"Dundrum, Dublin 16",2021,1 to 3 bed,Apartment,1899.04,1761.89,7.8
9,Balally,53.286106,-6.236772,6.11,19,Yes,"Dundrum, Dublin 16",2021,Four plus bed,All property types,2680.21,2637.38,1.6
9,Balally,53.286106,-6.236772,6.11,19,Yes,"Dundrum, Dublin 16",2021,Four plus bed,Semi detached house,2526.16,2501.0,1.0
10,Kilmacud,53.283008,-6.223886,6.71,21,No,"Stillorgan, Dublin",2021,All bedrooms,All property types,2040.22,1770.14,15.3
10,Kilmacud,53.283008,-6.223886,6.71,21,No,"Stillorgan, Dublin",2021,All bedrooms,Detached house,2954.85,2481.15,19.1
10,Kilmacud,53.283008,-6.223886,6.71,21,No,"Stillorgan, Dublin",2021,All bedrooms,Semi detached house,2573.47,2041.75,26.0
10,Kilmacud,53.283008,-6.223886,6.71,21,No,"Stillorgan, Dublin",2021,All bedrooms,Terrace house,2036.31,1940.58,4.9
10,Kilmacud,53.283008,-6.223886,6.71,21,No,"Stillorgan, Dublin",2021,All bedrooms,Apartment,1918.74,1765.91,8.7
10,Kilmacud,53.283008,-6.223886,6.71,21,No,"Stillorgan, Dublin",2021,One bed,All property types,1581.41,1344.5,17.6
10,Kilmacud,53.283008,-6.223886,6.71,21,No,"Stillorgan, Dublin",2021,One bed,Apartment,1594.61,1469.24,8.5
10,Kilmacud,53.283008,-6.223886,6.71,21,No,"Stillorgan, Dublin",2021,Two bed,All property types,1916.99,1816.22,5.5
10,Kilmacud,53.283008,-6.223886,6.71,21,No,"Stillorgan, Dublin",2021,Two bed,Apartment,1923.82,1848.94,4.0
10,Kilmacud,53.283008,-6.223886,6.71,21,No,"Stillorgan, Dublin",2021,Three bed,All property types,2320.42,2039.71,13.8
10,Kilmacud,53.283008,-6.223886,6.71,21,No,"Stillorgan, Dublin",2021,Three bed,Semi detached house,2230.51,1908.07,16.9
10,Kilmacud,53.283008,-6.223886,6.71,21,No,"Stillorgan, Dublin",2021,Three bed,Apartment,2474.68,2257.99,9.6
10,Kilmacud,53.283008,-6.223886,6.71,21,No,"Stillorgan, Dublin",2021,1 to 2 bed,All property types,1838.52,1623.5,13.2
10,Kilmacud,53.283008,-6.223886,6.71,21,No,"Stillorgan, Dublin",2021,1 to 2 bed,Apartment,1846.29,1713.01,7.8
10,Kilmacud,53.283008,-6.223886,6.71,21,No,"Stillorgan, Dublin",2021,1 to 3 bed,All property types,1931.94,1707.58,13.1
10,Kilmacud,53.283008,-6.223886,6.71,21,No,"Stillorgan, Dublin",2021,1 to 3 bed,Semi detached house,2132.84,1857.45,14.8
10,Kilmacud,53.283008,-6.223886,6.71,21,No,"Stillorgan, Dublin",2021,1 to 3 bed,Terrace house,1895.47,1820.76,4.1
10,Kilmacud,53.283008,-6.223886,6.71,21,No,"Stillorgan, Dublin",2021,1 to 3 bed,Apartment,1915.13,1761.89,8.7
10,Kilmacud,53.283008,-6.223886,6.71,21,No,"Stillorgan, Dublin",2021,Four plus bed,All property types,3197.24,2637.38,21.2
10,Kilmacud,53.283008,-6.223886,6.71,21,No,"Stillorgan, Dublin",2021,Four plus bed,Semi detached house,3228.77,2501.0,29.1
11,Stillorgan,53.279311,-6.209919,7.47,22,Yes,"Stillorgan, Dublin",2021,All bedrooms,All property types,2040.22,1770.14,15.3
11,Stillorgan,53.279311,-6.209919,7.47,22,Yes,"Stillorgan, Dublin",2021,All bedrooms,Detached house,2954.85,2481.15,19.1
11,Stillorgan,53.279311,-6.209919,7.47,22,Yes,"Stillorgan, Dublin",2021,All bedrooms,Semi detached house,2573.47,2041.75,26.0
11,Stillorgan,53.279311,-6.209919,7.47,22,Yes,"Stillorgan, Dublin",2021,All bedrooms,Terrace house,2036.31,1940.58,4.9
11,Stillorgan,53.279311,-6.209919,7.47,22,Yes,"Stillorgan, Dublin",2021,All bedrooms,Apartment,1918.74,1765.91,8.7
11,Stillorgan,53.279311,-6.209919,7.47,22,Yes,"Stillorgan, Dublin",2021,One bed,All property types,1581.41,1344.5,17.6
11,Stillorgan,53.279311,-6.209919,7.47,22,Yes,"Stillorgan, Dublin",2021,One bed,Apartment,1594.61,1469.24,8.5
11,Stillorgan,53.279311,-6.209919,7.47,22,Yes,"Stillorgan, Dublin",2021,Two bed,All property types,1916.99,1816.22,5.5
11,Stillorgan,53.279311,-6.209919,7.47,22,Yes,"Stillorgan, Dublin",2021,Two bed,Apartment,1923.82,1848.94,4.0
11,Stillorgan,53.279311,-6.209919,7.47,22,Yes,"Stillorgan, Dublin",2021,Three bed,All property types,2320.42,2039.71,13.8
11,Stillorgan,53.279311,-6.209919,7.47,22,Yes,"Stillorgan, Dublin",2021,Three bed,Semi detached house,2230.51,1908.07,16.9
11,Stillorgan,53.279311,-6.209919,7.47,22,Yes,"Stillorgan, Dublin",2021,Three bed,Apartment,2474.68,2257.99,9.6
11,Stillorgan,53.279311,-6.209919,7.47,22,Yes,"Stillorgan, Dublin",2021,1 to 2 bed,All property types,1838.52,1623.5,13.2
11,Stillorgan,53.279311,-6.209919,7.47,22,Yes,"Stillorgan, Dublin",2021,1 to 2 bed,Apartment,1846.29,1713.01,7.8
11,Stillorgan,53.279311,-6.209919,7.47,22,Yes,"Stillorgan, Dublin",2021,1 to 3 bed,All property types,1931.94,1707.58,13.1
11,Stillorgan,53.279311,-6.209919,7.47,22,Yes,"Stillorgan, Dublin",2021,1 to 3 bed,Semi detached house,2132.84,1857.45,14.8
11,Stillorgan,53.279311,-6.209919,7.47,22,Yes,"Stillorgan, Dublin",2021,1 to 3 bed,Terrace house,1895.47,1820.76,4.1
11,Stillorgan,53.279311,-6.209919,7.47,22,Yes,"Stillorgan, Dublin",2021,1 to 3 bed,Apartment,1915.13,1761.89,8.7
11,Stillorgan,53.279311,-6.209919,7.47,22,Yes,"Stillorgan, Dublin",2021,Four plus bed,All property types,3197.24,2637.38,21.2
11,Stillorgan,53.279311,-6.209919,7.47,22,Yes,"Stillorgan, Dublin",2021,Four plus bed,Semi detached house,3228.77,2501.0,29.1
12,Sandyford,53.277603,-6.204678,7.8,24,Yes,"Sandyford, Dublin 18",2021,All bedrooms,All property types,1866.22,1770.14,5.4
12,Sandyford,53.277603,-6.204678,7.8,24,Yes,"Sandyford, Dublin 18",2021,All bedrooms,Semi detached house,2185.33,2041.75,7.0
12,Sandyford,53.277603,-6.204678,7.8,24,Yes,"Sandyford, Dublin 18",2021,All bedrooms,Apartment,1845.19,1765.91,4.5
12,Sandyford,53.277603,-6.204678,7.8,24,Yes,"Sandyford, Dublin 18",2021,One bed,All property types,1528.32,1344.5,13.7
12,Sandyford,53.277603,-6.204678,7.8,24,Yes,"Sandyford, Dublin 18",2021,One bed,Apartment,1568.28,1469.24,6.7
12,Sandyford,53.277603,-6.204678,7.8,24,Yes,"Sandyford, Dublin 18",2021,Two bed,All property types,1845.11,1816.22,1.6
12,Sandyford,53.277603,-6.204678,7.8,24,Yes,"Sandyford, Dublin 18",2021,Two bed,Apartment,1843.59,1848.94,-0.3
12,Sandyford,53.277603,-6.204678,7.8,24,Yes,"Sandyford, Dublin 18",2021,Three bed,All property types,2204.28,2039.71,8.1
12,Sandyford,53.277603,-6.204678,7.8,24,Yes,"Sandyford, Dublin 18",2021,Three bed,Semi detached house,2056.62,1908.07,7.8
12,Sandyford,53.277603,-6.204678,7.8,24,Yes,"Sandyford, Dublin 18",2021,Three bed,Apartment,2276.8,2257.99,0.8
12,Sandyford,53.277603,-6.204678,7.8,24,Yes,"Sandyford, Dublin 18",2021,1 to 2 bed,All property types,1777.47,1623.5,9.5
12,Sandyford,53.277603,-6.204678,7.8,24,Yes,"Sandyford, Dublin 18",2021,1 to 2 bed,Apartment,1787.92,1713.01,4.4
12,Sandyford,53.277603,-6.204678,7.8,24,Yes,"Sandyford, Dublin 18",2021,1 to 3 bed,All property types,1845.59,1707.58,8.1
12,Sandyford,53.277603,-6.204678,7.8,24,Yes,"Sandyford, Dublin 18",2021,1 to 3 bed,Semi detached house,2077.57,1857.45,11.9
12,Sandyford,53.277603,-6.204678,7.8,24,Yes,"Sandyford, Dublin 18",2021,1 to 3 bed,Apartment,1844.88,1761.89,4.7
13,Central Park,53.27015,-6.203764,8.57,26,No,"Leopardstown, Dublin 18",2021,All bedrooms,All property types,2042.7,1770.14,15.4
13,Central Park,53.27015,-6.203764,8.57,26,No,"Leopardstown, Dublin 18",2021,All bedrooms,Semi detached house,2294.22,2041.75,12.4
13,Central Park,53.27015,-6.203764,8.57,26,No,"Leopardstown, Dublin 18",2021,All bedrooms,Apartment,1992.16,1765.91,12.8
13,Central Park,53.27015,-6.203764,8.57,26,No,"Leopardstown, Dublin 18",2021,One bed,All property types,1746.5,1344.5,29.9
13,Central Park,53.27015,-6.203764,8.57,26,No,"Leopardstown, Dublin 18",2021,One bed,Apartment,1746.5,1469.24,18.9
13,Central Park,53.27015,-6.203764,8.57,26,No,"Leopardstown, Dublin 18",2021,Two bed,All property types,1974.54,1816.22,8.7
13,Central Park,53.27015,-6.203764,8.57,26,No,"Leopardstown, Dublin 18",2021,Two bed,Apartment,1964.48,1848.94,6.2
13,Central Park,53.27015,-6.203764,8.57,26,No,"Leopardstown, Dublin 18",2021,Three bed,All property types,2332.34,2039.71,14.3
13,Central Park,53.27015,-6.203764,8.57,26,No,"Leopardstown, Dublin 18",2021,Three bed,Semi detached house,2165.79,1908.07,13.5
13,Central Park,53.27015,-6.203764,8.57,26,No,"Leopardstown, Dublin 18",2021,Three bed,Apartment,2492.57,2257.99,10.4
13,Central Park,53.27015,-6.203764,8.57,26,No,"Leopardstown, Dublin 18",2021,1 to 2 bed,All property types,1920.15,1623.5,18.3
13,Central Park,53.27015,-6.203764,8.57,26,No,"Leopardstown, Dublin 18",2021,1 to 2 bed,Apartment,1911.27,1713.01,11.6
13,Central Park,53.27015,-6.203764,8.57,26,No,"Leopardstown, Dublin 18",2021,1 to 3 bed,All property types,2015.38,1707.58,18.0
13,Central Park,53.27015,-6.203764,8.57,26,No,"Leopardstown, Dublin 18",2021,1 to 3 bed,Semi detached house,2174.57,1857.45,17.1
13,Central Park,53.27015,-6.203764,8.57,26,No,"Leopardstown, Dublin 18",2021,1 to 3 bed,Apartment,1992.3,1761.89,13.1
14,Glencairn,53.266336,-6.209942,8.78,28,No,"Leopardstown, Dublin 18",2021,All bedrooms,All property types,2042.7,1770.14,15.4
14,Glencairn,53.266336,-6.209942,8.78,28,No,"Leopardstown, Dublin 18",2021,All bedrooms,Semi detached house,2294.22,2041.75,12.4
14,Glencairn,53.266336,-6.209942,8.78,28,No,"Leopardstown, Dublin 18",2021,All bedrooms,Apartment,1992.16,1765.91,12.8
14,Glencairn,53.266336,-6.209942,8.78,28,No,"Leopardstown, Dublin 18",2021,One bed,All property types,1746.5,1344.5,29.9
14,Glencairn,53.266336,-6.209942,8.78,28,No,"Leopardstown, Dublin 18",2021,One bed,Apartment,1746.5,1469.24,18.9
14,Glencairn,53.266336,-6.209942,8.78,28,No,"Leopardstown, Dublin 18",2021,Two bed,All property types,1974.54,1816.22,8.7
14,Glencairn,53.266336,-6.209942,8.78,28,No,"Leopardstown, Dublin 18",2021,Two bed,Apartment,1964.48,1848.94,6.2
14,Glencairn,53.266336,-6.209942,8.78,28,No,"Leopardstown, Dublin 18",2021,Three bed,All property types,2332.34,2039.71,14.3
14,Glencairn,53.266336,-6.209942,8.78,28,No,"Leopardstown, Dublin 18",2021,Three bed,Semi detached house,2165.79,1908.07,13.5
14,Glencairn,53.266336,-6.209942,8.78,28,No,"Leopardstown, Dublin 18",2021,Three bed,Apartment,2492.57,2257.99,10.4
14,Glencairn,53.266336,-6.209942,8.78,28,No,"Leopardstown, Dublin 18",2021,1 to 2 bed,All property types,1920.15,1623.5,18.3
14,Glencairn,53.266336,-6.209942,8.78,28,No,"Leopardstown, Dublin 18",2021,1 to 2 bed,Apartment,1911.27,1713.01,11.6
14,Glencairn,53.266336,-6.209942,8.78,28,No,"Leopardstown, Dublin 18",2021,1 to 3 bed,All property types,2015.38,1707.58,18.0
14,Glencairn,53.266336,-6.209942,8.78,28,No,"Leopardstown, Dublin 18",2021,1 to 3 bed,Semi detached house,2174.57,1857.45,17.1
14,Glencairn,53.266336,-6.209942,8.78,28,No,"Leopardstown, Dublin 18",2021,1 to 3 bed,Apartment,1992.3,1761.89,13.1
15,The Gallops,53.261164,-6.206022,9.41,29,No,"Leopardstown, Dublin 18",2021,All bedrooms,All property types,2042.7,1770.14,15.4
15,The Gallops,53.261164,-6.206022,9.41,29,No,"Leopardstown, Dublin 18",2021,All bedrooms,Semi detached house,2294.22,2041.75,12.4
15,The Gallops,53.261164,-6.206022,9.41,29,No,"Leopardstown, Dublin 18",2021,All bedrooms,Apartment,1992.16,1765.91,12.8
15,The Gallops,53.261164,-6.206022,9.41,29,No,"Leopardstown, Dublin 18",2021,One bed,All property types,1746.5,1344.5,29.9
15,The Gallops,53.261164,-6.206022,9.41,29,No,"Leopardstown, Dublin 18",2021,One bed,Apartment,1746.5,1469.24,18.9
15,The Gallops,53.261164,-6.206022,9.41,29,No,"Leopardstown, Dublin 18",2021,Two bed,All property types,1974.54,1816.22,8.7
15,The Gallops,53.261164,-6.206022,9.41,29,No,"Leopardstown, Dublin 18",2021,Two bed,Apartment,1964.48,1848.94,6.2
15,The Gallops,53.261164,-6.206022,9.41,29,No,"Leopardstown, Dublin 18",2021,Three bed,All property types,2332.34,2039.71,14.3
15,The Gallops,53.261164,-6.206022,9.41,29,No,"Leopardstown, Dublin 18",2021,Three bed,Semi detached house,2165.79,1908.07,13.5
15,The Gallops,53.261164,-6.206022,9.41,29,No,"Leopardstown, Dublin 18",2021,Three bed,Apartment,2492.57,2257.99,10.4
15,The Gallops,53.261164,-6.206022,9.41,29,No,"Leopardstown, Dublin 18",2021,1 to 2 bed,All property types,1920.15,1623.5,18.3
15,The Gallops,53.261164,-6.206022,9.41,29,No,"Leopardstown, Dublin 18",2021,1 to 2 bed,Apartment,1911.27,1713.01,11.6
15,The Gallops,53.261164,-6.206022,9.41,29,No,"Leopardstown, Dublin 18",2021,1 to 3 bed,All property types,2015.38,1707.58,18.0
15,The Gallops,53.261164,-6.206022,9.41,29,No,"Leopardstown, Dublin 18",2021,1 to 3 bed,Semi detached house,2174.57,1857.45,17.1
15,The Gallops,53.261164,-6.206022,9.41,29,No,"Leopardstown, Dublin 18",2021,1 to 3 bed,Apartment,1992.3,1761.89,13.1
16,Leopardstown Valley,53.258247,-6.198361,9.91,31,No,"Leopardstown, Dublin 18",2021,All bedrooms,All property types,2042.7,1770.14,15.4
16,Leopardstown Valley,53.258247,-6.198361,9.91,31,No,"Leopardstown, Dublin 18",2021,All bedrooms,Semi detached house,2294.22,2041.75,12.4
16,Leopardstown Valley,53.258247,-6.198361,9.91,31,No,"Leopardstown, Dublin 18",2021,All bedrooms,Apartment,1992.16,1765.91,12.8
16,Leopardstown Valley,53.258247,-6.198361,9.91,31,No,"Leopardstown, Dublin 18",2021,One bed,All property types,1746.5,1344.5,29.9
16,Leopardstown Valley,53.258247,-6.198361,9.91,31,No,"Leopardstown, Dublin 18",2021,One bed,Apartment,1746.5,1469.24,18.9
16,Leopardstown Valley,53.258247,-6.198361,9.91,31,No,"Leopardstown, Dublin 18",2021,Two bed,All property types,1974.54,1816.22,8.7
16,Leopardstown Valley,53.258247,-6.198361,9.91,31,No,"Leopardstown, Dublin 18",2021,Two bed,Apartment,1964.48,1848.94,6.2
16,Leopardstown Valley,53.258247,-6.198361,9.91,31,No,"Leopardstown, Dublin 18",2021,Three bed,All property types,2332.34,2039.71,14.3
16,Leopardstown Valley,53.258247,-6.198361,9.91,31,No,"Leopardstown, Dublin 18",2021,Three bed,Semi detached house,2165.79,1908.07,13.5
16,Leopardstown Valley,53.258247,-6.198361,9.91,31,No,"Leopardstown, Dublin 18",2021,Three bed,Apartment,2492.57,2257.99,10.4
16,Leopardstown Valley,53.258247,-6.198361,9.91,31,No,"Leopardstown, Dublin 18",2021,1 to 2 bed,All property types,1920.15,1623.5,18.3
16,Leopardstown Valley,53.258247,-6.198361,9.91,31,No,"Leopardstown, Dublin 18",2021,1 to 2 bed,Apartment,1911.27,1713.01,11.6
16,Leopardstown Valley,53.258247,-6.198361,9.91,31,No,"Leopardstown, Dublin 18",2021,1 to 3 bed,All property types,2015.38,1707.58,18.0
16,Leopardstown Valley,53.258247,-6.198361,9.91,31,No,"Leopardstown, Dublin 18",2021,1 to 3 bed,Semi detached house,2174.57,1857.45,17.1
16,Leopardstown Valley,53.258247,-6.198361,9.91,31,No,"Leopardstown, Dublin 18",2021,1 to 3 bed,Apartment,1992.3,1761.89,13.1
17,Ballyogan Wood,53.255047,-6.184475,10.65,33,No,"Carrickmines, Dublin 18",2021,All bedrooms,All property types,1904.22,1770.14,7.6
17,Ballyogan Wood,53.255047,-6.184475,10.65,33,No,"Carrickmines, Dublin 18",2021,All bedrooms,Apartment,1692.13,1765.91,-4.2
17,Ballyogan Wood,53.255047,-6.184475,10.65,33,No,"Carrickmines, Dublin 18",2021,One bed,All property types,1459.68,1344.5,8.6
17,Ballyogan Wood,53.255047,-6.184475,10.65,33,No,"Carrickmines, Dublin 18",2021,One bed,Apartment,1459.68,1469.24,-0.7
17,Ballyogan Wood,53.255047,-6.184475,10.65,33,No,"Carrickmines, Dublin 18",2021,Two bed,All property types,1788.55,1816.22,-1.5
17,Ballyogan Wood,53.255047,-6.184475,10.65,33,No,"Carrickmines, Dublin 18",2021,Two bed,Apartment,1788.4,1848.94,-3.3
17,Ballyogan Wood,53.255047,-6.184475,10.65,33,No,"Carrickmines, Dublin 18",2021,1 to 2 bed,All property types,1674.28,1623.5,3.1
17,Ballyogan Wood,53.255047,-6.184475,10.65,33,No,"Carrickmines, Dublin 18",2021,1 to 2 bed,Apartment,1673.21,1713.01,-2.3
17,Ballyogan Wood,53.255047,-6.184475,10.65,33,No,"Carrickmines, Dublin 18",2021,1 to 3 bed,All property types,1713.46,1707.58,0.3
17,Ballyogan Wood,53.255047,-6.184475,10.65,33,No,"Carrickmines, Dublin 18",2021,1 to 3 bed,Apartment,1694.58,1761.89,-3.8
18,Racecourse,53.255367,-6.175161,10.93,34,No,"Leopardstown, Dublin 18",2021,All bedrooms,All property types,2042.7,1770.14,15.4
18,Racecourse,53.255367,-6.175161,10.93,34,No,"Leopardstown, Dublin 18",2021,All bedrooms,Semi detached house,2294.22,2041.75,12.4
18,Racecourse,53.255367,-6.175161,10.93,34,No,"Leopardstown, Dublin 18",2021,All bedrooms,Apartment,1992.16,1765.91,12.8
18,Racecourse,53.255367,-6.175161,10.93,34,No,"Leopardstown, Dublin 18",2021,One bed,All property types,1746.5,1344.5,29.9
18,Racecourse,53.255367,-6.175161,10.93,34,No,"Leopardstown, Dublin 18",2021,One bed,Apartment,1746.5,1469.24,18.9
18,Racecourse,53.255367,-6.175161,10.93,34,No,"Leopardstown, Dublin 18",2021,Two bed,All property types,1974.54,1816.22,8.7
18,Racecourse,53.255367,-6.175161,10.93,34,No,"Leopardstown, Dublin 18",2021,Two bed,Apartment,1964.48,1848.94,6.2
18,Racecourse,53.255367,-6.175161,10.93,34,No,"Leopardstown, Dublin 18",2021,Three bed,All property types,2332.34,2039.71,14.3
18,Racecourse,53.255367,-6.175161,10.93,34,No,"Leopardstown, Dublin 18",2021,Three bed,Semi detached house,2165.79,1908.07,13.5
18,Racecourse,53.255367,-6.175161,10.93,34,No,"Leopardstown, Dublin 18",2021,Three bed,Apartment,2492.57,2257.99,10.4
18,Racecourse,53.255367,-6.175161,10.93,34,No,"Leopardstown, Dublin 18",2021,1 to 2 bed,All property types,1920.15,1623.5,18.3
18,Racecourse,53.255367,-6.175161,10.93,34,No,"Leopardstown, Dublin 18",2021,1 to 2 bed,Apartment,1911.27,1713.01,11.6
18,Racecourse,53.255367,-6.175161,10.93,34,No,"Leopardstown, Dublin 18",2021,1 to 3 bed,All property types,2015.38,1707.58,18.0
18,Racecourse,53.255367,-6.175161,10.93,34,No,"Leopardstown, Dublin 18",2021,1 to 3 bed,Semi detached house,2174.57,1857.45,17.1
18,Racecourse,53.255367,-6.175161,10.93,34,No,"Leopardstown, Dublin 18",2021,1 to 3 bed,Apartment,1992.3,1761.89,13.1
19,Carrickmines,53.254033,-6.169908,11.24,36,Yes,"Carrickmines, Dublin 18",2021,All bedrooms,All property types,1904.22,1770.14,7.6
19,Carrickmines,53.254033,-6.169908,11.24,36,Yes,"Carrickmines, Dublin 18",2021,All bedrooms,Apartment,1692.13,1765.91,-4.2
19,Carrickmines,53.254033,-6.169908,11.24,36,Yes,"Carrickmines, Dublin 18",2021,One bed,All property types,1459.68,1344.5,8.6
19,Carrickmines,53.254033,-6.169908,11.24,36,Yes,"Carrickmines, Dublin 18",2021,One bed,Apartment,1459.68,1469.24,-0.7
19,Carrickmines,53.254033,-6.169908,11.24,36,Yes,"Carrickmines, Dublin 18",2021,Two bed,All property types,1788.55,1816.22,-1.5
19,Carrickmines,53.254033,-6.169908,11.24,36,Yes,"Carrickmines, Dublin 18",2021,Two bed,Apartment,1788.4,1848.94,-3.3
19,Carrickmines,53.254033,-6.169908,11.24,36,Yes,"Carrickmines, Dublin 18",2021,1 to 2 bed,All property types,1674.28,1623.5,3.1
19,Carrickmines,53.254033,-6.169908,11.24,36,Yes,"Carrickmines, Dublin 18",2021,1 to 2 bed,Apartment,1673.21,1713.01,-2.3
19,Carrickmines,53.254033,-6.169908,11.24,36,Yes,"Carrickmines, Dublin 18",2021,1 to 3 bed,All property types,1713.46,1707.58,0.3
19,Carrickmines,53.254033,-6.169908,11.24,36,Yes,"Carrickmines, Dublin 18",2021,1 to 3 bed,Apartment,1694.58,1761.89,-3.8
20,Brennanstown,53.252619,-6.161597,11.68,37,No,"Cabinteely, Dublin 18",2021,All bedrooms,All property types,1906.01,1770.14,7.7
20,Brennanstown,53.252619,-6.161597,11.68,37,No,"Cabinteely, Dublin 18",2021,All bedrooms,Semi detached house,2310.09,2041.75,13.1
20,Brennanstown,53.252619,-6.161597,11.68,37,No,"Cabinteely, Dublin 18",2021,All bedrooms,Apartment,1786.99,1765.91,1.2
20,Brennanstown,53.252619,-6.161597,11.68,37,No,"Cabinteely, Dublin 18",2021,Two bed,All property types,1706.96,1816.22,-6.0
20,Brennanstown,53.252619,-6.161597,11.68,37,No,"Cabinteely, Dublin 18",2021,Two bed,Apartment,1720.74,1848.94,-6.9
20,Brennanstown,53.252619,-6.161597,11.68,37,No,"Cabinteely, Dublin 18",2021,Three bed,All property types,2114.57,2039.71,3.7
20,Brennanstown,53.252619,-6.161597,11.68,37,No,"Cabinteely, Dublin 18",2021,Three bed,Apartment,2176.06,2257.99,-3.6
20,Brennanstown,53.252619,-6.161597,11.68,37,No,"Cabinteely, Dublin 18",2021,1 to 2 bed,All property types,1681.3,1623.5,3.6
20,Brennanstown,53.252619,-6.161597,11.68,37,No,"Cabinteely, Dublin 18",2021,1 to 2 bed,Apartment,1697.21,1713.01,-0.9
20,Brennanstown,53.252619,-6.161597,11.68,37,No,"Cabinteely, Dublin 18",2021,1 to 3 bed,All property types,1807.44,1707.58,5.8
20,Brennanstown,53.252619,-6.161597,11.68,37,No,"Cabinteely, Dublin 18",2021,1 to 3 bed,Apartment,1786.99,1761.89,1.4
21,Laughanstown,53.250606,-6.155006,12.11,39,No,"Cabinteely, Dublin 18",2021,All bedrooms,All property types,1906.01,1770.14,7.7
21,Laughanstown,53.250606,-6.155006,12.11,39,No,"Cabinteely, Dublin 18",2021,All bedrooms,Semi detached house,2310.09,2041.75,13.1
21,Laughanstown,53.250606,-6.155006,12.11,39,No,"Cabinteely, Dublin 18",2021,All bedrooms,Apartment,1786.99,1765.91,1.2
21,Laughanstown,53.250606,-6.155006,12.11,39,No,"Cabinteely, Dublin 18",2021,Two bed,All property types,1706.96,1816.22,-6.0
21,Laughanstown,53.250606,-6.155006,12.11,39,No,"Cabinteely, Dublin 18",2021,Two bed,Apartment,1720.74,1848.94,-6.9
21,Laughanstown,53.250606,-6.155006,12.11,39,No,"Cabinteely, Dublin 18",2021,Three bed,All property types,2114.57,2039.71,3.7
21,Laughanstown,53.250606,-6.155006,12.11,39,No,"Cabinteely, Dublin 18",2021,Three bed,Apartment,2176.06,2257.99,-3.6
21,Laughanstown,53.250606,-6.155006,12.11,39,No,"Cabinteely, Dublin 18",2021,1 to 2 bed,All property types,1681.3,1623.5,3.6
21,Laughanstown,53.250606,-6.155006,12.11,39,No,"Cabinteely, Dublin 18",2021,1 to 2 bed,Apartment,1697.21,1713.01,-0.9
21,Laughanstown,53.250606,-6.155006,12.11,39,No,"Cabinteely, Dublin 18",2021,1 to 3 bed,All property types,1807.44,1707.58,5.8
21,Laughanstown,53.250606,-6.155006,12.11,39,No,"Cabinteely, Dublin 18",2021,1 to 3 bed,Apartment,1786.99,1761.89,1.4
22,Cherrywood,53.245333,-6.145853,12.94,41,No,"Cabinteely, Dublin 18",2021,All bedrooms,All property types,1906.01,1770.14,7.7
22,Cherrywood,53.245333,-6.145853,12.94,41,No,"Cabinteely, Dublin 18",2021,All bedrooms,Semi detached house,2310.09,2041.75,13.1
22,Cherrywood,53.245333,-6.145853,12.94,41,No,"Cabinteely, Dublin 18",2021,All bedrooms,Apartment,1786.99,1765.91,1.2
22,Cherrywood,53.245333,-6.145853,12.94,41,No,"Cabinteely, Dublin 18",2021,Two bed,All property types,1706.96,1816.22,-6.0
22,Cherrywood,53.245333,-6.145853,12.94,41,No,"Cabinteely, Dublin 18",2021,Two bed,Apartment,1720.74,1848.94,-6.9
22,Cherrywood,53.245333,-6.145853,12.94,41,No,"Cabinteely, Dublin 18",2021,Three bed,All property types,2114.57,2039.71,3.7
22,Cherrywood,53.245333,-6.145853,12.94,41,No,"Cabinteely, Dublin 18",2021,Three bed,Apartment,2176.06,2257.99,-3.6
22,Cherrywood,53.245333,-6.145853,12.94,41,No,"Cabinteely, Dublin 18",2021,1 to 2 bed,All property types,1681.3,1623.5,3.6
22,Cherrywood,53.245333,-6.145853,12.94,41,No,"Cabinteely, Dublin 18",2021,1 to 2 bed,Apartment,1697.21,1713.01,-0.9
22,Cherrywood,53.245333,-6.145853,12.94,41,No,"Cabinteely, Dublin 18",2021,1 to 3 bed,All property types,1807.44,1707.58,5.8
22,Cherrywood,53.245333,-6.145853,12.94,41,No,"Cabinteely, Dublin 18",2021,1 to 3 bed,Apartment,1786.99,1761.89,1.4
23,Brides Glen,53.242075,-6.142886,13.35,42,No,"Shankill, Dublin",2021,All bedrooms,All property types,1856.11,1770.14,4.9
23,Brides Glen,53.242075,-6.142886,13.35,42,No,"Shankill, Dublin",2021,All bedrooms,Semi detached house,2006.73,2041.75,-1.7
23,Brides Glen,53.242075,-6.142886,13.35,42,No,"Shankill, Dublin",2021,All bedrooms,Apartment,1592.41,1765.91,-9.8
23,Brides Glen,53.242075,-6.142886,13.35,42,No,"Shankill, Dublin",2021,Two bed,All property types,1600.8,1816.22,-11.9
23,Brides Glen,53.242075,-6.142886,13.35,42,No,"Shankill, Dublin",2021,Two bed,Apartment,1579.33,1848.94,-14.6
23,Brides Glen,53.242075,-6.142886,13.35,42,No,"Shankill, Dublin",2021,Three bed,All property types,1941.63,2039.71,-4.8
23,Brides Glen,53.242075,-6.142886,13.35,42,No,"Shankill, Dublin",2021,1 to 2 bed,All property types,1553.71,1623.5,-4.3
23,Brides Glen,53.242075,-6.142886,13.35,42,No,"Shankill, Dublin",2021,1 to 2 bed,Apartment,1540.22,1713.01,-10.1
23,Brides Glen,53.242075,-6.142886,13.35,42,No,"Shankill, Dublin",2021,1 to 3 bed,All property types,1678.63,1707.58,-1.7
23,Brides Glen,53.242075,-6.142886,13.35,42,No,"Shankill, Dublin",2021,1 to 3 bed,Apartment,1582.51,1761.89,-10.2
23,Brides Glen,53.242075,-6.142886,13.35,42,No,"Shankill, Dublin",2021,Four plus bed,All property types,2554.17,2637.38,-3.2
0,St. Stephen's Green,53.339072,-6.261333,0.0,0,No,"Charlemont Street, Dublin 2",2022,All bedrooms,All property types,2120.69,1856.43,14.2
0,St. Stephen's Green,53.339072,-6.261333,0.0,0,No,"Charlemont Street, Dublin 2",2022,All bedrooms,Apartment,2120.69,1857.83,14.1
0,St. Stephen's Green,53.339072,-6.261333,0.0,0,No,"Charlemont Street, Dublin 2",2022,Two bed,All property types,2050.88,1913.7,7.2
0,St. Stephen's Green,53.339072,-6.261333,0.0,0,No,"Charlemont Street, Dublin 2",2022,Two bed,Apartment,2050.88,1946.87,5.3
0,St. Stephen's Green,53.339072,-6.261333,0.0,0,No,"Charlemont Street, Dublin 2",2022,1 to 2 bed,All property types,1984.84,1708.0,16.2
0,St. Stephen's Green,53.339072,-6.261333,0.0,0,No,"Charlemont Street, Dublin 2",2022,1 to 2 bed,Apartment,1984.84,1799.69,10.3
0,St. Stephen's Green,53.339072,-6.261333,0.0,0,No,"Charlemont Street, Dublin 2",2022,1 to 3 bed,All property types,2120.69,1794.31,18.2
0,St. Stephen's Green,53.339072,-6.261333,0.0,0,No,"Charlemont Street, Dublin 2",2022,1 to 3 bed,Apartment,2120.69,1853.77,14.4
1,Harcourt,53.333358,-6.26265,0.64,2,No,"Charlemont Street, Dublin 2",2022,All bedrooms,All property types,2120.69,1856.43,14.2
1,Harcourt,53.333358,-6.26265,0.64,2,No,"Charlemont Street, Dublin 2",2022,All bedrooms,Apartment,2120.69,1857.83,14.1
1,Harcourt,53.333358,-6.26265,0.64,2,No,"Charlemont Street, Dublin 2",2022,Two bed,All property types,2050.88,1913.7,7.2
1,Harcourt,53.333358,-6.26265,0.64,2,No,"Charlemont Street, Dublin 2",2022,Two bed,Apartment,2050.88,1946.87,5.3
1,Harcourt,53.333358,-6.26265,0.64,2,No,"Charlemont Street, Dublin 2",2022,1 to 2 bed,All property types,1984.84,1708.0,16.2
1,Harcourt,53.333358,-6.26265,0.64,2,No,"Charlemont Street, Dublin 2",2022,1 to 2 bed,Apartment,1984.84,1799.69,10.3
1,Harcourt,53.333358,-6.26265,0.64,2,No,"Charlemont Street, Dublin 2",2022,1 to 3 bed,All property types,2120.69,1794.31,18.2
1,Harcourt,53.333358,-6.26265,0.64,2,No,"Charlemont Street, Dublin 2",2022,1 to 3 bed,Apartment,2120.69,1853.77,14.4
2,Charlemont,53.330669,-6.258683,0.95,4,No,"Charlemont Street, Dublin 2",2022,All bedrooms,All property types,2120.69,1856.43,14.2
2,Charlemont,53.330669,-6.258683,0.95,4,No,"Charlemont Street, Dublin 2",2022,All bedrooms,Apartment,2120.69,1857.83,14.1
2,Charlemont,53.330669,-6.258683,0.95,4,No,"Charlemont Street, Dublin 2",2022,Two bed,All property types,2050.88,1913.7,7.2
2,Charlemont,53.330669,-6.258683,0.95,4,No,"Charlemont Street, Dublin 2",2022,Two bed,Apartment,2050.88,1946.87,5.3
2,Charlemont,53.330669,-6.258683,0.95,4,No,"Charlemont Street, Dublin 2",2022,1 to 2 bed,All property types,1984.84,1708.0,16.2
2,Charlemont,53.330669,-6.258683,0.95,4,No,"Charlemont Street, Dublin 2",2022,1 to 2 bed,Apartment,1984.84,1799.69,10.3
2,Charlemont,53.330669,-6.258683,0.95,4,No,"Charlemont Street, Dublin 2",2022,1 to 3 bed,All property types,2120.69,1794.31,18.2
2,Charlemont,53.330669,-6.258683,0.95,4,No,"Charlemont Street, Dublin 2",2022,1 to 3 bed,Apartment,2120.69,1853.77,14.4
3,Ranelagh,53.326433,-6.256203,1.45,7,No,"Ranelagh, Dublin 6",2022,All bedrooms,All property types,1818.54,1856.43,-2.0
3,Ranelagh,53.326433,-6.256203,1.45,7,No,"Ranelagh, Dublin 6",2022,All bedrooms,Semi detached house,2942.54,2132.04,38.0
3,Ranelagh,53.326433,-6.256203,1.45,7,No,"Ranelagh, Dublin 6",2022,All bedrooms,Terrace house,2796.49,2038.0,37.2
3,Ranelagh,53.326433,-6.256203,1.45,7,No,"Ranelagh, Dublin 6",2022,All bedrooms,Apartment,1772.71,1857.83,-4.6
3,Ranelagh,53.326433,-6.256203,1.45,7,No,"Ranelagh, Dublin 6",2022,All bedrooms,Other flats,1208.32,1206.2,0.2
3,Ranelagh,53.326433,-6.256203,1.45,7,No,"Ranelagh, Dublin 6",2022,One bed,All property types,1332.9,1409.28,-5.4
3,Ranelagh,53.326433,-6.256203,1.45,7,No,"Ranelagh, Dublin 6",2022,One bed,Apartment,1538.97,1537.53,0.1
3,Ranelagh,53.326433,-6.256203,1.45,7,No,"Ranelagh, Dublin 6",2022,One bed,Other flats,1149.14,1105.69,3.9
3,Ranelagh,53.326433,-6.256203,1.45,7,No,"Ranelagh, Dublin 6",2022,Two bed,All property types,1997.31,1913.7,4.4
3,Ranelagh,53.326433,-6.256203,1.45,7,No,"Ranelagh, Dublin 6",2022,Two bed,Terrace house,2257.34,1784.12,26.5
3,Ranelagh,53.326433,-6.256203,1.45,7,No,"Ranelagh, Dublin 6",2022,Two bed,Apartment,2017.71,1946.87,3.6
3,Ranelagh,53.326433,-6.256203,1.45,7,No,"Ranelagh, Dublin 6",2022,Two bed,Other flats,1518.5,1551.74,-2.1
3,Ranelagh,53.326433,-6.256203,1.45,7,No,"Ranelagh, Dublin 6",2022,Three bed,All property types,2735.79,2154.35,27.0
3,Ranelagh,53.326433,-6.256203,1.45,7,No,"Ranelagh, Dublin 6",2022,Three bed,Semi detached house,3016.17,1987.45,51.8
3,Ranelagh,53.326433,-6.256203,1.45,7,No,"Ranelagh, Dublin 6",2022,Three bed,Terrace house,2707.23,2066.06,31.0
3,Ranelagh,53.326433,-6.256203,1.45,7,No,"Ranelagh, Dublin 6",2022,1 to 2 bed,All property types,1538.24,1708.0,-9.9
3,Ranelagh,53.326433,-6.256203,1.45,7,No,"Ranelagh, Dublin 6",2022,1 to 2 bed,Terrace house,2133.35,1737.11,22.8
3,Ranelagh,53.326433,-6.256203,1.45,7,No,"Ranelagh, Dublin 6",2022,1 to 2 bed,Apartment,1726.55,1799.69,-4.1
3,Ranelagh,53.326433,-6.256203,1.45,7,No,"Ranelagh, Dublin 6",2022,1 to 2 bed,Other flats,1189.0,1169.91,1.6
3,Ranelagh,53.326433,-6.256203,1.45,7,No,"Ranelagh, Dublin 6",2022,1 to 3 bed,All property types,1688.7,1794.31,-5.9
3,Ranelagh,53.326433,-6.256203,1.45,7,No,"Ranelagh, Dublin 6",2022,1 to 3 bed,Semi detached house,2738.55,1932.07,41.7
3,Ranelagh,53.326433,-6.256203,1.45,7,No,"Ranelagh, Dublin 6",2022,1 to 3 bed,Terrace house,2445.25,1910.51,28.0
3,Ranelagh,53.326433,-6.256203,1.45,7,No,"Ranelagh, Dublin 6",2022,1 to 3 bed,Apartment,1758.35,1853.77,-5.1
3,Ranelagh,53.326433,-6.256203,1.45,7,No,"Ranelagh, Dublin 6",2022,1 to 3 bed,Other flats,1200.82,1197.65,0.3
3,Ranelagh,53.326433,-6.256203,1.45,7,No,"Ranelagh, Dublin 6",2022,Four plus bed,All property types,3636.27,2760.91,31.7
3,Ranelagh,53.326433,-6.256203,1.45,7,No,"Ranelagh, Dublin 6",2022,Four plus bed,Terrace house,3765.92,2768.09,36.0
4,Beechwood,53.320822,-6.254653,2.08,9,No,"Ranelagh, Dublin 6",2022,All bedrooms,All property types,1818.54,1856.43,-2.0
4,Beechwood,53.320822,-6.254653,2.08,9,No,"Ranelagh, Dublin 6",2022,All bedrooms,Semi detached house,2942.54,2132.04,38.0
4,Beechwood,53.320822,-6.254653,2.08,9,No,"Ranelagh, Dublin 6",2022,All bedrooms,Terrace house,2796.49,2038.0,37.2
4,Beechwood,53.320822,-6.254653,2.08,9,No,"Ranelagh, Dublin 6",2022,All bedrooms,Apartment,1772.71,1857.83,-4.6
4,Beechwood,53.320822,-6.254653,2.08,9,No,"Ranelagh, Dublin 6",2022,All bedrooms,Other flats,1208.32,1206.2,0.2
4,Beechwood,53.320822,-6.254653,2.08,9,No,"Ranelagh, Dublin 6",2022,One bed,All property types,1332.9,1409.28,-5.4
4,Beechwood,53.320822,-6.254653,2.08,9,No,"Ranelagh, Dublin 6",2022,One bed,Apartment,1538.97,1537.53,0.1
4,Beechwood,53.320822,-6.254653,2.08,9,No,"Ranelagh, Dublin 6",2022,One bed,Other flats,1149.14,1105.69,3.9
4,Beechwood,53.320822,-6.254653,2.08,9,No,"Ranelagh, Dublin 6",2022,Two bed,All property types,1997.31,1913.7,4.4
4,Beechwood,53.320822,-6.254653,2.08,9,No,"Ranelagh, Dublin 6",2022,Two bed,Terrace house,2257.34,1784.12,26.5
4,Beechwood,53.320822,-6.254653,2.08,9,No,"Ranelagh, Dublin 6",2022,Two bed,Apartment,2017.71,1946.87,3.6
4,Beechwood,53.320822,-6.254653,2.08,9,No,"Ranelagh, Dublin 6",2022,Two bed,Other flats,1518.5,1551.74,-2.1
4,Beechwood,53.320822,-6.254653,2.08,9,No,"Ranelagh, Dublin 6",2022,Three bed,All property types,2735.79,2154.35,27.0
4,Beechwood,53.320822,-6.254653,2.08,9,No,"Ranelagh, Dublin 6",2022,Three bed,Semi detached house,3016.17,1987.45,51.8
4,Beechwood,53.320822,-6.254653,2.08,9,No,"Ranelagh, Dublin 6",2022,Three bed,Terrace house,2707.23,2066.06,31.0
4,Beechwood,53.320822,-6.254653,2.08,9,No,"Ranelagh, Dublin 6",2022,1 to 2 bed,All property types,1538.24,1708.0,-9.9
4,Beechwood,53.320822,-6.254653,2.08,9,No,"Ranelagh, Dublin 6",2022,1 to 2 bed,Terrace house,2133.35,1737.11,22.8
4,Beechwood,53.320822,-6.254653,2.08,9,No,"Ranelagh, Dublin 6",2022,1 to 2 bed,Apartment,1726.55,1799.69,-4.1
4,Beechwood,53.320822,-6.254653,2.08,9,No,"Ranelagh, Dublin 6",2022,1 to 2 bed,Other flats,1189.0,1169.91,1.6
4,Beechwood,53.320822,-6.254653,2.08,9,No,"Ranelagh, Dublin 6",2022,1 to 3 bed,All property types,1688.7,1794.31,-5.9
4,Beechwood,53.320822,-6.254653,2.08,9,No,"Ranelagh, Dublin 6",2022,1 to 3 bed,Semi detached house,2738.55,1932.07,41.7
4,Beechwood,53.320822,-6.254653,2.08,9,No,"Ranelagh, Dublin 6",2022,1 to 3 bed,Terrace house,2445.25,1910.51,28.0
4,Beechwood,53.320822,-6.254653,2.08,9,No,"Ranelagh, Dublin 6",2022,1 to 3 bed,Apartment,1758.35,1853.77,-5.1
4,Beechwood,53.320822,-6.254653,2.08,9,No,"Ranelagh, Dublin 6",2022,1 to 3 bed,Other flats,1200.82,1197.65,0.3
4,Beechwood,53.320822,-6.254653,2.08,9,No,"Ranelagh, Dublin 6",2022,Four plus bed,All property types,3636.27,2760.91,31.7
4,Beechwood,53.320822,-6.254653,2.08,9,No,"Ranelagh, Dublin 6",2022,Four plus bed,Terrace house,3765.92,2768.09,36.0
5,Cowper,53.316467,-6.253447,2.57,11,No,"Ranelagh, Dublin 6",2022,All bedrooms,All property types,1818.54,1856.43,-2.0
5,Cowper,53.316467,-6.253447,2.57,11,No,"Ranelagh, Dublin 6",2022,All bedrooms,Semi detached house,2942.54,2132.04,38.0
5,Cowper,53.316467,-6.253447,2.57,11,No,"Ranelagh, Dublin 6",2022,All bedrooms,Terrace house,2796.49,2038.0,37.2
5,Cowper,53.316467,-6.253447,2.57,11,No,"Ranelagh, Dublin 6",2022,All bedrooms,Apartment,1772.71,1857.83,-4.6
5,Cowper,53.316467,-6.253447,2.57,11,No,"Ranelagh, Dublin 6",2022,All bedrooms,Other flats,1208.32,1206.2,0.2
5,Cowper,53.316467,-6.253447,2.57,11,No,"Ranelagh, Dublin 6",2022,One bed,All property types,1332.9,1409.28,-5.4
5,Cowper,53.316467,-6.253447,2.57,11,No,"Ranelagh, Dublin 6",2022,One bed,Apartment,1538.97,1537.53,0.1
5,Cowper,53.316467,-6.253447,2.57,11,No,"Ranelagh, Dublin 6",2022,One bed,Other flats,1149.14,1105.69,3.9
5,Cowper,53.316467,-6.253447,2.57,11,No,"Ranelagh, Dublin 6",2022,Two bed,All property types,1997.31,1913.7,4.4
5,Cowper,53.316467,-6.253447,2.57,11,No,"Ranelagh, Dublin 6",2022,Two bed,Terrace house,2257.34,1784.12,26.5
5,Cowper,53.316467,-6.253447,2.57,11,No,"Ranelagh, Dublin 6",2022,Two bed,Apartment,2017.71,1946.87,3.6
5,Cowper,53.316467,-6.253447,2.57,11,No,"Ranelagh, Dublin 6",2022,Two bed,Other flats,1518.5,1551.74,-2.1
5,Cowper,53.316467,-6.253447,2.57,11,No,"Ranelagh, Dublin 6",2022,Three bed,All property types,2735.79,2154.35,27.0
5,Cowper,53.316467,-6.253447,2.57,11,No,"Ranelagh, Dublin 6",2022,Three bed,Semi detached house,3016.17,1987.45,51.8
5,Cowper,53.316467,-6.253447,2.57,11,No,"Ranelagh, Dublin 6",2022,Three bed,Terrace house,2707.23,2066.06,31.0
5,Cowper,53.316467,-6.253447,2.57,11,No,"Ranelagh, Dublin 6",2022,1 to 2 bed,All property types,1538.24,1708.0,-9.9
5,Cowper,53.316467,-6.253447,2.57,11,No,"Ranelagh, Dublin 6",2022,1 to 2 bed,Terrace house,2133.35,1737.11,22.8
5,Cowper,53.316467,-6.253447,2.57,11,No,"Ranelagh, Dublin 6",2022,1 to 2 bed,Apartment,1726.55,1799.69,-4.1
5,Cowper,53.316467,-6.253447,2.57,11,No,"Ranelagh, Dublin 6",2022,1 to 2 bed,Other flats,1189.0,1169.91,1.6
5,Cowper,53.316467,-6.253447,2.57,11,No,"Ranelagh, Dublin 6",2022,1 to 3 bed,All property types,1688.7,1794.31,-5.9
5,Cowper,53.316467,-6.253447,2.57,11,No,"Ranelagh, Dublin 6",2022,1 to 3 bed,Semi detached house,2738.55,1932.07,41.7
5,Cowper,53.316467,-6.253447,2.57,11,No,"Ranelagh, Dublin 6",2022,1 to 3 bed,Terrace house,2445.25,1910.51,28.0
5,Cowper,53.316467,-6.253447,2.57,11,No,"Ranelagh, Dublin 6",2022,1 to 3 bed,Apartment,1758.35,1853.77,-5.1
5,Cowper,53.316467,-6.253447,2.57,11,No,"Ranelagh, Dublin 6",2022,1 to 3 bed,Other flats,1200.82,1197.65,0.3
5,Cowper,53.316467,-6.253447,2.57,11,No,"Ranelagh, Dublin 6",2022,Four plus bed,All property types,3636.27,2760.91,31.7
5,Cowper,53.316467,-6.253447,2.57,11,No,"Ranelagh, Dublin 6",2022,Four plus bed,Terrace house,3765.92,2768.09,36.0
6,Milltown,53.309917,-6.251728,3.3,13,No,"Milltown, Dublin 6",2022,All bedrooms,All property types,2102.07,1856.43,13.2
6,Milltown,53.309917,-6.251728,3.3,13,No,"Milltown, Dublin 6",2022,All bedrooms,Terrace house,2206.0,2038.0,8.2
6,Milltown,53.309917,-6.251728,3.3,13,No,"Milltown, Dublin 6",2022,All bedrooms,Apartment,2034.37,1857.83,9.5
6,Milltown,53.309917,-6.251728,3.3,13,No,"Milltown, Dublin 6",2022,One bed,All property types,1692.3,1409.28,20.1
6,Milltown,53.309917,-6.251728,3.3,13,No,"Milltown, Dublin 6",2022,One bed,Apartment,1709.7,1537.53,11.2
6,Milltown,53.309917,-6.251728,3.3,13,No,"Milltown, Dublin 6",2022,Two bed,All property types,2128.04,1913.7,11.2
6,Milltown,53.309917,-6.251728,3.3,13,No,"Milltown, Dublin 6",2022,Two bed,Apartment,2143.97,1946.87,10.1
6,Milltown,53.309917,-6.251728,3.3,13,No,"Milltown, Dublin 6",2022,Three bed,All property types,2351.82,2154.35,9.2
6,Milltown,53.309917,-6.251728,3.3,13,No,"Milltown, Dublin 6",2022,Three bed,Apartment,2433.23,2409.24,1.0
6,Milltown,53.309917,-6.251728,3.3,13,No,"Milltown, Dublin 6",2022,1 to 2 bed,All property types,1987.28,1708.0,16.4
6,Milltown,53.309917,-6.251728,3.3,13,No,"Milltown, Dublin 6",2022,1 to 2 bed,Apartment,1996.56,1799.69,10.9
6,Milltown,53.309917,-6.251728,3.3,13,No,"Milltown, Dublin 6",2022,1 to 3 bed,All property types,2044.3,1794.31,13.9
6,Milltown,53.309917,-6.251728,3.3,13,No,"Milltown, Dublin 6",2022,1 to 3 bed,Terrace house,2100.64,1910.51,10.0
6,Milltown,53.309917,-6.251728,3.3,13,No,"Milltown, Dublin 6",2022,1 to 3 bed,Apartment,2034.37,1853.77,9.7
7,Windy Arbour,53.301558,-6.250708,4.23,15,No,"Churchtown, Dublin 14",2022,All bedrooms,All property types,2367.87,1856.43,27.5
7,Windy Arbour,53.301558,-6.250708,4.23,15,No,"Churchtown, Dublin 14",2022,All bedrooms,Semi detached house,2442.36,2132.04,14.6
7,Windy Arbour,53.301558,-6.250708,4.23,15,No,"Churchtown, Dublin 14",2022,All bedrooms,Terrace house,2449.02,2038.0,20.2
7,Windy Arbour,53.301558,-6.250708,4.23,15,No,"Churchtown, Dublin 14",2022,All bedrooms,Apartment,2352.24,1857.83,26.6
7,Windy Arbour,53.301558,-6.250708,4.23,15,No,"Churchtown, Dublin 14",2022,One bed,All property types,1870.73,1409.28,32.7
7,Windy Arbour,53.301558,-6.250708,4.23,15,No,"Churchtown, Dublin 14",2022,One bed,Apartment,1904.72,1537.53,23.9
7,Windy Arbour,53.301558,-6.250708,4.23,15,No,"Churchtown, Dublin 14",2022,Two bed,All property types,2318.15,1913.7,21.1
7,Windy Arbour,53.301558,-6.250708,4.23,15,No,"Churchtown, Dublin 14",2022,Two bed,Apartment,2395.78,1946.87,23.1
7,Windy Arbour,53.301558,-6.250708,4.23,15,No,"Churchtown, Dublin 14",2022,Three bed,All property types,2531.65,2154.35,17.5
7,Windy Arbour,53.301558,-6.250708,4.23,15,No,"Churchtown, Dublin 14",2022,1 to 2 bed,All property types,2230.46,1708.0,30.6
7,Windy Arbour,53.301558,-6.250708,4.23,15,No,"Churchtown, Dublin 14",2022,1 to 2 bed,Apartment,2294.11,1799.69,27.5
7,Windy Arbour,53.301558,-6.250708,4.23,15,No,"Churchtown, Dublin 14",2022,1 to 3 bed,All property types,2297.81,1794.31,28.1
7,Windy Arbour,53.301558,-6.250708,4.23,15,No,"Churchtown, Dublin 14",2022,1 to 3 bed,Semi detached house,2254.28,1932.07,16.7
7,Windy Arbour,53.301558,-6.250708,4.23,15,No,"Churchtown, Dublin 14",2022,1 to 3 bed,Apartment,2352.24,1853.77,26.9
7,Windy Arbour,53.301558,-6.250708,4.23,15,No,"Churchtown, Dublin 14",2022,Four plus bed,All property types,2931.9,2760.91,6.2
8,Dundrum,53.292358,-6.245117,5.3,17,No,"Dundrum, Dublin 16",2022,All bedrooms,All property types,2095.28,1856.43,12.9
8,Dundrum,53.292358,-6.245117,5.3,17,No,"Dundrum, Dublin 16",2022,All bedrooms,Detached house,2733.32,2592.53,5.4
8,Dundrum,53.292358,-6.245117,5.3,17,No,"Dundrum, Dublin 16",2022,All bedrooms,Semi detached house,2439.09,2132.04,14.4
8,Dundrum,53.292358,-6.245117,5.3,17,No,"Dundrum, Dublin 16",2022,All bedrooms,Terrace house,2039.78,2038.0,0.1
8,Dundrum,53.292358,-6.245117,5.3,17,No,"Dundrum, Dublin 16",2022,All bedrooms,Apartment,2037.61,1857.83,9.7
8,Dundrum,53.292358,-6.245117,5.3,17,No,"Dundrum, Dublin 16",2022,One bed,All property types,1738.5,1409.28,23.4
8,Dundrum,53.292358,-6.245117,5.3,17,No,"Dundrum, Dublin 16",2022,One bed,Apartment,1751.76,1537.53,13.9
8,Dundrum,53.292358,-6.245117,5.3,17,No,"Dundrum, Dublin 16",2022,Two bed,All property types,2038.34,1913.7,6.5
8,Dundrum,53.292358,-6.245117,5.3,17,No,"Dundrum, Dublin 16",2022,Two bed,Apartment,2057.97,1946.87,5.7
8,Dundrum,53.292358,-6.245117,5.3,17,No,"Dundrum, Dublin 16",2022,Three bed,All property types,2388.99,2154.35,10.9
8,Dundrum,53.292358,-6.245117,5.3,17,No,"Dundrum, Dublin 16",2022,Three bed,Semi detached house,2282.25,1987.45,14.8
8,Dundrum,53.292358,-6.245117,5.3,17,No,"Dundrum, Dublin 16",2022,Three bed,Terrace house,2063.58,2066.06,-0.1
8,Dundrum,53.292358,-6.245117,5.3,17,No,"Dundrum, Dublin 16",2022,Three bed,Apartment,2594.44,2409.24,7.7
8,Dundrum,53.292358,-6.245117,5.3,17,No,"Dundrum, Dublin 16",2022,1 to 2 bed,All property types,1968.21,1708.0,15.2
8,Dundrum,53.292358,-6.245117,5.3,17,No,"Dundrum, Dublin 16",2022,1 to 2 bed,Apartment,1983.8,1799.69,10.2
8,Dundrum,53.292358,-6.245117,5.3,17,No,"Dundrum, Dublin 16",2022,1 to 3 bed,All property types,2040.12,1794.31,13.7
8,Dundrum,53.292358,-6.245117,5.3,17,No,"Dundrum, Dublin 16",2022,1 to 3 bed,Semi detached house,2173.4,1932.07,12.5
8,Dundrum,53.292358,-6.245117,5.3,17,No,"Dundrum, Dublin 16",2022,1 to 3 bed,Terrace house,1987.92,1910.51,4.1
8,Dundrum,53.292358,-6.245117,5.3,17,No,"Dundrum, Dublin 16",2022,1 to 3 bed,Apartment,2035.05,1853.77,9.8
8,Dundrum,53.292358,-6.245117,5.3,17,No,"Dundrum, Dublin 16",2022,Four plus bed,All property types,2938.04,2760.91,6.4
8,Dundrum,53.292358,-6.245117,5.3,17,No,"Dundrum, Dublin 16",2022,Four plus bed,Semi detached house,2814.18,2619.05,7.5
9,Balally,53.286106,-6.236772,6.11,19,Yes,"Dundrum, Dublin 16",2022,All bedrooms,All property types,2095.28,1856.43,12.9
9,Balally,53.286106,-6.236772,6.11,19,Yes,"Dundrum, Dublin 16",2022,All bedrooms,Detached house,2733.32,2592.53,5.4
9,Balally,53.286106,-6.236772,6.11,19,Yes,"Dundrum, Dublin 16",2022,All bedrooms,Semi detached house,2439.09,2132.04,14.4
9,Balally,53.286106,-6.236772,6.11,19,Yes,"Dundrum, Dublin 16",2022,All bedrooms,Terrace house,2039.78,2038.0,0.1
9,Balally,53.286106,-6.236772,6.11,19,Yes,"Dundrum, Dublin 16",2022,All bedrooms,Apartment,2037.61,1857.83,9.7
9,Balally,53.286106,-6.236772,6.11,19,Yes,"Dundrum, Dublin 16",2022,One bed,All property types,1738.5,1409.28,23.4
9,Balally,53.286106,-6.236772,6.11,19,Yes,"Dundrum, Dublin 16",2022,One bed,Apartment,1751.76,1537.53,13.9
9,Balally,53.286106,-6.236772,6.11,19,Yes,"Dundrum, Dublin 16",2022,Two bed,All property types,2038.34,1913.7,6.5
9,Balally,53.286106,-6.236772,6.11,19,Yes,"Dundrum, Dublin 16",2022,Two bed,Apartment,2057.97,1946.87,5.7
9,Balally,53.286106,-6.236772,6.11,19,Yes,"Dundrum, Dublin 16",2022,Three bed,All property types,2388.99,2154.35,10.9
9,Balally,53.286106,-6.236772,6.11,19,Yes,"Dundrum, Dublin 16",2022,Three bed,Semi detached house,2282.25,1987.45,14.8
9,Balally,53.286106,-6.236772,6.11,19,Yes,"Dundrum, Dublin 16",2022,Three bed,Terrace house,2063.58,2066.06,-0.1
9,Balally,53.286106,-6.236772,6.11,19,Yes,"Dundrum, Dublin 16",2022,Three bed,Apartment,2594.44,2409.24,7.7
9,Balally,53.286106,-6.236772,6.11,19,Yes,"Dundrum, Dublin 16",2022,1 to 2 bed,All property types,1968.21,1708.0,15.2
9,Balally,53.286106,-6.236772,6.11,19,Yes,"Dundrum, Dublin 16",2022,1 to 2 bed,Apartment,1983.8,1799.69,10.2
9,Balally,53.286106,-6.236772,6.11,19,Yes,"Dundrum, Dublin 16",2022,1 to 3 bed,All property types,2040.12,1794.31,13.7
9,Balally,53.286106,-6.236772,6.11,19,Yes,"Dundrum, Dublin 16",2022,1 to 3 bed,Semi detached house,2173.4,1932.07,12.5
9,Balally,53.286106,-6.236772,6.11,19,Yes,"Dundrum, Dublin 16",2022,1 to 3 bed,Terrace house,1987.92,1910.51,4.1
9,Balally,53.286106,-6.236772,6.11,19,Yes,"Dundrum, Dublin 16",2022,1 to 3 bed,Apartment,2035.05,1853.77,9.8
9,Balally,53.286106,-6.236772,6.11,19,Yes,"Dundrum, Dublin 16",2022,Four plus bed,All property types,2938.04,2760.91,6.4
9,Balally,53.286106,-6.236772,6.11,19,Yes,"Dundrum, Dublin 16",2022,Four plus bed,Semi detached house,2814.18,2619.05,7.5
10,Kilmacud,53.283008,-6.223886,6.71,21,No,"Stillorgan, Dublin",2022,All bedrooms,All property types,2061.45,1856.43,11.0
10,Kilmacud,53.283008,-6.223886,6.71,21,No,"Stillorgan, Dublin",2022,All bedrooms,Semi detached house,2598.33,2132.04,21.9
10,Kilmacud,53.283008,-6.223886,6.71,21,No,"Stillorgan, Dublin",2022,All bedrooms,Terrace house,2182.0,2038.0,7.1
10,Kilmacud,53.283008,-6.223886,6.71,21,No,"Stillorgan, Dublin",2022,All bedrooms,Apartment,1944.01,1857.83,4.6
10,Kilmacud,53.283008,-6.223886,6.71,21,No,"Stillorgan, Dublin",2022,One bed,All property types,1585.7,1409.28,12.5
10,Kilmacud,53.283008,-6.223886,6.71,21,No,"Stillorgan, Dublin",2022,One bed,Apartment,1592.41,1537.53,3.6
10,Kilmacud,53.283008,-6.223886,6.71,21,No,"Stillorgan, Dublin",2022,Two bed,All property types,1974.74,1913.7,3.2
10,Kilmacud,53.283008,-6.223886,6.71,21,No,"Stillorgan, Dublin",2022,Two bed,Apartment,1983.64,1946.87,1.9
10,Kilmacud,53.283008,-6.223886,6.71,21,No,"Stillorgan, Dublin",2022,Three bed,All property types,2379.69,2154.35,10.5
10,Kilmacud,53.283008,-6.223886,6.71,21,No,"Stillorgan, Dublin",2022,Three bed,Semi detached house,2186.78,1987.45,10.0
10,Kilmacud,53.283008,-6.223886,6.71,21,No,"Stillorgan, Dublin",2022,Three bed,Apartment,2535.59,2409.24,5.2
10,Kilmacud,53.283008,-6.223886,6.71,21,No,"Stillorgan, Dublin",2022,1 to 2 bed,All property types,1865.19,1708.0,9.2
10,Kilmacud,53.283008,-6.223886,6.71,21,No,"Stillorgan, Dublin",2022,1 to 2 bed,Apartment,1872.53,1799.69,4.0
10,Kilmacud,53.283008,-6.223886,6.71,21,No,"Stillorgan, Dublin",2022,1 to 3 bed,All property types,1959.89,1794.31,9.2
10,Kilmacud,53.283008,-6.223886,6.71,21,No,"Stillorgan, Dublin",2022,1 to 3 bed,Semi detached house,2087.13,1932.07,8.0
10,Kilmacud,53.283008,-6.223886,6.71,21,No,"Stillorgan, Dublin",2022,1 to 3 bed,Terrace house,1971.86,1910.51,3.2
10,Kilmacud,53.283008,-6.223886,6.71,21,No,"Stillorgan, Dublin",2022,1 to 3 bed,Apartment,1942.16,1853.77,4.8
10,Kilmacud,53.283008,-6.223886,6.71,21,No,"Stillorgan, Dublin",2022,Four plus bed,All property types,3222.5,2760.91,16.7
10,Kilmacud,53.283008,-6.223886,6.71,21,No,"Stillorgan, Dublin",2022,Four plus bed,Semi detached house,3284.09,2619.05,25.4
11,Stillorgan,53.279311,-6.209919,7.47,22,Yes,"Stillorgan, Dublin",2022,All bedrooms,All property types,2061.45,1856.43,11.0
11,Stillorgan,53.279311,-6.209919,7.47,22,Yes,"Stillorgan, Dublin",2022,All bedrooms,Semi detached house,2598.33,2132.04,21.9
11,Stillorgan,53.279311,-6.209919,7.47,22,Yes,"Stillorgan, Dublin",2022,All bedrooms,Terrace house,2182.0,2038.0,7.1
11,Stillorgan,53.279311,-6.209919,7.47,22,Yes,"Stillorgan, Dublin",2022,All bedrooms,Apartment,1944.01,1857.83,4.6
11,Stillorgan,53.279311,-6.209919,7.47,22,Yes,"Stillorgan, Dublin",2022,One bed,All property types,1585.7,1409.28,12.5
11,Stillorgan,53.279311,-6.209919,7.47,22,Yes,"Stillorgan, Dublin",2022,One bed,Apartment,1592.41,1537.53,3.6
11,Stillorgan,53.279311,-6.209919,7.47,22,Yes,"Stillorgan, Dublin",2022,Two bed,All property types,1974.74,1913.7,3.2
11,Stillorgan,53.279311,-6.209919,7.47,22,Yes,"Stillorgan, Dublin",2022,Two bed,Apartment,1983.64,1946.87,1.9
11,Stillorgan,53.279311,-6.209919,7.47,22,Yes,"Stillorgan, Dublin",2022,Three bed,All property types,2379.69,2154.35,10.5
11,Stillorgan,53.279311,-6.209919,7.47,22,Yes,"Stillorgan, Dublin",2022,Three bed,Semi detached house,2186.78,1987.45,10.0
11,Stillorgan,53.279311,-6.209919,7.47,22,Yes,"Stillorgan, Dublin",2022,Three bed,Apartment,2535.59,2409.24,5.2
11,Stillorgan,53.279311,-6.209919,7.47,22,Yes,"Stillorgan, Dublin",2022,1 to 2 bed,All property types,1865.19,1708.0,9.2
11,Stillorgan,53.279311,-6.209919,7.47,22,Yes,"Stillorgan, Dublin",2022,1 to 2 bed,Apartment,1872.53,1799.69,4.0
11,Stillorgan,53.279311,-6.209919,7.47,22,Yes,"Stillorgan, Dublin",2022,1 to 3 bed,All property types,1959.89,1794.31,9.2
11,Stillorgan,53.279311,-6.209919,7.47,22,Yes,"Stillorgan, Dublin",2022,1 to 3 bed,Semi detached house,2087.13,1932.07,8.0
11,Stillorgan,53.279311,-6.209919,7.47,22,Yes,"Stillorgan, Dublin",2022,1 to 3 bed,Terrace house,1971.86,1910.51,3.2
11,Stillorgan,53.279311,-6.209919,7.47,22,Yes,"Stillorgan, Dublin",2022,1 to 3 bed,Apartment,1942.16,1853.77,4.8
11,Stillorgan,53.279311,-6.209919,7.47,22,Yes,"Stillorgan, Dublin",2022,Four plus bed,All property types,3222.5,2760.91,16.7
11,Stillorgan,53.279311,-6.209919,7.47,22,Yes,"Stillorgan, Dublin",2022,Four plus bed,Semi detached house,3284.09,2619.05,25.4
12,Sandyford,53.277603,-6.204678,7.8,24,Yes,"Sandyford, Dublin 18",2022,All bedrooms,All property types,1883.05,1856.43,1.4
12,Sandyford,53.277603,-6.204678,7.8,24,Yes,"Sandyford, Dublin 18",2022,All bedrooms,Semi detached house,2240.73,2132.04,5.1
12,Sandyford,53.277603,-6.204678,7.8,24,Yes,"Sandyford, Dublin 18",2022,All bedrooms,Apartment,1858.16,1857.83,0.0
12,Sandyford,53.277603,-6.204678,7.8,24,Yes,"Sandyford, Dublin 18",2022,One bed,All property types,1544.81,1409.28,9.6
12,Sandyford,53.277603,-6.204678,7.8,24,Yes,"Sandyford, Dublin 18",2022,One bed,Apartment,1580.83,1537.53,2.8
12,Sandyford,53.277603,-6.204678,7.8,24,Yes,"Sandyford, Dublin 18",2022,Two bed,All property types,1866.67,1913.7,-2.5
12,Sandyford,53.277603,-6.204678,7.8,24,Yes,"Sandyford, Dublin 18",2022,Two bed,Apartment,1867.97,1946.87,-4.1
12,Sandyford,53.277603,-6.204678,7.8,24,Yes,"Sandyford, Dublin 18",2022,Three bed,All property types,2189.79,2154.35,1.6
12,Sandyford,53.277603,-6.204678,7.8,24,Yes,"Sandyford, Dublin 18",2022,Three bed,Semi detached house,2023.89,1987.45,1.8
12,Sandyford,53.277603,-6.204678,7.8,24,Yes,"Sandyford, Dublin 18",2022,Three bed,Apartment,2291.38,2409.24,-4.9
12,Sandyford,53.277603,-6.204678,7.8,24,Yes,"Sandyford, Dublin 18",2022,1 to 2 bed,All property types,1790.02,1708.0,4.8
12,Sandyford,53.277603,-6.204678,7.8,24,Yes,"Sandyford, Dublin 18",2022,1 to 2 bed,Apartment,1803.48,1799.69,0.2
12,Sandyford,53.277603,-6.204678,7.8,24,Yes,"Sandyford, Dublin 18",2022,1 to 3 bed,All property types,1856.8,1794.31,3.5
12,Sandyford,53.277603,-6.204678,7.8,24,Yes,"Sandyford, Dublin 18",2022,1 to 3 bed,Semi detached house,2017.67,1932.07,4.4
12,Sandyford,53.277603,-6.204678,7.8,24,Yes,"Sandyford, Dublin 18",2022,1 to 3 bed,Apartment,1856.93,1853.77,0.2
13,Central Park,53.27015,-6.203764,8.57,26,No,"Leopardstown, Dublin 18",2022,All bedrooms,All property types,2066.49,1856.43,11.3
13,Central Park,53.27015,-6.203764,8.57,26,No,"Leopardstown, Dublin 18",2022,All bedrooms,Semi detached house,2461.28,2132.04,15.4
13,Central Park,53.27015,-6.203764,8.57,26,No,"Leopardstown, Dublin 18",2022,All bedrooms,Apartment,1989.02,1857.83,7.1
13,Central Park,53.27015,-6.203764,8.57,26,No,"Leopardstown, Dublin 18",2022,One bed,All property types,1742.19,1409.28,23.6
13,Central Park,53.27015,-6.203764,8.57,26,No,"Leopardstown, Dublin 18",2022,One bed,Apartment,1741.71,1537.53,13.3
13,Central Park,53.27015,-6.203764,8.57,26,No,"Leopardstown, Dublin 18",2022,Two bed,All property types,1981.55,1913.7,3.5
13,Central Park,53.27015,-6.203764,8.57,26,No,"Leopardstown, Dublin 18",2022,Two bed,Apartment,1977.12,1946.87,1.6
13,Central Park,53.27015,-6.203764,8.57,26,No,"Leopardstown, Dublin 18",2022,Three bed,All property types,2408.14,2154.35,11.8
13,Central Park,53.27015,-6.203764,8.57,26,No,"Leopardstown, Dublin 18",2022,Three bed,Semi detached house,2280.96,1987.45,14.8
13,Central Park,53.27015,-6.203764,8.57,26,No,"Leopardstown, Dublin 18",2022,Three bed,Apartment,2559.28,2409.24,6.2
13,Central Park,53.27015,-6.203764,8.57,26,No,"Leopardstown, Dublin 18",2022,1 to 2 bed,All property types,1918.76,1708.0,12.3
13,Central Park,53.27015,-6.203764,8.57,26,No,"Leopardstown, Dublin 18",2022,1 to 2 bed,Apartment,1914.64,1799.69,6.4
13,Central Park,53.27015,-6.203764,8.57,26,No,"Leopardstown, Dublin 18",2022,1 to 3 bed,All property types,2019.77,1794.31,12.6
13,Central Park,53.27015,-6.203764,8.57,26,No,"Leopardstown, Dublin 18",2022,1 to 3 bed,Semi detached house,2271.67,1932.07,17.6
13,Central Park,53.27015,-6.203764,8.57,26,No,"Leopardstown, Dublin 18",2022,1 to 3 bed,Apartment,1989.02,1853.77,7.3
13,Central Park,53.27015,-6.203764,8.57,26,No,"Leopardstown, Dublin 18",2022,Four plus bed,All property types,2887.06,2760.91,4.6
14,Glencairn,53.266336,-6.209942,8.78,28,No,"Leopardstown, Dublin 18",2022,All bedrooms,All property types,2066.49,1856.43,11.3
14,Glencairn,53.266336,-6.209942,8.78,28,No,"Leopardstown, Dublin 18",2022,All bedrooms,Semi detached house,2461.28,2132.04,15.4
14,Glencairn,53.266336,-6.209942,8.78,28,No,"Leopardstown, Dublin 18",2022,All bedrooms,Apartment,1989.02,1857.83,7.1
14,Glencairn,53.266336,-6.209942,8.78,28,No,"Leopardstown, Dublin 18",2022,One bed,All property types,1742.19,1409.28,23.6
14,Glencairn,53.266336,-6.209942,8.78,28,No,"Leopardstown, Dublin 18",2022,One bed,Apartment,1741.71,1537.53,13.3
14,Glencairn,53.266336,-6.209942,8.78,28,No,"Leopardstown, Dublin 18",2022,Two bed,All property types,1981.55,1913.7,3.5
14,Glencairn,53.266336,-6.209942,8.78,28,No,"Leopardstown, Dublin 18",2022,Two bed,Apartment,1977.12,1946.87,1.6
14,Glencairn,53.266336,-6.209942,8.78,28,No,"Leopardstown, Dublin 18",2022,Three bed,All property types,2408.14,2154.35,11.8
14,Glencairn,53.266336,-6.209942,8.78,28,No,"Leopardstown, Dublin 18",2022,Three bed,Semi detached house,2280.96,1987.45,14.8
14,Glencairn,53.266336,-6.209942,8.78,28,No,"Leopardstown, Dublin 18",2022,Three bed,Apartment,2559.28,2409.24,6.2
14,Glencairn,53.266336,-6.209942,8.78,28,No,"Leopardstown, Dublin 18",2022,1 to 2 bed,All property types,1918.76,1708.0,12.3
14,Glencairn,53.266336,-6.209942,8.78,28,No,"Leopardstown, Dublin 18",2022,1 to 2 bed,Apartment,1914.64,1799.69,6.4
14,Glencairn,53.266336,-6.209942,8.78,28,No,"Leopardstown, Dublin 18",2022,1 to 3 bed,All property types,2019.77,1794.31,12.6
14,Glencairn,53.266336,-6.209942,8.78,28,No,"Leopardstown, Dublin 18",2022,1 to 3 bed,Semi detached house,2271.67,1932.07,17.6
14,Glencairn,53.266336,-6.209942,8.78,28,No,"Leopardstown, Dublin 18",2022,1 to 3 bed,Apartment,1989.02,1853.77,7.3
14,Glencairn,53.266336,-6.209942,8.78,28,No,"Leopardstown, Dublin 18",2022,Four plus bed,All property types,2887.06,2760.91,4.6
15,The Gallops,53.261164,-6.206022,9.41,29,No,"Leopardstown, Dublin 18",2022,All bedrooms,All property types,2066.49,1856.43,11.3
15,The Gallops,53.261164,-6.206022,9.41,29,No,"Leopardstown, Dublin 18",2022,All bedrooms,Semi detached house,2461.28,2132.04,15.4
15,The Gallops,53.261164,-6.206022,9.41,29,No,"Leopardstown, Dublin 18",2022,All bedrooms,Apartment,1989.02,1857.83,7.1
15,The Gallops,53.261164,-6.206022,9.41,29,No,"Leopardstown, Dublin 18",2022,One bed,All property types,1742.19,1409.28,23.6
15,The Gallops,53.261164,-6.206022,9.41,29,No,"Leopardstown, Dublin 18",2022,One bed,Apartment,1741.71,1537.53,13.3
15,The Gallops,53.261164,-6.206022,9.41,29,No,"Leopardstown, Dublin 18",2022,Two bed,All property types,1981.55,1913.7,3.5
15,The Gallops,53.261164,-6.206022,9.41,29,No,"Leopardstown, Dublin 18",2022,Two bed,Apartment,1977.12,1946.87,1.6
15,The Gallops,53.261164,-6.206022,9.41,29,No,"Leopardstown, Dublin 18",2022,Three bed,All property types,2408.14,2154.35,11.8
15,The Gallops,53.261164,-6.206022,9.41,29,No,"Leopardstown, Dublin 18",2022,Three bed,Semi detached house,2280.96,1987.45,14.8
15,The Gallops,53.261164,-6.206022,9.41,29,No,"Leopardstown, Dublin 18",2022,Three bed,Apartment,2559.28,2409.24,6.2
15,The Gallops,53.261164,-6.206022,9.41,29,No,"Leopardstown, Dublin 18",2022,1 to 2 bed,All property types,1918.76,1708.0,12.3
15,The Gallops,53.261164,-6.206022,9.41,29,No,"Leopardstown, Dublin 18",2022,1 to 2 bed,Apartment,1914.64,1799.69,6.4
15,The Gallops,53.261164,-6.206022,9.41,29,No,"Leopardstown, Dublin 18",2022,1 to 3 bed,All property types,2019.77,1794.31,12.6
15,The Gallops,53.261164,-6.206022,9.41,29,No,"Leopardstown, Dublin 18",2022,1 to 3 bed,Semi detached house,2271.67,1932.07,17.6
15,The Gallops,53.261164,-6.206022,9.41,29,No,"Leopardstown, Dublin 18",2022,1 to 3 bed,Apartment,1989.02,1853.77,7.3
15,The Gallops,53.261164,-6.206022,9.41,29,No,"Leopardstown, Dublin 18",2022,Four plus bed,All property types,2887.06,2760.91,4.6
16,Leopardstown Valley,53.258247,-6.198361,9.91,31,No,"Leopardstown, Dublin 18",2022,All bedrooms,All property types,2066.49,1856.43,11.3
16,Leopardstown Valley,53.258247,-6.198361,9.91,31,No,"Leopardstown, Dublin 18",2022,All bedrooms,Semi detached house,2461.28,2132.04,15.4
16,Leopardstown Valley,53.258247,-6.198361,9.91,31,No,"Leopardstown, Dublin 18",2022,All bedrooms,Apartment,1989.02,1857.83,7.1
16,Leopardstown Valley,53.258247,-6.198361,9.91,31,No,"Leopardstown, Dublin 18",2022,One bed,All property types,1742.19,1409.28,23.6
16,Leopardstown Valley,53.258247,-6.198361,9.91,31,No,"Leopardstown, Dublin 18",2022,One bed,Apartment,1741.71,1537.53,13.3
16,Leopardstown Valley,53.258247,-6.198361,9.91,31,No,"Leopardstown, Dublin 18",2022,Two bed,All property types,1981.55,1913.7,3.5
16,Leopardstown Valley,53.258247,-6.198361,9.91,31,No,"Leopardstown, Dublin 18",2022,Two bed,Apartment,1977.12,1946.87,1.6
16,Leopardstown Valley,53.258247,-6.198361,9.91,31,No,"Leopardstown, Dublin 18",2022,Three bed,All property types,2408.14,2154.35,11.8
16,Leopardstown Valley,53.258247,-6.198361,9.91,31,No,"Leopardstown, Dublin 18",2022,Three bed,Semi detached house,2280.96,1987.45,14.8
16,Leopardstown Valley,53.258247,-6.198361,9.91,31,No,"Leopardstown, Dublin 18",2022,Three bed,Apartment,2559.28,2409.24,6.2
16,Leopardstown Valley,53.258247,-6.198361,9.91,31,No,"Leopardstown, Dublin 18",2022,1 to 2 bed,All property types,1918.76,1708.0,12.3
16,Leopardstown Valley,53.258247,-6.198361,9.91,31,No,"Leopardstown, Dublin 18",2022,1 to 2 bed,Apartment,1914.64,1799.69,6.4
16,Leopardstown Valley,53.258247,-6.198361,9.91,31,No,"Leopardstown, Dublin 18",2022,1 to 3 bed,All property types,2019.77,1794.31,12.6
16,Leopardstown Valley,53.258247,-6.198361,9.91,31,No,"Leopardstown, Dublin 18",2022,1 to 3 bed,Semi detached house,2271.67,1932.07,17.6
16,Leopardstown Valley,53.258247,-6.198361,9.91,31,No,"Leopardstown, Dublin 18",2022,1 to 3 bed,Apartment,1989.02,1853.77,7.3
16,Leopardstown Valley,53.258247,-6.198361,9.91,31,No,"Leopardstown, Dublin 18",2022,Four plus bed,All property types,2887.06,2760.91,4.6
17,Ballyogan Wood,53.255047,-6.184475,10.65,33,No,"Carrickmines, Dublin 18",2022,All bedrooms,All property types,1900.24,1856.43,2.4
17,Ballyogan Wood,53.255047,-6.184475,10.65,33,No,"Carrickmines, Dublin 18",2022,All bedrooms,Apartment,1758.62,1857.83,-5.3
17,Ballyogan Wood,53.255047,-6.184475,10.65,33,No,"Carrickmines, Dublin 18",2022,One bed,All property types,1500.28,1409.28,6.5
17,Ballyogan Wood,53.255047,-6.184475,10.65,33,No,"Carrickmines, Dublin 18",2022,One bed,Apartment,1500.28,1537.53,-2.4
17,Ballyogan Wood,53.255047,-6.184475,10.65,33,No,"Carrickmines, Dublin 18",2022,Two bed,All property types,1884.51,1913.7,-1.5
17,Ballyogan Wood,53.255047,-6.184475,10.65,33,No,"Carrickmines, Dublin 18",2022,Two bed,Apartment,1885.65,1946.87,-3.1
17,Ballyogan Wood,53.255047,-6.184475,10.65,33,No,"Carrickmines, Dublin 18",2022,1 to 2 bed,All property types,1744.49,1708.0,2.1
17,Ballyogan Wood,53.255047,-6.184475,10.65,33,No,"Carrickmines, Dublin 18",2022,1 to 2 bed,Apartment,1744.02,1799.69,-3.1
17,Ballyogan Wood,53.255047,-6.184475,10.65,33,No,"Carrickmines, Dublin 18",2022,1 to 3 bed,All property types,1797.58,1794.31,0.2
17,Ballyogan Wood,53.255047,-6.184475,10.65,33,No,"Carrickmines, Dublin 18",2022,1 to 3 bed,Apartment,1758.62,1853.77,-5.1
18,Racecourse,53.255367,-6.175161,10.93,34,No,"Leopardstown, Dublin 18",2022,All bedrooms,All property types,2066.49,1856.43,11.3
18,Racecourse,53.255367,-6.175161,10.93,34,No,"Leopardstown, Dublin 18",2022,All bedrooms,Semi detached house,2461.28,2132.04,15.4
18,Racecourse,53.255367,-6.175161,10.93,34,No,"Leopardstown, Dublin 18",2022,All bedrooms,Apartment,1989.02,1857.83,7.1
18,Racecourse,53.255367,-6.175161,10.93,34,No,"Leopardstown, Dublin 18",2022,One bed,All property types,1742.19,1409.28,23.6
18,Racecourse,53.255367,-6.175161,10.93,34,No,"Leopardstown, Dublin 18",2022,One bed,Apartment,1741.71,1537.53,13.3
18,Racecourse,53.255367,-6.175161,10.93,34,No,"Leopardstown, Dublin 18",2022,Two bed,All property types,1981.55,1913.7,3.5
18,Racecourse,53.255367,-6.175161,10.93,34,No,"Leopardstown, Dublin 18",2022,Two bed,Apartment,1977.12,1946.87,1.6
18,Racecourse,53.255367,-6.175161,10.93,34,No,"Leopardstown, Dublin 18",2022,Three bed,All property types,2408.14,2154.35,11.8
18,Racecourse,53.255367,-6.175161,10.93,34,No,"Leopardstown, Dublin 18",2022,Three bed,Semi detached house,2280.96,1987.45,14.8
18,Racecourse,53.255367,-6.175161,10.93,34,No,"Leopardstown, Dublin 18",2022,Three bed,Apartment,2559.28,2409.24,6.2
18,Racecourse,53.255367,-6.175161,10.93,34,No,"Leopardstown, Dublin 18",2022,1 to 2 bed,All property types,1918.76,1708.0,12.3
18,Racecourse,53.255367,-6.175161,10.93,34,No,"Leopardstown, Dublin 18",2022,1 to 2 bed,Apartment,1914.64,1799.69,6.4
18,Racecourse,53.255367,-6.175161,10.93,34,No,"Leopardstown, Dublin 18",2022,1 to 3 bed,All property types,2019.77,1794.31,12.6
18,Racecourse,53.255367,-6.175161,10.93,34,No,"Leopardstown, Dublin 18",2022,1 to 3 bed,Semi detached house,2271.67,1932.07,17.6
18,Racecourse,53.255367,-6.175161,10.93,34,No,"Leopardstown, Dublin 18",2022,1 to 3 bed,Apartment,1989.02,1853.77,7.3
18,Racecourse,53.255367,-6.175161,10.93,34,No,"Leopardstown, Dublin 18",2022,Four plus bed,All property types,2887.06,2760.91,4.6
19,Carrickmines,53.254033,-6.169908,11.24,36,Yes,"Carrickmines, Dublin 18",2022,All bedrooms,All property types,1900.24,1856.43,2.4
19,Carrickmines,53.254033,-6.169908,11.24,36,Yes,"Carrickmines, Dublin 18",2022,All bedrooms,Apartment,1758.62,1857.83,-5.3
19,Carrickmines,53.254033,-6.169908,11.24,36,Yes,"Carrickmines, Dublin 18",2022,One bed,All property types,1500.28,1409.28,6.5
19,Carrickmines,53.254033,-6.169908,11.24,36,Yes,"Carrickmines, Dublin 18",2022,One bed,Apartment,1500.28,1537.53,-2.4
19,Carrickmines,53.254033,-6.169908,11.24,36,Yes,"Carrickmines, Dublin 18",2022,Two bed,All property types,1884.51,1913.7,-1.5
19,Carrickmines,53.254033,-6.169908,11.24,36,Yes,"Carrickmines, Dublin 18",2022,Two bed,Apartment,1885.65,1946.87,-3.1
19,Carrickmines,53.254033,-6.169908,11.24,36,Yes,"Carrickmines, Dublin 18",2022,1 to 2 bed,All property types,1744.49,1708.0,2.1
19,Carrickmines,53.254033,-6.169908,11.24,36,Yes,"Carrickmines, Dublin 18",2022,1 to 2 bed,Apartment,1744.02,1799.69,-3.1
19,Carrickmines,53.254033,-6.169908,11.24,36,Yes,"Carrickmines, Dublin 18",2022,1 to 3 bed,All property types,1797.58,1794.31,0.2
19,Carrickmines,53.254033,-6.169908,11.24,36,Yes,"Carrickmines, Dublin 18",2022,1 to 3 bed,Apartment,1758.62,1853.77,-5.1
20,Brennanstown,53.252619,-6.161597,11.68,37,No,"Cabinteely, Dublin 18",2022,All bedrooms,All property types,1937.63,1856.43,4.4
20,Brennanstown,53.252619,-6.161597,11.68,37,No,"Cabinteely, Dublin 18",2022,All bedrooms,Semi detached house,2367.64,2132.04,11.1
20,Brennanstown,53.252619,-6.161597,11.68,37,No,"Cabinteely, Dublin 18",2022,All bedrooms,Apartment,1831.63,1857.83,-1.4
20,Brennanstown,53.252619,-6.161597,11.68,37,No,"Cabinteely, Dublin 18",2022,Two bed,All property types,1777.99,1913.7,-7.1
20,Brennanstown,53.252619,-6.161597,11.68,37,No,"Cabinteely, Dublin 18",2022,Two bed,Apartment,1785.85,1946.87,-8.3
20,Brennanstown,53.252619,-6.161597,11.68,37,No,"Cabinteely, Dublin 18",2022,Three bed,All property types,2164.52,2154.35,0.5
20,Brennanstown,53.252619,-6.161597,11.68,37,No,"Cabinteely, Dublin 18",2022,Three bed,Apartment,2197.74,2409.24,-8.8
20,Brennanstown,53.252619,-6.161597,11.68,37,No,"Cabinteely, Dublin 18",2022,1 to 2 bed,All property types,1745.84,1708.0,2.2
20,Brennanstown,53.252619,-6.161597,11.68,37,No,"Cabinteely, Dublin 18",2022,1 to 2 bed,Apartment,1757.63,1799.69,-2.3
20,Brennanstown,53.252619,-6.161597,11.68,37,No,"Cabinteely, Dublin 18",2022,1 to 3 bed,All property types,1862.14,1794.31,3.8
20,Brennanstown,53.252619,-6.161597,11.68,37,No,"Cabinteely, Dublin 18",2022,1 to 3 bed,Apartment,1834.28,1853.77,-1.1
21,Laughanstown,53.250606,-6.155006,12.11,39,No,"Cabinteely, Dublin 18",2022,All bedrooms,All property types,1937.63,1856.43,4.4
21,Laughanstown,53.250606,-6.155006,12.11,39,No,"Cabinteely, Dublin 18",2022,All bedrooms,Semi detached house,2367.64,2132.04,11.1
21,Laughanstown,53.250606,-6.155006,12.11,39,No,"Cabinteely, Dublin 18",2022,All bedrooms,Apartment,1831.63,1857.83,-1.4
21,Laughanstown,53.250606,-6.155006,12.11,39,No,"Cabinteely, Dublin 18",2022,Two bed,All property types,1777.99,1913.7,-7.1
21,Laughanstown,53.250606,-6.155006,12.11,39,No,"Cabinteely, Dublin 18",2022,Two bed,Apartment,1785.85,1946.87,-8.3
21,Laughanstown,53.250606,-6.155006,12.11,39,No,"Cabinteely, Dublin 18",2022,Three bed,All property types,2164.52,2154.35,0.5
21,Laughanstown,53.250606,-6.155006,12.11,39,No,"Cabinteely, Dublin 18",2022,Three bed,Apartment,2197.74,2409.24,-8.8
21,Laughanstown,53.250606,-6.155006,12.11,39,No,"Cabinteely, Dublin 18",2022,1 to 2 bed,All property types,1745.84,1708.0,2.2
21,Laughanstown,53.250606,-6.155006,12.11,39,No,"Cabinteely, Dublin 18",2022,1 to 2 bed,Apartment,1757.63,1799.69,-2.3
21,Laughanstown,53.250606,-6.155006,12.11,39,No,"Cabinteely, Dublin 18",2022,1 to 3 bed,All property types,1862.14,1794.31,3.8
21,Laughanstown,53.250606,-6.155006,12.11,39,No,"Cabinteely, Dublin 18",2022,1 to 3 bed,Apartment,1834.28,1853.77,-1.1
22,Cherrywood,53.245333,-6.145853,12.94,41,No,"Cabinteely, Dublin 18",2022,All bedrooms,All property types,1937.63,1856.43,4.4
22,Cherrywood,53.245333,-6.145853,12.94,41,No,"Cabinteely, Dublin 18",2022,All bedrooms,Semi detached house,2367.64,2132.04,11.1
22,Cherrywood,53.245333,-6.145853,12.94,41,No,"Cabinteely, Dublin 18",2022,All bedrooms,Apartment,1831.63,1857.83,-1.4
22,Cherrywood,53.245333,-6.145853,12.94,41,No,"Cabinteely, Dublin 18",2022,Two bed,All property types,1777.99,1913.7,-7.1
22,Cherrywood,53.245333,-6.145853,12.94,41,No,"Cabinteely, Dublin 18",2022,Two bed,Apartment,1785.85,1946.87,-8.3
22,Cherrywood,53.245333,-6.145853,12.94,41,No,"Cabinteely, Dublin 18",2022,Three bed,All property types,2164.52,2154.35,0.5
22,Cherrywood,53.245333,-6.145853,12.94,41,No,"Cabinteely, Dublin 18",2022,Three bed,Apartment,2197.74,2409.24,-8.8
22,Cherrywood,53.245333,-6.145853,12.94,41,No,"Cabinteely, Dublin 18",2022,1 to 2 bed,All property types,1745.84,1708.0,2.2
22,Cherrywood,53.245333,-6.145853,12.94,41,No,"Cabinteely, Dublin 18",2022,1 to 2 bed,Apartment,1757.63,1799.69,-2.3
22,Cherrywood,53.245333,-6.145853,12.94,41,No,"Cabinteely, Dublin 18",2022,1 to 3 bed,All property types,1862.14,1794.31,3.8
22,Cherrywood,53.245333,-6.145853,12.94,41,No,"Cabinteely, Dublin 18",2022,1 to 3 bed,Apartment,1834.28,1853.77,-1.1
23,Brides Glen,53.242075,-6.142886,13.35,42,No,"Shankill, Dublin",2022,All bedrooms,All property types,1826.89,1856.43,-1.6
23,Brides Glen,53.242075,-6.142886,13.35,42,No,"Shankill, Dublin",2022,All bedrooms,Semi detached house,2044.93,2132.04,-4.1
23,Brides Glen,53.242075,-6.142886,13.35,42,No,"Shankill, Dublin",2022,All bedrooms,Apartment,1644.08,1857.83,-11.5
23,Brides Glen,53.242075,-6.142886,13.35,42,No,"Shankill, Dublin",2022,Two bed,All property types,1652.32,1913.7,-13.7
23,Brides Glen,53.242075,-6.142886,13.35,42,No,"Shankill, Dublin",2022,Two bed,Apartment,1657.23,1946.87,-14.9
23,Brides Glen,53.242075,-6.142886,13.35,42,No,"Shankill, Dublin",2022,Three bed,All property types,1999.33,2154.35,-7.2
23,Brides Glen,53.242075,-6.142886,13.35,42,No,"Shankill, Dublin",2022,1 to 2 bed,All property types,1601.54,1708.0,-6.2
23,Brides Glen,53.242075,-6.142886,13.35,42,No,"Shankill, Dublin",2022,1 to 2 bed,Apartment,1605.33,1799.69,-10.8
23,Brides Glen,53.242075,-6.142886,13.35,42,No,"Shankill, Dublin",2022,1 to 3 bed,All property types,1715.69,1794.31,-4.4
23,Brides Glen,53.242075,-6.142886,13.35,42,No,"Shankill, Dublin",2022,1 to 3 bed,Apartment,1632.17,1853.77,-12.0
0,St. Stephen's Green,53.339072,-6.261333,0.0,0,No,"Charlemont Street, Dublin 2",2023,All bedrooms,All property types,2244.52,1964.81,14.2
0,St. Stephen's Green,53.339072,-6.261333,0.0,0,No,"Charlemont Street, Dublin 2",2023,All bedrooms,Apartment,2244.52,1966.82,14.1
0,St. Stephen's Green,53.339072,-6.261333,0.0,0,No,"Charlemont Street, Dublin 2",2023,1 to 3 bed,All property types,2244.52,1897.9,18.3
0,St. Stephen's Green,53.339072,-6.261333,0.0,0,No,"Charlemont Street, Dublin 2",2023,1 to 3 bed,Apartment,2244.52,1961.34,14.4
1,Harcourt,53.333358,-6.26265,0.64,2,No,"Charlemont Street, Dublin 2",2023,All bedrooms,All property types,2244.52,1964.81,14.2
1,Harcourt,53.333358,-6.26265,0.64,2,No,"Charlemont Street, Dublin 2",2023,All bedrooms,Apartment,2244.52,1966.82,14.1
1,Harcourt,53.333358,-6.26265,0.64,2,No,"Charlemont Street, Dublin 2",2023,1 to 3 bed,All property types,2244.52,1897.9,18.3
1,Harcourt,53.333358,-6.26265,0.64,2,No,"Charlemont Street, Dublin 2",2023,1 to 3 bed,Apartment,2244.52,1961.34,14.4
2,Charlemont,53.330669,-6.258683,0.95,4,No,"Charlemont Street, Dublin 2",2023,All bedrooms,All property types,2244.52,1964.81,14.2
2,Charlemont,53.330669,-6.258683,0.95,4,No,"Charlemont Street, Dublin 2",2023,All bedrooms,Apartment,2244.52,1966.82,14.1
2,Charlemont,53.330669,-6.258683,0.95,4,No,"Charlemont Street, Dublin 2",2023,1 to 3 bed,All property types,2244.52,1897.9,18.3
2,Charlemont,53.330669,-6.258683,0.95,4,No,"Charlemont Street, Dublin 2",2023,1 to 3 bed,Apartment,2244.52,1961.34,14.4
3,Ranelagh,53.326433,-6.256203,1.45,7,No,"Ranelagh, Dublin 6",2023,All bedrooms,All property types,1870.56,1964.81,-4.8
3,Ranelagh,53.326433,-6.256203,1.45,7,No,"Ranelagh, Dublin 6",2023,All bedrooms,Semi detached house,3083.8,2259.7,36.5
3,Ranelagh,53.326433,-6.256203,1.45,7,No,"Ranelagh, Dublin 6",2023,All bedrooms,Terrace house,2923.99,2168.7,34.8
3,Ranelagh,53.326433,-6.256203,1.45,7,No,"Ranelagh, Dublin 6",2023,All bedrooms,Apartment,1836.76,1966.82,-6.6
3,Ranelagh,53.326433,-6.256203,1.45,7,No,"Ranelagh, Dublin 6",2023,All bedrooms,Other flats,1288.61,1266.09,1.8
3,Ranelagh,53.326433,-6.256203,1.45,7,No,"Ranelagh, Dublin 6",2023,One bed,All property types,1403.93,1519.72,-7.6
3,Ranelagh,53.326433,-6.256203,1.45,7,No,"Ranelagh, Dublin 6",2023,One bed,Apartment,1611.77,1655.88,-2.7
3,Ranelagh,53.326433,-6.256203,1.45,7,No,"Ranelagh, Dublin 6",2023,One bed,Other flats,1218.36,1164.82,4.6
3,Ranelagh,53.326433,-6.256203,1.45,7,No,"Ranelagh, Dublin 6",2023,Two bed,All property types,2093.05,2030.59,3.1
3,Ranelagh,53.326433,-6.256203,1.45,7,No,"Ranelagh, Dublin 6",2023,Two bed,Terrace house,2344.88,1878.58,24.8
3,Ranelagh,53.326433,-6.256203,1.45,7,No,"Ranelagh, Dublin 6",2023,Two bed,Apartment,2092.63,2068.23,1.2
3,Ranelagh,53.326433,-6.256203,1.45,7,No,"Ranelagh, Dublin 6",2023,Two bed,Other flats,1653.08,1615.77,2.3
3,Ranelagh,53.326433,-6.256203,1.45,7,No,"Ranelagh, Dublin 6",2023,Three bed,All property types,2843.8,2271.25,25.2
3,Ranelagh,53.326433,-6.256203,1.45,7,No,"Ranelagh, Dublin 6",2023,Three bed,Terrace house,2836.85,2183.5,29.9
3,Ranelagh,53.326433,-6.256203,1.45,7,No,"Ranelagh, Dublin 6",2023,1 to 2 bed,All property types,1610.1,1814.38,-11.3
3,Ranelagh,53.326433,-6.256203,1.45,7,No,"Ranelagh, Dublin 6",2023,1 to 2 bed,Terrace house,2213.02,1833.29,20.7
3,Ranelagh,53.326433,-6.256203,1.45,7,No,"Ranelagh, Dublin 6",2023,1 to 2 bed,Apartment,1798.65,1910.88,-5.9
3,Ranelagh,53.326433,-6.256203,1.45,7,No,"Ranelagh, Dublin 6",2023,1 to 2 bed,Other flats,1259.12,1226.96,2.6
3,Ranelagh,53.326433,-6.256203,1.45,7,No,"Ranelagh, Dublin 6",2023,1 to 3 bed,All property types,1752.4,1897.9,-7.7
3,Ranelagh,53.326433,-6.256203,1.45,7,No,"Ranelagh, Dublin 6",2023,1 to 3 bed,Semi detached house,2830.82,2023.71,39.9
3,Ranelagh,53.326433,-6.256203,1.45,7,No,"Ranelagh, Dublin 6",2023,1 to 3 bed,Terrace house,2543.65,2017.72,26.1
3,Ranelagh,53.326433,-6.256203,1.45,7,No,"Ranelagh, Dublin 6",2023,1 to 3 bed,Apartment,1833.91,1961.34,-6.5
3,Ranelagh,53.326433,-6.256203,1.45,7,No,"Ranelagh, Dublin 6",2023,1 to 3 bed,Other flats,1281.0,1258.52,1.8
3,Ranelagh,53.326433,-6.256203,1.45,7,No,"Ranelagh, Dublin 6",2023,Four plus bed,All property types,4035.26,2955.82,36.5
4,Beechwood,53.320822,-6.254653,2.08,9,No,"Ranelagh, Dublin 6",2023,All bedrooms,All property types,1870.56,1964.81,-4.8
4,Beechwood,53.320822,-6.254653,2.08,9,No,"Ranelagh, Dublin 6",2023,All bedrooms,Semi detached house,3083.8,2259.7,36.5
4,Beechwood,53.320822,-6.254653,2.08,9,No,"Ranelagh, Dublin 6",2023,All bedrooms,Terrace house,2923.99,2168.7,34.8
4,Beechwood,53.320822,-6.254653,2.08,9,No,"Ranelagh, Dublin 6",2023,All bedrooms,Apartment,1836.76,1966.82,-6.6
4,Beechwood,53.320822,-6.254653,2.08,9,No,"Ranelagh, Dublin 6",2023,All bedrooms,Other flats,1288.61,1266.09,1.8
4,Beechwood,53.320822,-6.254653,2.08,9,No,"Ranelagh, Dublin 6",2023,One bed,All property types,1403.93,1519.72,-7.6
4,Beechwood,53.320822,-6.254653,2.08,9,No,"Ranelagh, Dublin 6",2023,One bed,Apartment,1611.77,1655.88,-2.7
4,Beechwood,53.320822,-6.254653,2.08,9,No,"Ranelagh, Dublin 6",2023,One bed,Other flats,1218.36,1164.82,4.6
4,Beechwood,53.320822,-6.254653,2.08,9,No,"Ranelagh, Dublin 6",2023,Two bed,All property types,2093.05,2030.59,3.1
4,Beechwood,53.320822,-6.254653,2.08,9,No,"Ranelagh, Dublin 6",2023,Two bed,Terrace house,2344.88,1878.58,24.8
4,Beechwood,53.320822,-6.254653,2.08,9,No,"Ranelagh, Dublin 6",2023,Two bed,Apartment,2092.63,2068.23,1.2
4,Beechwood,53.320822,-6.254653,2.08,9,No,"Ranelagh, Dublin 6",2023,Two bed,Other flats,1653.08,1615.77,2.3
4,Beechwood,53.320822,-6.254653,2.08,9,No,"Ranelagh, Dublin 6",2023,Three bed,All property types,2843.8,2271.25,25.2
4,Beechwood,53.320822,-6.254653,2.08,9,No,"Ranelagh, Dublin 6",2023,Three bed,Terrace house,2836.85,2183.5,29.9
4,Beechwood,53.320822,-6.254653,2.08,9,No,"Ranelagh, Dublin 6",2023,1 to 2 bed,All property types,1610.1,1814.38,-11.3
4,Beechwood,53.320822,-6.254653,2.08,9,No,"Ranelagh, Dublin 6",2023,1 to 2 bed,Terrace house,2213.02,1833.29,20.7
4,Beechwood,53.320822,-6.254653,2.08,9,No,"Ranelagh, Dublin 6",2023,1 to 2 bed,Apartment,1798.65,1910.88,-5.9
4,Beechwood,53.320822,-6.254653,2.08,9,No,"Ranelagh, Dublin 6",2023,1 to 2 bed,Other flats,1259.12,1226.96,2.6
4,Beechwood,53.320822,-6.254653,2.08,9,No,"Ranelagh, Dublin 6",2023,1 to 3 bed,All property types,1752.4,1897.9,-7.7
4,Beechwood,53.320822,-6.254653,2.08,9,No,"Ranelagh, Dublin 6",2023,1 to 3 bed,Semi detached house,2830.82,2023.71,39.9
4,Beechwood,53.320822,-6.254653,2.08,9,No,"Ranelagh, Dublin 6",2023,1 to 3 bed,Terrace house,2543.65,2017.72,26.1
4,Beechwood,53.320822,-6.254653,2.08,9,No,"Ranelagh, Dublin 6",2023,1 to 3 bed,Apartment,1833.91,1961.34,-6.5
4,Beechwood,53.320822,-6.254653,2.08,9,No,"Ranelagh, Dublin 6",2023,1 to 3 bed,Other flats,1281.0,1258.52,1.8
4,Beechwood,53.320822,-6.254653,2.08,9,No,"Ranelagh, Dublin 6",2023,Four plus bed,All property types,4035.26,2955.82,36.5
5,Cowper,53.316467,-6.253447,2.57,11,No,"Ranelagh, Dublin 6",2023,All bedrooms,All property types,1870.56,1964.81,-4.8
5,Cowper,53.316467,-6.253447,2.57,11,No,"Ranelagh, Dublin 6",2023,All bedrooms,Semi detached house,3083.8,2259.7,36.5
5,Cowper,53.316467,-6.253447,2.57,11,No,"Ranelagh, Dublin 6",2023,All bedrooms,Terrace house,2923.99,2168.7,34.8
5,Cowper,53.316467,-6.253447,2.57,11,No,"Ranelagh, Dublin 6",2023,All bedrooms,Apartment,1836.76,1966.82,-6.6
5,Cowper,53.316467,-6.253447,2.57,11,No,"Ranelagh, Dublin 6",2023,All bedrooms,Other flats,1288.61,1266.09,1.8
5,Cowper,53.316467,-6.253447,2.57,11,No,"Ranelagh, Dublin 6",2023,One bed,All property types,1403.93,1519.72,-7.6
5,Cowper,53.316467,-6.253447,2.57,11,No,"Ranelagh, Dublin 6",2023,One bed,Apartment,1611.77,1655.88,-2.7
5,Cowper,53.316467,-6.253447,2.57,11,No,"Ranelagh, Dublin 6",2023,One bed,Other flats,1218.36,1164.82,4.6
5,Cowper,53.316467,-6.253447,2.57,11,No,"Ranelagh, Dublin 6",2023,Two bed,All property types,2093.05,2030.59,3.1
5,Cowper,53.316467,-6.253447,2.57,11,No,"Ranelagh, Dublin 6",2023,Two bed,Terrace house,2344.88,1878.58,24.8
5,Cowper,53.316467,-6.253447,2.57,11,No,"Ranelagh, Dublin 6",2023,Two bed,Apartment,2092.63,2068.23,1.2
5,Cowper,53.316467,-6.253447,2.57,11,No,"Ranelagh, Dublin 6",2023,Two bed,Other flats,1653.08,1615.77,2.3
5,Cowper,53.316467,-6.253447,2.57,11,No,"Ranelagh, Dublin 6",2023,Three bed,All property types,2843.8,2271.25,25.2
5,Cowper,53.316467,-6.253447,2.57,11,No,"Ranelagh, Dublin 6",2023,Three bed,Terrace house,2836.85,2183.5,29.9
5,Cowper,53.316467,-6.253447,2.57,11,No,"Ranelagh, Dublin 6",2023,1 to 2 bed,All property types,1610.1,1814.38,-11.3
5,Cowper,53.316467,-6.253447,2.57,11,No,"Ranelagh, Dublin 6",2023,1 to 2 bed,Terrace house,2213.02,1833.29,20.7
5,Cowper,53.316467,-6.253447,2.57,11,No,"Ranelagh, Dublin 6",2023,1 to 2 bed,Apartment,1798.65,1910.88,-5.9
5,Cowper,53.316467,-6.253447,2.57,11,No,"Ranelagh, Dublin 6",2023,1 to 2 bed,Other flats,1259.12,1226.96,2.6
5,Cowper,53.316467,-6.253447,2.57,11,No,"Ranelagh, Dublin 6",2023,1 to 3 bed,All property types,1752.4,1897.9,-7.7
5,Cowper,53.316467,-6.253447,2.57,11,No,"Ranelagh, Dublin 6",2023,1 to 3 bed,Semi detached house,2830.82,2023.71,39.9
5,Cowper,53.316467,-6.253447,2.57,11,No,"Ranelagh, Dublin 6",2023,1 to 3 bed,Terrace house,2543.65,2017.72,26.1
5,Cowper,53.316467,-6.253447,2.57,11,No,"Ranelagh, Dublin 6",2023,1 to 3 bed,Apartment,1833.91,1961.34,-6.5
5,Cowper,53.316467,-6.253447,2.57,11,No,"Ranelagh, Dublin 6",2023,1 to 3 bed,Other flats,1281.0,1258.52,1.8
5,Cowper,53.316467,-6.253447,2.57,11,No,"Ranelagh, Dublin 6",2023,Four plus bed,All property types,4035.26,2955.82,36.5
6,Milltown,53.309917,-6.251728,3.3,13,No,"Milltown, Dublin 6",2023,All bedrooms,All property types,2181.4,1964.81,11.0
6,Milltown,53.309917,-6.251728,3.3,13,No,"Milltown, Dublin 6",2023,All bedrooms,Terrace house,2239.33,2168.7,3.3
6,Milltown,53.309917,-6.251728,3.3,13,No,"Milltown, Dublin 6",2023,All bedrooms,Apartment,2131.86,1966.82,8.4
6,Milltown,53.309917,-6.251728,3.3,13,No,"Milltown, Dublin 6",2023,One bed,All property types,1742.9,1519.72,14.7
6,Milltown,53.309917,-6.251728,3.3,13,No,"Milltown, Dublin 6",2023,One bed,Apartment,1773.38,1655.88,7.1
6,Milltown,53.309917,-6.251728,3.3,13,No,"Milltown, Dublin 6",2023,Two bed,All property types,2210.14,2030.59,8.8
6,Milltown,53.309917,-6.251728,3.3,13,No,"Milltown, Dublin 6",2023,Two bed,Apartment,2219.34,2068.23,7.3
6,Milltown,53.309917,-6.251728,3.3,13,No,"Milltown, Dublin 6",2023,Three bed,All property types,2493.3,2271.25,9.8
6,Milltown,53.309917,-6.251728,3.3,13,No,"Milltown, Dublin 6",2023,1 to 2 bed,All property types,2069.81,1814.38,14.1
6,Milltown,53.309917,-6.251728,3.3,13,No,"Milltown, Dublin 6",2023,1 to 2 bed,Apartment,2076.36,1910.88,8.7
6,Milltown,53.309917,-6.251728,3.3,13,No,"Milltown, Dublin 6",2023,1 to 3 bed,All property types,2135.71,1897.9,12.5
6,Milltown,53.309917,-6.251728,3.3,13,No,"Milltown, Dublin 6",2023,1 to 3 bed,Terrace house,2185.89,2017.72,8.3
6,Milltown,53.309917,-6.251728,3.3,13,No,"Milltown, Dublin 6",2023,1 to 3 bed,Apartment,2130.59,1961.34,8.6
7,Windy Arbour,53.301558,-6.250708,4.23,15,No,"Churchtown, Dublin 14",2023,All bedrooms,All property types,2420.58,1964.81,23.2
7,Windy Arbour,53.301558,-6.250708,4.23,15,No,"Churchtown, Dublin 14",2023,All bedrooms,Semi detached house,2552.84,2259.7,13.0
7,Windy Arbour,53.301558,-6.250708,4.23,15,No,"Churchtown, Dublin 14",2023,All bedrooms,Terrace house,2608.95,2168.7,20.3
7,Windy Arbour,53.301558,-6.250708,4.23,15,No,"Churchtown, Dublin 14",2023,All bedrooms,Apartment,2349.14,1966.82,19.4
7,Windy Arbour,53.301558,-6.250708,4.23,15,No,"Churchtown, Dublin 14",2023,One bed,All property types,1866.9,1519.72,22.8
7,Windy Arbour,53.301558,-6.250708,4.23,15,No,"Churchtown, Dublin 14",2023,One bed,Apartment,1905.44,1655.88,15.1
7,Windy Arbour,53.301558,-6.250708,4.23,15,No,"Churchtown, Dublin 14",2023,Two bed,All property types,2339.35,2030.59,15.2
7,Windy Arbour,53.301558,-6.250708,4.23,15,No,"Churchtown, Dublin 14",2023,Two bed,Apartment,2400.38,2068.23,16.1
7,Windy Arbour,53.301558,-6.250708,4.23,15,No,"Churchtown, Dublin 14",2023,Three bed,All property types,2592.65,2271.25,14.2
7,Windy Arbour,53.301558,-6.250708,4.23,15,No,"Churchtown, Dublin 14",2023,1 to 2 bed,All property types,2233.5,1814.38,23.1
7,Windy Arbour,53.301558,-6.250708,4.23,15,No,"Churchtown, Dublin 14",2023,1 to 2 bed,Apartment,2280.48,1910.88,19.3
7,Windy Arbour,53.301558,-6.250708,4.23,15,No,"Churchtown, Dublin 14",2023,1 to 3 bed,All property types,2324.39,1897.9,22.5
7,Windy Arbour,53.301558,-6.250708,4.23,15,No,"Churchtown, Dublin 14",2023,1 to 3 bed,Terrace house,2309.57,2017.72,14.5
7,Windy Arbour,53.301558,-6.250708,4.23,15,No,"Churchtown, Dublin 14",2023,1 to 3 bed,Apartment,2349.14,1961.34,19.8
7,Windy Arbour,53.301558,-6.250708,4.23,15,No,"Churchtown, Dublin 14",2023,Four plus bed,All property types,3093.94,2955.82,4.7
8,Dundrum,53.292358,-6.245117,5.3,17,No,"Dundrum, Dublin 16",2023,All bedrooms,All property types,2168.85,1964.81,10.4
8,Dundrum,53.292358,-6.245117,5.3,17,No,"Dundrum, Dublin 16",2023,All bedrooms,Semi detached house,2513.21,2259.7,11.2
8,Dundrum,53.292358,-6.245117,5.3,17,No,"Dundrum, Dublin 16",2023,All bedrooms,Terrace house,2193.05,2168.7,1.1
8,Dundrum,53.292358,-6.245117,5.3,17,No,"Dundrum, Dublin 16",2023,All bedrooms,Apartment,2116.5,1966.82,7.6
8,Dundrum,53.292358,-6.245117,5.3,17,No,"Dundrum, Dublin 16",2023,One bed,All property types,1807.08,1519.72,18.9
8,Dundrum,53.292358,-6.245117,5.3,17,No,"Dundrum, Dublin 16",2023,One bed,Apartment,1819.76,1655.88,9.9
8,Dundrum,53.292358,-6.245117,5.3,17,No,"Dundrum, Dublin 16",2023,Two bed,All property types,2127.64,2030.59,4.8
8,Dundrum,53.292358,-6.245117,5.3,17,No,"Dundrum, Dublin 16",2023,Two bed,Apartment,2141.64,2068.23,3.5
8,Dundrum,53.292358,-6.245117,5.3,17,No,"Dundrum, Dublin 16",2023,Three bed,All property types,2542.14,2271.25,11.9
8,Dundrum,53.292358,-6.245117,5.3,17,No,"Dundrum, Dublin 16",2023,Three bed,Semi detached house,2343.85,2089.79,12.2
8,Dundrum,53.292358,-6.245117,5.3,17,No,"Dundrum, Dublin 16",2023,Three bed,Apartment,2666.39,2528.02,5.5
8,Dundrum,53.292358,-6.245117,5.3,17,No,"Dundrum, Dublin 16",2023,1 to 2 bed,All property types,2037.86,1814.38,12.3
8,Dundrum,53.292358,-6.245117,5.3,17,No,"Dundrum, Dublin 16",2023,1 to 2 bed,Apartment,2049.11,1910.88,7.2
8,Dundrum,53.292358,-6.245117,5.3,17,No,"Dundrum, Dublin 16",2023,1 to 3 bed,All property types,2120.68,1897.9,11.7
8,Dundrum,53.292358,-6.245117,5.3,17,No,"Dundrum, Dublin 16",2023,1 to 3 bed,Semi detached house,2266.98,2023.71,12.0
8,Dundrum,53.292358,-6.245117,5.3,17,No,"Dundrum, Dublin 16",2023,1 to 3 bed,Terrace house,2076.25,2017.72,2.9
8,Dundrum,53.292358,-6.245117,5.3,17,No,"Dundrum, Dublin 16",2023,1 to 3 bed,Apartment,2114.14,1961.34,7.8
8,Dundrum,53.292358,-6.245117,5.3,17,No,"Dundrum, Dublin 16",2023,Four plus bed,All property types,3104.84,2955.82,5.0
9,Balally,53.286106,-6.236772,6.11,19,Yes,"Dundrum, Dublin 16",2023,All bedrooms,All property types,2168.85,1964.81,10.4
9,Balally,53.286106,-6.236772,6.11,19,Yes,"Dundrum, Dublin 16",2023,All bedrooms,Semi detached house,2513.21,2259.7,11.2
9,Balally,53.286106,-6.236772,6.11,19,Yes,"Dundrum, Dublin 16",2023,All bedrooms,Terrace house,2193.05,2168.7,1.1
9,Balally,53.286106,-6.236772,6.11,19,Yes,"Dundrum, Dublin 16",2023,All bedrooms,Apartment,2116.5,1966.82,7.6
9,Balally,53.286106,-6.236772,6.11,19,Yes,"Dundrum, Dublin 16",2023,One bed,All property types,1807.08,1519.72,18.9
9,Balally,53.286106,-6.236772,6.11,19,Yes,"Dundrum, Dublin 16",2023,One bed,Apartment,1819.76,1655.88,9.9
9,Balally,53.286106,-6.236772,6.11,19,Yes,"Dundrum, Dublin 16",2023,Two bed,All property types,2127.64,2030.59,4.8
9,Balally,53.286106,-6.236772,6.11,19,Yes,"Dundrum, Dublin 16",2023,Two bed,Apartment,2141.64,2068.23,3.5
9,Balally,53.286106,-6.236772,6.11,19,Yes,"Dundrum, Dublin 16",2023,Three bed,All property types,2542.14,2271.25,11.9
9,Balally,53.286106,-6.236772,6.11,19,Yes,"Dundrum, Dublin 16",2023,Three bed,Semi detached house,2343.85,2089.79,12.2
9,Balally,53.286106,-6.236772,6.11,19,Yes,"Dundrum, Dublin 16",2023,Three bed,Apartment,2666.39,2528.02,5.5
9,Balally,53.286106,-6.236772,6.11,19,Yes,"Dundrum, Dublin 16",2023,1 to 2 bed,All property types,2037.86,1814.38,12.3
9,Balally,53.286106,-6.236772,6.11,19,Yes,"Dundrum, Dublin 16",2023,1 to 2 bed,Apartment,2049.11,1910.88,7.2
9,Balally,53.286106,-6.236772,6.11,19,Yes,"Dundrum, Dublin 16",2023,1 to 3 bed,All property types,2120.68,1897.9,11.7
9,Balally,53.286106,-6.236772,6.11,19,Yes,"Dundrum, Dublin 16",2023,1 to 3 bed,Semi detached house,2266.98,2023.71,12.0
9,Balally,53.286106,-6.236772,6.11,19,Yes,"Dundrum, Dublin 16",2023,1 to 3 bed,Terrace house,2076.25,2017.72,2.9
9,Balally,53.286106,-6.236772,6.11,19,Yes,"Dundrum, Dublin 16",2023,1 to 3 bed,Apartment,2114.14,1961.34,7.8
9,Balally,53.286106,-6.236772,6.11,19,Yes,"Dundrum, Dublin 16",2023,Four plus bed,All property types,3104.84,2955.82,5.0
10,Kilmacud,53.283008,-6.223886,6.71,21,No,"Stillorgan, Dublin",2023,All bedrooms,All property types,2217.07,1964.81,12.8
10,Kilmacud,53.283008,-6.223886,6.71,21,No,"Stillorgan, Dublin",2023,All bedrooms,Semi detached house,2822.92,2259.7,24.9
10,Kilmacud,53.283008,-6.223886,6.71,21,No,"Stillorgan, Dublin",2023,All bedrooms,Terrace house,2628.72,2168.7,21.2
10,Kilmacud,53.283008,-6.223886,6.71,21,No,"Stillorgan, Dublin",2023,All bedrooms,Apartment,2109.49,1966.82,7.3
10,Kilmacud,53.283008,-6.223886,6.71,21,No,"Stillorgan, Dublin",2023,One bed,All property types,1825.7,1519.72,20.1
10,Kilmacud,53.283008,-6.223886,6.71,21,No,"Stillorgan, Dublin",2023,One bed,Apartment,1845.08,1655.88,11.4
10,Kilmacud,53.283008,-6.223886,6.71,21,No,"Stillorgan, Dublin",2023,Two bed,All property types,2205.21,2030.59,8.6
10,Kilmacud,53.283008,-6.223886,6.71,21,No,"Stillorgan, Dublin",2023,Two bed,Apartment,2211.11,2068.23,6.9
10,Kilmacud,53.283008,-6.223886,6.71,21,No,"Stillorgan, Dublin",2023,Three bed,All property types,2444.66,2271.25,7.6
10,Kilmacud,53.283008,-6.223886,6.71,21,No,"Stillorgan, Dublin",2023,Three bed,Semi detached house,2329.61,2089.79,11.5
10,Kilmacud,53.283008,-6.223886,6.71,21,No,"Stillorgan, Dublin",2023,Three bed,Apartment,2440.9,2528.02,-3.4
10,Kilmacud,53.283008,-6.223886,6.71,21,No,"Stillorgan, Dublin",2023,1 to 2 bed,All property types,2070.69,1814.38,14.1
10,Kilmacud,53.283008,-6.223886,6.71,21,No,"Stillorgan, Dublin",2023,1 to 2 bed,Apartment,2083.31,1910.88,9.0
10,Kilmacud,53.283008,-6.223886,6.71,21,No,"Stillorgan, Dublin",2023,1 to 3 bed,All property types,2122.99,1897.9,11.9
10,Kilmacud,53.283008,-6.223886,6.71,21,No,"Stillorgan, Dublin",2023,1 to 3 bed,Semi detached house,2235.4,2023.71,10.5
10,Kilmacud,53.283008,-6.223886,6.71,21,No,"Stillorgan, Dublin",2023,1 to 3 bed,Apartment,2107.07,1961.34,7.4
10,Kilmacud,53.283008,-6.223886,6.71,21,No,"Stillorgan, Dublin",2023,Four plus bed,All property types,3251.98,2955.82,10.0
10,Kilmacud,53.283008,-6.223886,6.71,21,No,"Stillorgan, Dublin",2023,Four plus bed,Semi detached house,3410.44,2819.19,21.0
11,Stillorgan,53.279311,-6.209919,7.47,22,Yes,"Stillorgan, Dublin",2023,All bedrooms,All property types,2217.07,1964.81,12.8
11,Stillorgan,53.279311,-6.209919,7.47,22,Yes,"Stillorgan, Dublin",2023,All bedrooms,Semi detached house,2822.92,2259.7,24.9
11,Stillorgan,53.279311,-6.209919,7.47,22,Yes,"Stillorgan, Dublin",2023,All bedrooms,Terrace house,2628.72,2168.7,21.2
11,Stillorgan,53.279311,-6.209919,7.47,22,Yes,"Stillorgan, Dublin",2023,All bedrooms,Apartment,2109.49,1966.82,7.3
11,Stillorgan,53.279311,-6.209919,7.47,22,Yes,"Stillorgan, Dublin",2023,One bed,All property types,1825.7,1519.72,20.1
11,Stillorgan,53.279311,-6.209919,7.47,22,Yes,"Stillorgan, Dublin",2023,One bed,Apartment,1845.08,1655.88,11.4
11,Stillorgan,53.279311,-6.209919,7.47,22,Yes,"Stillorgan, Dublin",2023,Two bed,All property types,2205.21,2030.59,8.6
11,Stillorgan,53.279311,-6.209919,7.47,22,Yes,"Stillorgan, Dublin",2023,Two bed,Apartment,2211.11,2068.23,6.9
11,Stillorgan,53.279311,-6.209919,7.47,22,Yes,"Stillorgan, Dublin",2023,Three bed,All property types,2444.66,2271.25,7.6
11,Stillorgan,53.279311,-6.209919,7.47,22,Yes,"Stillorgan, Dublin",2023,Three bed,Semi detached house,2329.61,2089.79,11.5
11,Stillorgan,53.279311,-6.209919,7.47,22,Yes,"Stillorgan, Dublin",2023,Three bed,Apartment,2440.9,2528.02,-3.4
11,Stillorgan,53.279311,-6.209919,7.47,22,Yes,"Stillorgan, Dublin",2023,1 to 2 bed,All property types,2070.69,1814.38,14.1
11,Stillorgan,53.279311,-6.209919,7.47,22,Yes,"Stillorgan, Dublin",2023,1 to 2 bed,Apartment,2083.31,1910.88,9.0
11,Stillorgan,53.279311,-6.209919,7.47,22,Yes,"Stillorgan, Dublin",2023,1 to 3 bed,All property types,2122.99,1897.9,11.9
11,Stillorgan,53.279311,-6.209919,7.47,22,Yes,"Stillorgan, Dublin",2023,1 to 3 bed,Semi detached house,2235.4,2023.71,10.5
11,Stillorgan,53.279311,-6.209919,7.47,22,Yes,"Stillorgan, Dublin",2023,1 to 3 bed,Apartment,2107.07,1961.34,7.4
11,Stillorgan,53.279311,-6.209919,7.47,22,Yes,"Stillorgan, Dublin",2023,Four plus bed,All property types,3251.98,2955.82,10.0
11,Stillorgan,53.279311,-6.209919,7.47,22,Yes,"Stillorgan, Dublin",2023,Four plus bed,Semi detached house,3410.44,2819.19,21.0
12,Sandyford,53.277603,-6.204678,7.8,24,Yes,"Sandyford, Dublin 18",2023,All bedrooms,All property types,2113.54,1964.81,7.6
12,Sandyford,53.277603,-6.204678,7.8,24,Yes,"Sandyford, Dublin 18",2023,All bedrooms,Semi detached house,2361.93,2259.7,4.5
12,Sandyford,53.277603,-6.204678,7.8,24,Yes,"Sandyford, Dublin 18",2023,All bedrooms,Apartment,2094.92,1966.82,6.5
12,Sandyford,53.277603,-6.204678,7.8,24,Yes,"Sandyford, Dublin 18",2023,One bed,All property types,1873.43,1519.72,23.3
12,Sandyford,53.277603,-6.204678,7.8,24,Yes,"Sandyford, Dublin 18",2023,One bed,Apartment,1894.93,1655.88,14.4
12,Sandyford,53.277603,-6.204678,7.8,24,Yes,"Sandyford, Dublin 18",2023,Two bed,All property types,2143.33,2030.59,5.6
12,Sandyford,53.277603,-6.204678,7.8,24,Yes,"Sandyford, Dublin 18",2023,Two bed,Apartment,2144.98,2068.23,3.7
12,Sandyford,53.277603,-6.204678,7.8,24,Yes,"Sandyford, Dublin 18",2023,Three bed,All property types,2414.65,2271.25,6.3
12,Sandyford,53.277603,-6.204678,7.8,24,Yes,"Sandyford, Dublin 18",2023,Three bed,Apartment,2551.08,2528.02,0.9
12,Sandyford,53.277603,-6.204678,7.8,24,Yes,"Sandyford, Dublin 18",2023,1 to 2 bed,All property types,2048.41,1814.38,12.9
12,Sandyford,53.277603,-6.204678,7.8,24,Yes,"Sandyford, Dublin 18",2023,1 to 2 bed,Apartment,2058.23,1910.88,7.7
12,Sandyford,53.277603,-6.204678,7.8,24,Yes,"Sandyford, Dublin 18",2023,1 to 3 bed,All property types,2094.14,1897.9,10.3
12,Sandyford,53.277603,-6.204678,7.8,24,Yes,"Sandyford, Dublin 18",2023,1 to 3 bed,Apartment,2094.35,1961.34,6.8
13,Central Park,53.27015,-6.203764,8.57,26,No,"Leopardstown, Dublin 18",2023,All bedrooms,All property types,2113.04,1964.81,7.5
13,Central Park,53.27015,-6.203764,8.57,26,No,"Leopardstown, Dublin 18",2023,All bedrooms,Semi detached house,2605.68,2259.7,15.3
13,Central Park,53.27015,-6.203764,8.57,26,No,"Leopardstown, Dublin 18",2023,All bedrooms,Apartment,2029.36,1966.82,3.2
13,Central Park,53.27015,-6.203764,8.57,26,No,"Leopardstown, Dublin 18",2023,One bed,All property types,1771.77,1519.72,16.6
13,Central Park,53.27015,-6.203764,8.57,26,No,"Leopardstown, Dublin 18",2023,One bed,Apartment,1771.53,1655.88,7.0
13,Central Park,53.27015,-6.203764,8.57,26,No,"Leopardstown, Dublin 18",2023,Two bed,All property types,2037.51,2030.59,0.3
13,Central Park,53.27015,-6.203764,8.57,26,No,"Leopardstown, Dublin 18",2023,Two bed,Apartment,2034.25,2068.23,-1.6
13,Central Park,53.27015,-6.203764,8.57,26,No,"Leopardstown, Dublin 18",2023,Three bed,All property types,2533.32,2271.25,11.5
13,Central Park,53.27015,-6.203764,8.57,26,No,"Leopardstown, Dublin 18",2023,Three bed,Semi detached house,2463.18,2089.79,17.9
13,Central Park,53.27015,-6.203764,8.57,26,No,"Leopardstown, Dublin 18",2023,Three bed,Apartment,2612.42,2528.02,3.3
13,Central Park,53.27015,-6.203764,8.57,26,No,"Leopardstown, Dublin 18",2023,1 to 2 bed,All property types,1971.83,1814.38,8.7
13,Central Park,53.27015,-6.203764,8.57,26,No,"Leopardstown, Dublin 18",2023,1 to 2 bed,Apartment,1969.32,1910.88,3.1
13,Central Park,53.27015,-6.203764,8.57,26,No,"Leopardstown, Dublin 18",2023,1 to 3 bed,All property types,2072.21,1897.9,9.2
13,Central Park,53.27015,-6.203764,8.57,26,No,"Leopardstown, Dublin 18",2023,1 to 3 bed,Semi detached house,2455.76,2023.71,21.3
13,Central Park,53.27015,-6.203764,8.57,26,No,"Leopardstown, Dublin 18",2023,1 to 3 bed,Apartment,2029.36,1961.34,3.5
14,Glencairn,53.266336,-6.209942,8.78,28,No,"Leopardstown, Dublin 18",2023,All bedrooms,All property types,2113.04,1964.81,7.5
14,Glencairn,53.266336,-6.209942,8.78,28,No,"Leopardstown, Dublin 18",2023,All bedrooms,Semi detached house,2605.68,2259.7,15.3
14,Glencairn,53.266336,-6.209942,8.78,28,No,"Leopardstown, Dublin 18",2023,All bedrooms,Apartment,2029.36,1966.82,3.2
14,Glencairn,53.266336,-6.209942,8.78,28,No,"Leopardstown, Dublin 18",2023,One bed,All property types,1771.77,1519.72,16.6
14,Glencairn,53.266336,-6.209942,8.78,28,No,"Leopardstown, Dublin 18",2023,One bed,Apartment,1771.53,1655.88,7.0
14,Glencairn,53.266336,-6.209942,8.78,28,No,"Leopardstown, Dublin 18",2023,Two bed,All property types,2037.51,2030.59,0.3
14,Glencairn,53.266336,-6.209942,8.78,28,No,"Leopardstown, Dublin 18",2023,Two bed,Apartment,2034.25,2068.23,-1.6
14,Glencairn,53.266336,-6.209942,8.78,28,No,"Leopardstown, Dublin 18",2023,Three bed,All property types,2533.32,2271.25,11.5
14,Glencairn,53.266336,-6.209942,8.78,28,No,"Leopardstown, Dublin 18",2023,Three bed,Semi detached house,2463.18,2089.79,17.9
14,Glencairn,53.266336,-6.209942,8.78,28,No,"Leopardstown, Dublin 18",2023,Three bed,Apartment,2612.42,2528.02,3.3
14,Glencairn,53.266336,-6.209942,8.78,28,No,"Leopardstown, Dublin 18",2023,1 to 2 bed,All property types,1971.83,1814.38,8.7
14,Glencairn,53.266336,-6.209942,8.78,28,No,"Leopardstown, Dublin 18",2023,1 to 2 bed,Apartment,1969.32,1910.88,3.1
14,Glencairn,53.266336,-6.209942,8.78,28,No,"Leopardstown, Dublin 18",2023,1 to 3 bed,All property types,2072.21,1897.9,9.2
14,Glencairn,53.266336,-6.209942,8.78,28,No,"Leopardstown, Dublin 18",2023,1 to 3 bed,Semi detached house,2455.76,2023.71,21.3
14,Glencairn,53.266336,-6.209942,8.78,28,No,"Leopardstown, Dublin 18",2023,1 to 3 bed,Apartment,2029.36,1961.34,3.5
15,The Gallops,53.261164,-6.206022,9.41,29,No,"Leopardstown, Dublin 18",2023,All bedrooms,All property types,2113.04,1964.81,7.5
15,The Gallops,53.261164,-6.206022,9.41,29,No,"Leopardstown, Dublin 18",2023,All bedrooms,Semi detached house,2605.68,2259.7,15.3
15,The Gallops,53.261164,-6.206022,9.41,29,No,"Leopardstown, Dublin 18",2023,All bedrooms,Apartment,2029.36,1966.82,3.2
15,The Gallops,53.261164,-6.206022,9.41,29,No,"Leopardstown, Dublin 18",2023,One bed,All property types,1771.77,1519.72,16.6
15,The Gallops,53.261164,-6.206022,9.41,29,No,"Leopardstown, Dublin 18",2023,One bed,Apartment,1771.53,1655.88,7.0
15,The Gallops,53.261164,-6.206022,9.41,29,No,"Leopardstown, Dublin 18",2023,Two bed,All property types,2037.51,2030.59,0.3
15,The Gallops,53.261164,-6.206022,9.41,29,No,"Leopardstown, Dublin 18",2023,Two bed,Apartment,2034.25,2068.23,-1.6
15,The Gallops,53.261164,-6.206022,9.41,29,No,"Leopardstown, Dublin 18",2023,Three bed,All property types,2533.32,2271.25,11.5
15,The Gallops,53.261164,-6.206022,9.41,29,No,"Leopardstown, Dublin 18",2023,Three bed,Semi detached house,2463.18,2089.79,17.9
15,The Gallops,53.261164,-6.206022,9.41,29,No,"Leopardstown, Dublin 18",2023,Three bed,Apartment,2612.42,2528.02,3.3
15,The Gallops,53.261164,-6.206022,9.41,29,No,"Leopardstown, Dublin 18",2023,1 to 2 bed,All property types,1971.83,1814.38,8.7
15,The Gallops,53.261164,-6.206022,9.41,29,No,"Leopardstown, Dublin 18",2023,1 to 2 bed,Apartment,1969.32,1910.88,3.1
15,The Gallops,53.261164,-6.206022,9.41,29,No,"Leopardstown, Dublin 18",2023,1 to 3 bed,All property types,2072.21,1897.9,9.2
15,The Gallops,53.261164,-6.206022,9.41,29,No,"Leopardstown, Dublin 18",2023,1 to 3 bed,Semi detached house,2455.76,2023.71,21.3
15,The Gallops,53.261164,-6.206022,9.41,29,No,"Leopardstown, Dublin 18",2023,1 to 3 bed,Apartment,2029.36,1961.34,3.5
16,Leopardstown Valley,53.258247,-6.198361,9.91,31,No,"Leopardstown, Dublin 18",2023,All bedrooms,All property types,2113.04,1964.81,7.5
16,Leopardstown Valley,53.258247,-6.198361,9.91,31,No,"Leopardstown, Dublin 18",2023,All bedrooms,Semi detached house,2605.68,2259.7,15.3
16,Leopardstown Valley,53.258247,-6.198361,9.91,31,No,"Leopardstown, Dublin 18",2023,All bedrooms,Apartment,2029.36,1966.82,3.2
16,Leopardstown Valley,53.258247,-6.198361,9.91,31,No,"Leopardstown, Dublin 18",2023,One bed,All property types,1771.77,1519.72,16.6
16,Leopardstown Valley,53.258247,-6.198361,9.91,31,No,"Leopardstown, Dublin 18",2023,One bed,Apartment,1771.53,1655.88,7.0
16,Leopardstown Valley,53.258247,-6.198361,9.91,31,No,"Leopardstown, Dublin 18",2023,Two bed,All property types,2037.51,2030.59,0.3
16,Leopardstown Valley,53.258247,-6.198361,9.91,31,No,"Leopardstown, Dublin 18",2023,Two bed,Apartment,2034.25,2068.23,-1.6
16,Leopardstown Valley,53.258247,-6.198361,9.91,31,No,"Leopardstown, Dublin 18",2023,Three bed,All property types,2533.32,2271.25,11.5
16,Leopardstown Valley,53.258247,-6.198361,9.91,31,No,"Leopardstown, Dublin 18",2023,Three bed,Semi detached house,2463.18,2089.79,17.9
16,Leopardstown Valley,53.258247,-6.198361,9.91,31,No,"Leopardstown, Dublin 18",2023,Three bed,Apartment,2612.42,2528.02,3.3
16,Leopardstown Valley,53.258247,-6.198361,9.91,31,No,"Leopardstown, Dublin 18",2023,1 to 2 bed,All property types,1971.83,1814.38,8.7
16,Leopardstown Valley,53.258247,-6.198361,9.91,31,No,"Leopardstown, Dublin 18",2023,1 to 2 bed,Apartment,1969.32,1910.88,3.1
16,Leopardstown Valley,53.258247,-6.198361,9.91,31,No,"Leopardstown, Dublin 18",2023,1 to 3 bed,All property types,2072.21,1897.9,9.2
16,Leopardstown Valley,53.258247,-6.198361,9.91,31,No,"Leopardstown, Dublin 18",2023,1 to 3 bed,Semi detached house,2455.76,2023.71,21.3
16,Leopardstown Valley,53.258247,-6.198361,9.91,31,No,"Leopardstown, Dublin 18",2023,1 to 3 bed,Apartment,2029.36,1961.34,3.5
17,Ballyogan Wood,53.255047,-6.184475,10.65,33,No,"Carrickmines, Dublin 18",2023,All bedrooms,All property types,2058.86,1964.81,4.8
17,Ballyogan Wood,53.255047,-6.184475,10.65,33,No,"Carrickmines, Dublin 18",2023,All bedrooms,Apartment,1901.66,1966.82,-3.3
17,Ballyogan Wood,53.255047,-6.184475,10.65,33,No,"Carrickmines, Dublin 18",2023,Two bed,All property types,2017.26,2030.59,-0.7
17,Ballyogan Wood,53.255047,-6.184475,10.65,33,No,"Carrickmines, Dublin 18",2023,Two bed,Apartment,2017.26,2068.23,-2.5
17,Ballyogan Wood,53.255047,-6.184475,10.65,33,No,"Carrickmines, Dublin 18",2023,1 to 2 bed,All property types,1885.62,1814.38,3.9
17,Ballyogan Wood,53.255047,-6.184475,10.65,33,No,"Carrickmines, Dublin 18",2023,1 to 2 bed,Apartment,1885.62,1910.88,-1.3
17,Ballyogan Wood,53.255047,-6.184475,10.65,33,No,"Carrickmines, Dublin 18",2023,1 to 3 bed,All property types,1971.18,1897.9,3.9
17,Ballyogan Wood,53.255047,-6.184475,10.65,33,No,"Carrickmines, Dublin 18",2023,1 to 3 bed,Apartment,1901.66,1961.34,-3.0
18,Racecourse,53.255367,-6.175161,10.93,34,No,"Leopardstown, Dublin 18",2023,All bedrooms,All property types,2113.04,1964.81,7.5
18,Racecourse,53.255367,-6.175161,10.93,34,No,"Leopardstown, Dublin 18",2023,All bedrooms,Semi detached house,2605.68,2259.7,15.3
18,Racecourse,53.255367,-6.175161,10.93,34,No,"Leopardstown, Dublin 18",2023,All bedrooms,Apartment,2029.36,1966.82,3.2
18,Racecourse,53.255367,-6.175161,10.93,34,No,"Leopardstown, Dublin 18",2023,One bed,All property types,1771.77,1519.72,16.6
18,Racecourse,53.255367,-6.175161,10.93,34,No,"Leopardstown, Dublin 18",2023,One bed,Apartment,1771.53,1655.88,7.0
18,Racecourse,53.255367,-6.175161,10.93,34,No,"Leopardstown, Dublin 18",2023,Two bed,All property types,2037.51,2030.59,0.3
18,Racecourse,53.255367,-6.175161,10.93,34,No,"Leopardstown, Dublin 18",2023,Two bed,Apartment,2034.25,2068.23,-1.6
18,Racecourse,53.255367,-6.175161,10.93,34,No,"Leopardstown, Dublin 18",2023,Three bed,All property types,2533.32,2271.25,11.5
18,Racecourse,53.255367,-6.175161,10.93,34,No,"Leopardstown, Dublin 18",2023,Three bed,Semi detached house,2463.18,2089.79,17.9
18,Racecourse,53.255367,-6.175161,10.93,34,No,"Leopardstown, Dublin 18",2023,Three bed,Apartment,2612.42,2528.02,3.3
18,Racecourse,53.255367,-6.175161,10.93,34,No,"Leopardstown, Dublin 18",2023,1 to 2 bed,All property types,1971.83,1814.38,8.7
18,Racecourse,53.255367,-6.175161,10.93,34,No,"Leopardstown, Dublin 18",2023,1 to 2 bed,Apartment,1969.32,1910.88,3.1
18,Racecourse,53.255367,-6.175161,10.93,34,No,"Leopardstown, Dublin 18",2023,1 to 3 bed,All property types,2072.21,1897.9,9.2
18,Racecourse,53.255367,-6.175161,10.93,34,No,"Leopardstown, Dublin 18",2023,1 to 3 bed,Semi detached house,2455.76,2023.71,21.3
18,Racecourse,53.255367,-6.175161,10.93,34,No,"Leopardstown, Dublin 18",2023,1 to 3 bed,Apartment,2029.36,1961.34,3.5
19,Carrickmines,53.254033,-6.169908,11.24,36,Yes,"Carrickmines, Dublin 18",2023,All bedrooms,All property types,2058.86,1964.81,4.8
19,Carrickmines,53.254033,-6.169908,11.24,36,Yes,"Carrickmines, Dublin 18",2023,All bedrooms,Apartment,1901.66,1966.82,-3.3
19,Carrickmines,53.254033,-6.169908,11.24,36,Yes,"Carrickmines, Dublin 18",2023,Two bed,All property types,2017.26,2030.59,-0.7
19,Carrickmines,53.254033,-6.169908,11.24,36,Yes,"Carrickmines, Dublin 18",2023,Two bed,Apartment,2017.26,2068.23,-2.5
19,Carrickmines,53.254033,-6.169908,11.24,36,Yes,"Carrickmines, Dublin 18",2023,1 to 2 bed,All property types,1885.62,1814.38,3.9
19,Carrickmines,53.254033,-6.169908,11.24,36,Yes,"Carrickmines, Dublin 18",2023,1 to 2 bed,Apartment,1885.62,1910.88,-1.3
19,Carrickmines,53.254033,-6.169908,11.24,36,Yes,"Carrickmines, Dublin 18",2023,1 to 3 bed,All property types,1971.18,1897.9,3.9
19,Carrickmines,53.254033,-6.169908,11.24,36,Yes,"Carrickmines, Dublin 18",2023,1 to 3 bed,Apartment,1901.66,1961.34,-3.0
20,Brennanstown,53.252619,-6.161597,11.68,37,No,"Cabinteely, Dublin 18",2023,All bedrooms,All property types,2019.18,1964.81,2.8
20,Brennanstown,53.252619,-6.161597,11.68,37,No,"Cabinteely, Dublin 18",2023,All bedrooms,Apartment,1870.74,1966.82,-4.9
20,Brennanstown,53.252619,-6.161597,11.68,37,No,"Cabinteely, Dublin 18",2023,Two bed,All property types,1788.56,2030.59,-11.9
20,Brennanstown,53.252619,-6.161597,11.68,37,No,"Cabinteely, Dublin 18",2023,Two bed,Apartment,1801.73,2068.23,-12.9
20,Brennanstown,53.252619,-6.161597,11.68,37,No,"Cabinteely, Dublin 18",2023,Three bed,All property types,2228.86,2271.25,-1.9
20,Brennanstown,53.252619,-6.161597,11.68,37,No,"Cabinteely, Dublin 18",2023,1 to 2 bed,All property types,1756.02,1814.38,-3.2
20,Brennanstown,53.252619,-6.161597,11.68,37,No,"Cabinteely, Dublin 18",2023,1 to 2 bed,Apartment,1763.47,1910.88,-7.7
20,Brennanstown,53.252619,-6.161597,11.68,37,No,"Cabinteely, Dublin 18",2023,1 to 3 bed,All property types,1902.0,1897.9,0.2
20,Brennanstown,53.252619,-6.161597,11.68,37,No,"Cabinteely, Dublin 18",2023,1 to 3 bed,Apartment,1864.1,1961.34,-5.0
21,Laughanstown,53.250606,-6.155006,12.11,39,No,"Cabinteely, Dublin 18",2023,All bedrooms,All property types,2019.18,1964.81,2.8
21,Laughanstown,53.250606,-6.155006,12.11,39,No,"Cabinteely, Dublin 18",2023,All bedrooms,Apartment,1870.74,1966.82,-4.9
21,Laughanstown,53.250606,-6.155006,12.11,39,No,"Cabinteely, Dublin 18",2023,Two bed,All property types,1788.56,2030.59,-11.9
21,Laughanstown,53.250606,-6.155006,12.11,39,No,"Cabinteely, Dublin 18",2023,Two bed,Apartment,1801.73,2068.23,-12.9
21,Laughanstown,53.250606,-6.155006,12.11,39,No,"Cabinteely, Dublin 18",2023,Three bed,All property types,2228.86,2271.25,-1.9
21,Laughanstown,53.250606,-6.155006,12.11,39,No,"Cabinteely, Dublin 18",2023,1 to 2 bed,All property types,1756.02,1814.38,-3.2
21,Laughanstown,53.250606,-6.155006,12.11,39,No,"Cabinteely, Dublin 18",2023,1 to 2 bed,Apartment,1763.47,1910.88,-7.7
21,Laughanstown,53.250606,-6.155006,12.11,39,No,"Cabinteely, Dublin 18",2023,1 to 3 bed,All property types,1902.0,1897.9,0.2
21,Laughanstown,53.250606,-6.155006,12.11,39,No,"Cabinteely, Dublin 18",2023,1 to 3 bed,Apartment,1864.1,1961.34,-5.0
22,Cherrywood,53.245333,-6.145853,12.94,41,No,"Cabinteely, Dublin 18",2023,All bedrooms,All property types,2019.18,1964.81,2.8
22,Cherrywood,53.245333,-6.145853,12.94,41,No,"Cabinteely, Dublin 18",2023,All bedrooms,Apartment,1870.74,1966.82,-4.9
22,Cherrywood,53.245333,-6.145853,12.94,41,No,"Cabinteely, Dublin 18",2023,Two bed,All property types,1788.56,2030.59,-11.9
22,Cherrywood,53.245333,-6.145853,12.94,41,No,"Cabinteely, Dublin 18",2023,Two bed,Apartment,1801.73,2068.23,-12.9
22,Cherrywood,53.245333,-6.145853,12.94,41,No,"Cabinteely, Dublin 18",2023,Three bed,All property types,2228.86,2271.25,-1.9
22,Cherrywood,53.245333,-6.145853,12.94,41,No,"Cabinteely, Dublin 18",2023,1 to 2 bed,All property types,1756.02,1814.38,-3.2
22,Cherrywood,53.245333,-6.145853,12.94,41,No,"Cabinteely, Dublin 18",2023,1 to 2 bed,Apartment,1763.47,1910.88,-7.7
22,Cherrywood,53.245333,-6.145853,12.94,41,No,"Cabinteely, Dublin 18",2023,1 to 3 bed,All property types,1902.0,1897.9,0.2
22,Cherrywood,53.245333,-6.145853,12.94,41,No,"Cabinteely, Dublin 18",2023,1 to 3 bed,Apartment,1864.1,1961.34,-5.0
23,Brides Glen,53.242075,-6.142886,13.35,42,No,"Shankill, Dublin",2023,All bedrooms,All property types,1967.86,1964.81,0.2
23,Brides Glen,53.242075,-6.142886,13.35,42,No,"Shankill, Dublin",2023,All bedrooms,Apartment,1766.3,1966.82,-10.2
23,Brides Glen,53.242075,-6.142886,13.35,42,No,"Shankill, Dublin",2023,Two bed,All property types,1734.67,2030.59,-14.6
23,Brides Glen,53.242075,-6.142886,13.35,42,No,"Shankill, Dublin",2023,Two bed,Apartment,1769.45,2068.23,-14.4
23,Brides Glen,53.242075,-6.142886,13.35,42,No,"Shankill, Dublin",2023,Three bed,All property types,2096.66,2271.25,-7.7
23,Brides Glen,53.242075,-6.142886,13.35,42,No,"Shankill, Dublin",2023,1 to 2 bed,All property types,1683.95,1814.38,-7.2
23,Brides Glen,53.242075,-6.142886,13.35,42,No,"Shankill, Dublin",2023,1 to 2 bed,Apartment,1726.73,1910.88,-9.6
23,Brides Glen,53.242075,-6.142886,13.35,42,No,"Shankill, Dublin",2023,1 to 3 bed,All property types,1832.34,1897.9,-3.5
23,Brides Glen,53.242075,-6.142886,13.35,42,No,"Shankill, Dublin",2023,1 to 3 bed,Apartment,1752.34,1961.34,-10.7
0,St. Stephen's Green,53.339072,-6.261333,0.0,0,No,"Charlemont Street, Dublin 2",2024,All bedrooms,All property types,2235.96,2068.66,8.1
0,St. Stephen's Green,53.339072,-6.261333,0.0,0,No,"Charlemont Street, Dublin 2",2024,All bedrooms,Apartment,2235.96,2065.48,8.3
0,St. Stephen's Green,53.339072,-6.261333,0.0,0,No,"Charlemont Street, Dublin 2",2024,1 to 2 bed,All property types,2127.86,1922.48,10.7
0,St. Stephen's Green,53.339072,-6.261333,0.0,0,No,"Charlemont Street, Dublin 2",2024,1 to 2 bed,Apartment,2127.86,2015.24,5.6
0,St. Stephen's Green,53.339072,-6.261333,0.0,0,No,"Charlemont Street, Dublin 2",2024,1 to 3 bed,All property types,2235.96,2002.44,11.7
0,St. Stephen's Green,53.339072,-6.261333,0.0,0,No,"Charlemont Street, Dublin 2",2024,1 to 3 bed,Apartment,2235.96,2061.49,8.5
1,Harcourt,53.333358,-6.26265,0.64,2,No,"Charlemont Street, Dublin 2",2024,All bedrooms,All property types,2235.96,2068.66,8.1
1,Harcourt,53.333358,-6.26265,0.64,2,No,"Charlemont Street, Dublin 2",2024,All bedrooms,Apartment,2235.96,2065.48,8.3
1,Harcourt,53.333358,-6.26265,0.64,2,No,"Charlemont Street, Dublin 2",2024,1 to 2 bed,All property types,2127.86,1922.48,10.7
1,Harcourt,53.333358,-6.26265,0.64,2,No,"Charlemont Street, Dublin 2",2024,1 to 2 bed,Apartment,2127.86,2015.24,5.6
1,Harcourt,53.333358,-6.26265,0.64,2,No,"Charlemont Street, Dublin 2",2024,1 to 3 bed,All property types,2235.96,2002.44,11.7
1,Harcourt,53.333358,-6.26265,0.64,2,No,"Charlemont Street, Dublin 2",2024,1 to 3 bed,Apartment,2235.96,2061.49,8.5
2,Charlemont,53.330669,-6.258683,0.95,4,No,"Charlemont Street, Dublin 2",2024,All bedrooms,All property types,2235.96,2068.66,8.1
2,Charlemont,53.330669,-6.258683,0.95,4,No,"Charlemont Street, Dublin 2",2024,All bedrooms,Apartment,2235.96,2065.48,8.3
2,Charlemont,53.330669,-6.258683,0.95,4,No,"Charlemont Street, Dublin 2",2024,1 to 2 bed,All property types,2127.86,1922.48,10.7
2,Charlemont,53.330669,-6.258683,0.95,4,No,"Charlemont Street, Dublin 2",2024,1 to 2 bed,Apartment,2127.86,2015.24,5.6
2,Charlemont,53.330669,-6.258683,0.95,4,No,"Charlemont Street, Dublin 2",2024,1 to 3 bed,All property types,2235.96,2002.44,11.7
2,Charlemont,53.330669,-6.258683,0.95,4,No,"Charlemont Street, Dublin 2",2024,1 to 3 bed,Apartment,2235.96,2061.49,8.5
3,Ranelagh,53.326433,-6.256203,1.45,7,No,"Ranelagh, Dublin 6",2024,All bedrooms,All property types,2014.32,2068.66,-2.6
3,Ranelagh,53.326433,-6.256203,1.45,7,No,"Ranelagh, Dublin 6",2024,All bedrooms,Semi detached house,3612.13,2408.48,50.0
3,Ranelagh,53.326433,-6.256203,1.45,7,No,"Ranelagh, Dublin 6",2024,All bedrooms,Terrace house,3202.21,2311.2,38.6
3,Ranelagh,53.326433,-6.256203,1.45,7,No,"Ranelagh, Dublin 6",2024,All bedrooms,Apartment,1883.51,2065.48,-8.8
3,Ranelagh,53.326433,-6.256203,1.45,7,No,"Ranelagh, Dublin 6",2024,All bedrooms,Other flats,1368.78,1352.27,1.2
3,Ranelagh,53.326433,-6.256203,1.45,7,No,"Ranelagh, Dublin 6",2024,One bed,All property types,1458.28,1635.58,-10.8
3,Ranelagh,53.326433,-6.256203,1.45,7,No,"Ranelagh, Dublin 6",2024,One bed,Apartment,1637.88,1765.34,-7.2
3,Ranelagh,53.326433,-6.256203,1.45,7,No,"Ranelagh, Dublin 6",2024,One bed,Other flats,1278.17,1254.72,1.9
3,Ranelagh,53.326433,-6.256203,1.45,7,No,"Ranelagh, Dublin 6",2024,Two bed,All property types,2200.57,2147.33,2.5
3,Ranelagh,53.326433,-6.256203,1.45,7,No,"Ranelagh, Dublin 6",2024,Two bed,Terrace house,2580.09,1983.67,30.1
3,Ranelagh,53.326433,-6.256203,1.45,7,No,"Ranelagh, Dublin 6",2024,Two bed,Apartment,2161.7,2183.82,-1.0
3,Ranelagh,53.326433,-6.256203,1.45,7,No,"Ranelagh, Dublin 6",2024,Three bed,All property types,3056.1,2419.33,26.3
3,Ranelagh,53.326433,-6.256203,1.45,7,No,"Ranelagh, Dublin 6",2024,Three bed,Terrace house,2997.11,2347.06,27.7
3,Ranelagh,53.326433,-6.256203,1.45,7,No,"Ranelagh, Dublin 6",2024,1 to 2 bed,All property types,1685.69,1922.48,-12.3
3,Ranelagh,53.326433,-6.256203,1.45,7,No,"Ranelagh, Dublin 6",2024,1 to 2 bed,Terrace house,2402.74,1942.84,23.7
3,Ranelagh,53.326433,-6.256203,1.45,7,No,"Ranelagh, Dublin 6",2024,1 to 2 bed,Apartment,1838.17,2015.24,-8.8
3,Ranelagh,53.326433,-6.256203,1.45,7,No,"Ranelagh, Dublin 6",2024,1 to 2 bed,Other flats,1327.18,1316.61,0.8
3,Ranelagh,53.326433,-6.256203,1.45,7,No,"Ranelagh, Dublin 6",2024,1 to 3 bed,All property types,1853.2,2002.44,-7.5
3,Ranelagh,53.326433,-6.256203,1.45,7,No,"Ranelagh, Dublin 6",2024,1 to 3 bed,Semi detached house,3179.53,2146.53,48.1
3,Ranelagh,53.326433,-6.256203,1.45,7,No,"Ranelagh, Dublin 6",2024,1 to 3 bed,Terrace house,2716.62,2147.87,26.5
3,Ranelagh,53.326433,-6.256203,1.45,7,No,"Ranelagh, Dublin 6",2024,1 to 3 bed,Apartment,1879.63,2061.49,-8.8
3,Ranelagh,53.326433,-6.256203,1.45,7,No,"Ranelagh, Dublin 6",2024,1 to 3 bed,Other flats,1364.26,1344.48,1.5
3,Ranelagh,53.326433,-6.256203,1.45,7,No,"Ranelagh, Dublin 6",2024,Four plus bed,All property types,4675.83,3172.58,47.4
4,Beechwood,53.320822,-6.254653,2.08,9,No,"Ranelagh, Dublin 6",2024,All bedrooms,All property types,2014.32,2068.66,-2.6
4,Beechwood,53.320822,-6.254653,2.08,9,No,"Ranelagh, Dublin 6",2024,All bedrooms,Semi detached house,3612.13,2408.48,50.0
4,Beechwood,53.320822,-6.254653,2.08,9,No,"Ranelagh, Dublin 6",2024,All bedrooms,Terrace house,3202.21,2311.2,38.6
4,Beechwood,53.320822,-6.254653,2.08,9,No,"Ranelagh, Dublin 6",2024,All bedrooms,Apartment,1883.51,2065.48,-8.8
4,Beechwood,53.320822,-6.254653,2.08,9,No,"Ranelagh, Dublin 6",2024,All bedrooms,Other flats,1368.78,1352.27,1.2
4,Beechwood,53.320822,-6.254653,2.08,9,No,"Ranelagh, Dublin 6",2024,One bed,All property types,1458.28,1635.58,-10.8
4,Beechwood,53.320822,-6.254653,2.08,9,No,"Ranelagh, Dublin 6",2024,One bed,Apartment,1637.88,1765.34,-7.2
4,Beechwood,53.320822,-6.254653,2.08,9,No,"Ranelagh, Dublin 6",2024,One bed,Other flats,1278.17,1254.72,1.9
4,Beechwood,53.320822,-6.254653,2.08,9,No,"Ranelagh, Dublin 6",2024,Two bed,All property types,2200.57,2147.33,2.5
4,Beechwood,53.320822,-6.254653,2.08,9,No,"Ranelagh, Dublin 6",2024,Two bed,Terrace house,2580.09,1983.67,30.1
4,Beechwood,53.320822,-6.254653,2.08,9,No,"Ranelagh, Dublin 6",2024,Two bed,Apartment,2161.7,2183.82,-1.0
4,Beechwood,53.320822,-6.254653,2.08,9,No,"Ranelagh, Dublin 6",2024,Three bed,All property types,3056.1,2419.33,26.3
4,Beechwood,53.320822,-6.254653,2.08,9,No,"Ranelagh, Dublin 6",2024,Three bed,Terrace house,2997.11,2347.06,27.7
4,Beechwood,53.320822,-6.254653,2.08,9,No,"Ranelagh, Dublin 6",2024,1 to 2 bed,All property types,1685.69,1922.48,-12.3
4,Beechwood,53.320822,-6.254653,2.08,9,No,"Ranelagh, Dublin 6",2024,1 to 2 bed,Terrace house,2402.74,1942.84,23.7
4,Beechwood,53.320822,-6.254653,2.08,9,No,"Ranelagh, Dublin 6",2024,1 to 2 bed,Apartment,1838.17,2015.24,-8.8
4,Beechwood,53.320822,-6.254653,2.08,9,No,"Ranelagh, Dublin 6",2024,1 to 2 bed,Other flats,1327.18,1316.61,0.8
4,Beechwood,53.320822,-6.254653,2.08,9,No,"Ranelagh, Dublin 6",2024,1 to 3 bed,All property types,1853.2,2002.44,-7.5
4,Beechwood,53.320822,-6.254653,2.08,9,No,"Ranelagh, Dublin 6",2024,1 to 3 bed,Semi detached house,3179.53,2146.53,48.1
4,Beechwood,53.320822,-6.254653,2.08,9,No,"Ranelagh, Dublin 6",2024,1 to 3 bed,Terrace house,2716.62,2147.87,26.5
4,Beechwood,53.320822,-6.254653,2.08,9,No,"Ranelagh, Dublin 6",2024,1 to 3 bed,Apartment,1879.63,2061.49,-8.8
4,Beechwood,53.320822,-6.254653,2.08,9,No,"Ranelagh, Dublin 6",2024,1 to 3 bed,Other flats,1364.26,1344.48,1.5
4,Beechwood,53.320822,-6.254653,2.08,9,No,"Ranelagh, Dublin 6",2024,Four plus bed,All property types,4675.83,3172.58,47.4
5,Cowper,53.316467,-6.253447,2.57,11,No,"Ranelagh, Dublin 6",2024,All bedrooms,All property types,2014.32,2068.66,-2.6
5,Cowper,53.316467,-6.253447,2.57,11,No,"Ranelagh, Dublin 6",2024,All bedrooms,Semi detached house,3612.13,2408.48,50.0
5,Cowper,53.316467,-6.253447,2.57,11,No,"Ranelagh, Dublin 6",2024,All bedrooms,Terrace house,3202.21,2311.2,38.6
5,Cowper,53.316467,-6.253447,2.57,11,No,"Ranelagh, Dublin 6",2024,All bedrooms,Apartment,1883.51,2065.48,-8.8
5,Cowper,53.316467,-6.253447,2.57,11,No,"Ranelagh, Dublin 6",2024,All bedrooms,Other flats,1368.78,1352.27,1.2
5,Cowper,53.316467,-6.253447,2.57,11,No,"Ranelagh, Dublin 6",2024,One bed,All property types,1458.28,1635.58,-10.8
5,Cowper,53.316467,-6.253447,2.57,11,No,"Ranelagh, Dublin 6",2024,One bed,Apartment,1637.88,1765.34,-7.2
5,Cowper,53.316467,-6.253447,2.57,11,No,"Ranelagh, Dublin 6",2024,One bed,Other flats,1278.17,1254.72,1.9
5,Cowper,53.316467,-6.253447,2.57,11,No,"Ranelagh, Dublin 6",2024,Two bed,All property types,2200.57,2147.33,2.5
5,Cowper,53.316467,-6.253447,2.57,11,No,"Ranelagh, Dublin 6",2024,Two bed,Terrace house,2580.09,1983.67,30.1
5,Cowper,53.316467,-6.253447,2.57,11,No,"Ranelagh, Dublin 6",2024,Two bed,Apartment,2161.7,2183.82,-1.0
5,Cowper,53.316467,-6.253447,2.57,11,No,"Ranelagh, Dublin 6",2024,Three bed,All property types,3056.1,2419.33,26.3
5,Cowper,53.316467,-6.253447,2.57,11,No,"Ranelagh, Dublin 6",2024,Three bed,Terrace house,2997.11,2347.06,27.7
5,Cowper,53.316467,-6.253447,2.57,11,No,"Ranelagh, Dublin 6",2024,1 to 2 bed,All property types,1685.69,1922.48,-12.3
5,Cowper,53.316467,-6.253447,2.57,11,No,"Ranelagh, Dublin 6",2024,1 to 2 bed,Terrace house,2402.74,1942.84,23.7
5,Cowper,53.316467,-6.253447,2.57,11,No,"Ranelagh, Dublin 6",2024,1 to 2 bed,Apartment,1838.17,2015.24,-8.8
5,Cowper,53.316467,-6.253447,2.57,11,No,"Ranelagh, Dublin 6",2024,1 to 2 bed,Other flats,1327.18,1316.61,0.8
5,Cowper,53.316467,-6.253447,2.57,11,No,"Ranelagh, Dublin 6",2024,1 to 3 bed,All property types,1853.2,2002.44,-7.5
5,Cowper,53.316467,-6.253447,2.57,11,No,"Ranelagh, Dublin 6",2024,1 to 3 bed,Semi detached house,3179.53,2146.53,48.1
5,Cowper,53.316467,-6.253447,2.57,11,No,"Ranelagh, Dublin 6",2024,1 to 3 bed,Terrace house,2716.62,2147.87,26.5
5,Cowper,53.316467,-6.253447,2.57,11,No,"Ranelagh, Dublin 6",2024,1 to 3 bed,Apartment,1879.63,2061.49,-8.8
5,Cowper,53.316467,-6.253447,2.57,11,No,"Ranelagh, Dublin 6",2024,1 to 3 bed,Other flats,1364.26,1344.48,1.5
5,Cowper,53.316467,-6.253447,2.57,11,No,"Ranelagh, Dublin 6",2024,Four plus bed,All property types,4675.83,3172.58,47.4
6,Milltown,53.309917,-6.251728,3.3,13,No,"Milltown, Dublin 6",2024,All bedrooms,All property types,2254.03,2068.66,9.0
6,Milltown,53.309917,-6.251728,3.3,13,No,"Milltown, Dublin 6",2024,All bedrooms,Terrace house,2482.91,2311.2,7.4
6,Milltown,53.309917,-6.251728,3.3,13,No,"Milltown, Dublin 6",2024,All bedrooms,Apartment,2186.11,2065.48,5.8
6,Milltown,53.309917,-6.251728,3.3,13,No,"Milltown, Dublin 6",2024,One bed,All property types,1788.24,1635.58,9.3
6,Milltown,53.309917,-6.251728,3.3,13,No,"Milltown, Dublin 6",2024,One bed,Apartment,1800.21,1765.34,2.0
6,Milltown,53.309917,-6.251728,3.3,13,No,"Milltown, Dublin 6",2024,Two bed,All property types,2288.01,2147.33,6.6
6,Milltown,53.309917,-6.251728,3.3,13,No,"Milltown, Dublin 6",2024,Two bed,Apartment,2304.13,2183.82,5.5
6,Milltown,53.309917,-6.251728,3.3,13,No,"Milltown, Dublin 6",2024,Three bed,All property types,2695.59,2419.33,11.4
6,Milltown,53.309917,-6.251728,3.3,13,No,"Milltown, Dublin 6",2024,1 to 2 bed,All property types,2126.11,1922.48,10.6
6,Milltown,53.309917,-6.251728,3.3,13,No,"Milltown, Dublin 6",2024,1 to 2 bed,Apartment,2125.19,2015.24,5.5
6,Milltown,53.309917,-6.251728,3.3,13,No,"Milltown, Dublin 6",2024,1 to 3 bed,All property types,2212.81,2002.44,10.5
6,Milltown,53.309917,-6.251728,3.3,13,No,"Milltown, Dublin 6",2024,1 to 3 bed,Terrace house,2385.19,2147.87,11.0
6,Milltown,53.309917,-6.251728,3.3,13,No,"Milltown, Dublin 6",2024,1 to 3 bed,Apartment,2178.54,2061.49,5.7
7,Windy Arbour,53.301558,-6.250708,4.23,15,No,"Churchtown, Dublin 14",2024,All bedrooms,All property types,2474.65,2068.66,19.6
7,Windy Arbour,53.301558,-6.250708,4.23,15,No,"Churchtown, Dublin 14",2024,All bedrooms,Apartment,2398.44,2065.48,16.1
7,Windy Arbour,53.301558,-6.250708,4.23,15,No,"Churchtown, Dublin 14",2024,One bed,All property types,1947.42,1635.58,19.1
7,Windy Arbour,53.301558,-6.250708,4.23,15,No,"Churchtown, Dublin 14",2024,One bed,Apartment,1980.97,1765.34,12.2
7,Windy Arbour,53.301558,-6.250708,4.23,15,No,"Churchtown, Dublin 14",2024,Two bed,All property types,2485.58,2147.33,15.8
7,Windy Arbour,53.301558,-6.250708,4.23,15,No,"Churchtown, Dublin 14",2024,Two bed,Apartment,2499.7,2183.82,14.5
7,Windy Arbour,53.301558,-6.250708,4.23,15,No,"Churchtown, Dublin 14",2024,Three bed,All property types,2560.71,2419.33,5.8
7,Windy Arbour,53.301558,-6.250708,4.23,15,No,"Churchtown, Dublin 14",2024,1 to 2 bed,All property types,2341.56,1922.48,21.8
7,Windy Arbour,53.301558,-6.250708,4.23,15,No,"Churchtown, Dublin 14",2024,1 to 2 bed,Apartment,2359.29,2015.24,17.1
7,Windy Arbour,53.301558,-6.250708,4.23,15,No,"Churchtown, Dublin 14",2024,1 to 3 bed,All property types,2394.3,2002.44,19.6
7,Windy Arbour,53.301558,-6.250708,4.23,15,No,"Churchtown, Dublin 14",2024,1 to 3 bed,Apartment,2398.44,2061.49,16.3
8,Dundrum,53.292358,-6.245117,5.3,17,No,"Dundrum, Dublin 16",2024,All bedrooms,All property types,2275.69,2068.66,10.0
8,Dundrum,53.292358,-6.245117,5.3,17,No,"Dundrum, Dublin 16",2024,All bedrooms,Semi detached house,2718.63,2408.48,12.9
8,Dundrum,53.292358,-6.245117,5.3,17,No,"Dundrum, Dublin 16",2024,All bedrooms,Terrace house,2523.09,2311.2,9.2
8,Dundrum,53.292358,-6.245117,5.3,17,No,"Dundrum, Dublin 16",2024,All bedrooms,Apartment,2237.53,2065.48,8.3
8,Dundrum,53.292358,-6.245117,5.3,17,No,"Dundrum, Dublin 16",2024,One bed,All property types,1987.78,1635.58,21.5
8,Dundrum,53.292358,-6.245117,5.3,17,No,"Dundrum, Dublin 16",2024,One bed,Apartment,1991.13,1765.34,12.8
8,Dundrum,53.292358,-6.245117,5.3,17,No,"Dundrum, Dublin 16",2024,Two bed,All property types,2246.8,2147.33,4.6
8,Dundrum,53.292358,-6.245117,5.3,17,No,"Dundrum, Dublin 16",2024,Two bed,Apartment,2263.71,2183.82,3.7
8,Dundrum,53.292358,-6.245117,5.3,17,No,"Dundrum, Dublin 16",2024,Three bed,All property types,2759.78,2419.33,14.1
8,Dundrum,53.292358,-6.245117,5.3,17,No,"Dundrum, Dublin 16",2024,Three bed,Apartment,2850.42,2661.4,7.1
8,Dundrum,53.292358,-6.245117,5.3,17,No,"Dundrum, Dublin 16",2024,1 to 2 bed,All property types,2161.09,1922.48,12.4
8,Dundrum,53.292358,-6.245117,5.3,17,No,"Dundrum, Dublin 16",2024,1 to 2 bed,Apartment,2171.59,2015.24,7.8
8,Dundrum,53.292358,-6.245117,5.3,17,No,"Dundrum, Dublin 16",2024,1 to 3 bed,All property types,2243.65,2002.44,12.0
8,Dundrum,53.292358,-6.245117,5.3,17,No,"Dundrum, Dublin 16",2024,1 to 3 bed,Semi detached house,2384.25,2146.53,11.1
8,Dundrum,53.292358,-6.245117,5.3,17,No,"Dundrum, Dublin 16",2024,1 to 3 bed,Apartment,2237.53,2061.49,8.5
9,Balally,53.286106,-6.236772,6.11,19,Yes,"Dundrum, Dublin 16",2024,All bedrooms,All property types,2275.69,2068.66,10.0
9,Balally,53.286106,-6.236772,6.11,19,Yes,"Dundrum, Dublin 16",2024,All bedrooms,Semi detached house,2718.63,2408.48,12.9
9,Balally,53.286106,-6.236772,6.11,19,Yes,"Dundrum, Dublin 16",2024,All bedrooms,Terrace house,2523.09,2311.2,9.2
9,Balally,53.286106,-6.236772,6.11,19,Yes,"Dundrum, Dublin 16",2024,All bedrooms,Apartment,2237.53,2065.48,8.3
9,Balally,53.286106,-6.236772,6.11,19,Yes,"Dundrum, Dublin 16",2024,One bed,All property types,1987.78,1635.58,21.5
9,Balally,53.286106,-6.236772,6.11,19,Yes,"Dundrum, Dublin 16",2024,One bed,Apartment,1991.13,1765.34,12.8
9,Balally,53.286106,-6.236772,6.11,19,Yes,"Dundrum, Dublin 16",2024,Two bed,All property types,2246.8,2147.33,4.6
9,Balally,53.286106,-6.236772,6.11,19,Yes,"Dundrum, Dublin 16",2024,Two bed,Apartment,2263.71,2183.82,3.7
9,Balally,53.286106,-6.236772,6.11,19,Yes,"Dundrum, Dublin 16",2024,Three bed,All property types,2759.78,2419.33,14.1
9,Balally,53.286106,-6.236772,6.11,19,Yes,"Dundrum, Dublin 16",2024,Three bed,Apartment,2850.42,2661.4,7.1
9,Balally,53.286106,-6.236772,6.11,19,Yes,"Dundrum, Dublin 16",2024,1 to 2 bed,All property types,2161.09,1922.48,12.4
9,Balally,53.286106,-6.236772,6.11,19,Yes,"Dundrum, Dublin 16",2024,1 to 2 bed,Apartment,2171.59,2015.24,7.8
9,Balally,53.286106,-6.236772,6.11,19,Yes,"Dundrum, Dublin 16",2024,1 to 3 bed,All property types,2243.65,2002.44,12.0
9,Balally,53.286106,-6.236772,6.11,19,Yes,"Dundrum, Dublin 16",2024,1 to 3 bed,Semi detached house,2384.25,2146.53,11.1
9,Balally,53.286106,-6.236772,6.11,19,Yes,"Dundrum, Dublin 16",2024,1 to 3 bed,Apartment,2237.53,2061.49,8.5
10,Kilmacud,53.283008,-6.223886,6.71,21,No,"Stillorgan, Dublin",2024,All bedrooms,All property types,2327.9,2068.66,12.5
10,Kilmacud,53.283008,-6.223886,6.71,21,No,"Stillorgan, Dublin",2024,All bedrooms,Semi detached house,2920.73,2408.48,21.3
10,Kilmacud,53.283008,-6.223886,6.71,21,No,"Stillorgan, Dublin",2024,All bedrooms,Apartment,2242.23,2065.48,8.6
10,Kilmacud,53.283008,-6.223886,6.71,21,No,"Stillorgan, Dublin",2024,One bed,All property types,1990.5,1635.58,21.7
10,Kilmacud,53.283008,-6.223886,6.71,21,No,"Stillorgan, Dublin",2024,One bed,Apartment,2006.31,1765.34,13.7
10,Kilmacud,53.283008,-6.223886,6.71,21,No,"Stillorgan, Dublin",2024,Two bed,All property types,2345.26,2147.33,9.2
10,Kilmacud,53.283008,-6.223886,6.71,21,No,"Stillorgan, Dublin",2024,Two bed,Apartment,2356.3,2183.82,7.9
10,Kilmacud,53.283008,-6.223886,6.71,21,No,"Stillorgan, Dublin",2024,Three bed,All property types,2605.02,2419.33,7.7
10,Kilmacud,53.283008,-6.223886,6.71,21,No,"Stillorgan, Dublin",2024,Three bed,Apartment,2541.31,2661.4,-4.5
10,Kilmacud,53.283008,-6.223886,6.71,21,No,"Stillorgan, Dublin",2024,1 to 2 bed,All property types,2210.04,1922.48,15.0
10,Kilmacud,53.283008,-6.223886,6.71,21,No,"Stillorgan, Dublin",2024,1 to 2 bed,Apartment,2223.44,2015.24,10.3
10,Kilmacud,53.283008,-6.223886,6.71,21,No,"Stillorgan, Dublin",2024,1 to 3 bed,All property types,2248.08,2002.44,12.3
10,Kilmacud,53.283008,-6.223886,6.71,21,No,"Stillorgan, Dublin",2024,1 to 3 bed,Semi detached house,2285.63,2146.53,6.5
10,Kilmacud,53.283008,-6.223886,6.71,21,No,"Stillorgan, Dublin",2024,1 to 3 bed,Apartment,2239.68,2061.49,8.6
10,Kilmacud,53.283008,-6.223886,6.71,21,No,"Stillorgan, Dublin",2024,Four plus bed,All property types,3503.42,3172.58,10.4
10,Kilmacud,53.283008,-6.223886,6.71,21,No,"Stillorgan, Dublin",2024,Four plus bed,Semi detached house,3598.17,3009.53,19.6
11,Stillorgan,53.279311,-6.209919,7.47,22,Yes,"Stillorgan, Dublin",2024,All bedrooms,All property types,2327.9,2068.66,12.5
11,Stillorgan,53.279311,-6.209919,7.47,22,Yes,"Stillorgan, Dublin",2024,All bedrooms,Semi detached house,2920.73,2408.48,21.3
11,Stillorgan,53.279311,-6.209919,7.47,22,Yes,"Stillorgan, Dublin",2024,All bedrooms,Apartment,2242.23,2065.48,8.6
11,Stillorgan,53.279311,-6.209919,7.47,22,Yes,"Stillorgan, Dublin",2024,One bed,All property types,1990.5,1635.58,21.7
11,Stillorgan,53.279311,-6.209919,7.47,22,Yes,"Stillorgan, Dublin",2024,One bed,Apartment,2006.31,1765.34,13.7
11,Stillorgan,53.279311,-6.209919,7.47,22,Yes,"Stillorgan, Dublin",2024,Two bed,All property types,2345.26,2147.33,9.2
11,Stillorgan,53.279311,-6.209919,7.47,22,Yes,"Stillorgan, Dublin",2024,Two bed,Apartment,2356.3,2183.82,7.9
11,Stillorgan,53.279311,-6.209919,7.47,22,Yes,"Stillorgan, Dublin",2024,Three bed,All property types,2605.02,2419.33,7.7
11,Stillorgan,53.279311,-6.209919,7.47,22,Yes,"Stillorgan, Dublin",2024,Three bed,Apartment,2541.31,2661.4,-4.5
11,Stillorgan,53.279311,-6.209919,7.47,22,Yes,"Stillorgan, Dublin",2024,1 to 2 bed,All property types,2210.04,1922.48,15.0
11,Stillorgan,53.279311,-6.209919,7.47,22,Yes,"Stillorgan, Dublin",2024,1 to 2 bed,Apartment,2223.44,2015.24,10.3
11,Stillorgan,53.279311,-6.209919,7.47,22,Yes,"Stillorgan, Dublin",2024,1 to 3 bed,All property types,2248.08,2002.44,12.3
11,Stillorgan,53.279311,-6.209919,7.47,22,Yes,"Stillorgan, Dublin",2024,1 to 3 bed,Semi detached house,2285.63,2146.53,6.5
11,Stillorgan,53.279311,-6.209919,7.47,22,Yes,"Stillorgan, Dublin",2024,1 to 3 bed,Apartment,2239.68,2061.49,8.6
11,Stillorgan,53.279311,-6.209919,7.47,22,Yes,"Stillorgan, Dublin",2024,Four plus bed,All property types,3503.42,3172.58,10.4
11,Stillorgan,53.279311,-6.209919,7.47,22,Yes,"Stillorgan, Dublin",2024,Four plus bed,Semi detached house,3598.17,3009.53,19.6
12,Sandyford,53.277603,-6.204678,7.8,24,Yes,"Sandyford, Dublin 18",2024,All bedrooms,All property types,2273.13,2068.66,9.9
12,Sandyford,53.277603,-6.204678,7.8,24,Yes,"Sandyford, Dublin 18",2024,All bedrooms,Semi detached house,2609.57,2408.48,8.3
12,Sandyford,53.277603,-6.204678,7.8,24,Yes,"Sandyford, Dublin 18",2024,All bedrooms,Apartment,2259.48,2065.48,9.4
12,Sandyford,53.277603,-6.204678,7.8,24,Yes,"Sandyford, Dublin 18",2024,One bed,All property types,2020.01,1635.58,23.5
12,Sandyford,53.277603,-6.204678,7.8,24,Yes,"Sandyford, Dublin 18",2024,One bed,Apartment,2029.06,1765.34,14.9
12,Sandyford,53.277603,-6.204678,7.8,24,Yes,"Sandyford, Dublin 18",2024,Two bed,All property types,2337.5,2147.33,8.9
12,Sandyford,53.277603,-6.204678,7.8,24,Yes,"Sandyford, Dublin 18",2024,Two bed,Apartment,2338.43,2183.82,7.1
12,Sandyford,53.277603,-6.204678,7.8,24,Yes,"Sandyford, Dublin 18",2024,Three bed,All property types,2665.46,2419.33,10.2
12,Sandyford,53.277603,-6.204678,7.8,24,Yes,"Sandyford, Dublin 18",2024,Three bed,Apartment,2852.08,2661.4,7.2
12,Sandyford,53.277603,-6.204678,7.8,24,Yes,"Sandyford, Dublin 18",2024,1 to 2 bed,All property types,2218.29,1922.48,15.4
12,Sandyford,53.277603,-6.204678,7.8,24,Yes,"Sandyford, Dublin 18",2024,1 to 2 bed,Apartment,2222.99,2015.24,10.3
12,Sandyford,53.277603,-6.204678,7.8,24,Yes,"Sandyford, Dublin 18",2024,1 to 3 bed,All property types,2256.75,2002.44,12.7
12,Sandyford,53.277603,-6.204678,7.8,24,Yes,"Sandyford, Dublin 18",2024,1 to 3 bed,Apartment,2259.48,2061.49,9.6
13,Central Park,53.27015,-6.203764,8.57,26,No,"Leopardstown, Dublin 18",2024,All bedrooms,All property types,2152.09,2068.66,4.0
13,Central Park,53.27015,-6.203764,8.57,26,No,"Leopardstown, Dublin 18",2024,All bedrooms,Semi detached house,2529.6,2408.48,5.0
13,Central Park,53.27015,-6.203764,8.57,26,No,"Leopardstown, Dublin 18",2024,All bedrooms,Apartment,2094.57,2065.48,1.4
13,Central Park,53.27015,-6.203764,8.57,26,No,"Leopardstown, Dublin 18",2024,One bed,All property types,1801.16,1635.58,10.1
13,Central Park,53.27015,-6.203764,8.57,26,No,"Leopardstown, Dublin 18",2024,One bed,Apartment,1801.16,1765.34,2.0
13,Central Park,53.27015,-6.203764,8.57,26,No,"Leopardstown, Dublin 18",2024,Two bed,All property types,2102.93,2147.33,-2.1
13,Central Park,53.27015,-6.203764,8.57,26,No,"Leopardstown, Dublin 18",2024,Two bed,Apartment,2098.02,2183.82,-3.9
13,Central Park,53.27015,-6.203764,8.57,26,No,"Leopardstown, Dublin 18",2024,Three bed,All property types,2558.01,2419.33,5.7
13,Central Park,53.27015,-6.203764,8.57,26,No,"Leopardstown, Dublin 18",2024,Three bed,Semi detached house,2323.57,2225.17,4.4
13,Central Park,53.27015,-6.203764,8.57,26,No,"Leopardstown, Dublin 18",2024,Three bed,Apartment,2716.94,2661.4,2.1
13,Central Park,53.27015,-6.203764,8.57,26,No,"Leopardstown, Dublin 18",2024,1 to 2 bed,All property types,2015.9,1922.48,4.9
13,Central Park,53.27015,-6.203764,8.57,26,No,"Leopardstown, Dublin 18",2024,1 to 2 bed,Apartment,2011.47,2015.24,-0.2
13,Central Park,53.27015,-6.203764,8.57,26,No,"Leopardstown, Dublin 18",2024,1 to 3 bed,All property types,2119.83,2002.44,5.9
13,Central Park,53.27015,-6.203764,8.57,26,No,"Leopardstown, Dublin 18",2024,1 to 3 bed,Semi detached house,2339.51,2146.53,9.0
13,Central Park,53.27015,-6.203764,8.57,26,No,"Leopardstown, Dublin 18",2024,1 to 3 bed,Apartment,2094.57,2061.49,1.6
14,Glencairn,53.266336,-6.209942,8.78,28,No,"Leopardstown, Dublin 18",2024,All bedrooms,All property types,2152.09,2068.66,4.0
14,Glencairn,53.266336,-6.209942,8.78,28,No,"Leopardstown, Dublin 18",2024,All bedrooms,Semi detached house,2529.6,2408.48,5.0
14,Glencairn,53.266336,-6.209942,8.78,28,No,"Leopardstown, Dublin 18",2024,All bedrooms,Apartment,2094.57,2065.48,1.4
14,Glencairn,53.266336,-6.209942,8.78,28,No,"Leopardstown, Dublin 18",2024,One bed,All property types,1801.16,1635.58,10.1
14,Glencairn,53.266336,-6.209942,8.78,28,No,"Leopardstown, Dublin 18",2024,One bed,Apartment,1801.16,1765.34,2.0
14,Glencairn,53.266336,-6.209942,8.78,28,No,"Leopardstown, Dublin 18",2024,Two bed,All property types,2102.93,2147.33,-2.1
14,Glencairn,53.266336,-6.209942,8.78,28,No,"Leopardstown, Dublin 18",2024,Two bed,Apartment,2098.02,2183.82,-3.9
14,Glencairn,53.266336,-6.209942,8.78,28,No,"Leopardstown, Dublin 18",2024,Three bed,All property types,2558.01,2419.33,5.7
14,Glencairn,53.266336,-6.209942,8.78,28,No,"Leopardstown, Dublin 18",2024,Three bed,Semi detached house,2323.57,2225.17,4.4
14,Glencairn,53.266336,-6.209942,8.78,28,No,"Leopardstown, Dublin 18",2024,Three bed,Apartment,2716.94,2661.4,2.1
14,Glencairn,53.266336,-6.209942,8.78,28,No,"Leopardstown, Dublin 18",2024,1 to 2 bed,All property types,2015.9,1922.48,4.9
14,Glencairn,53.266336,-6.209942,8.78,28,No,"Leopardstown, Dublin 18",2024,1 to 2 bed,Apartment,2011.47,2015.24,-0.2
14,Glencairn,53.266336,-6.209942,8.78,28,No,"Leopardstown, Dublin 18",2024,1 to 3 bed,All property types,2119.83,2002.44,5.9
14,Glencairn,53.266336,-6.209942,8.78,28,No,"Leopardstown, Dublin 18",2024,1 to 3 bed,Semi detached house,2339.51,2146.53,9.0
14,Glencairn,53.266336,-6.209942,8.78,28,No,"Leopardstown, Dublin 18",2024,1 to 3 bed,Apartment,2094.57,2061.49,1.6
15,The Gallops,53.261164,-6.206022,9.41,29,No,"Leopardstown, Dublin 18",2024,All bedrooms,All property types,2152.09,2068.66,4.0
15,The Gallops,53.261164,-6.206022,9.41,29,No,"Leopardstown, Dublin 18",2024,All bedrooms,Semi detached house,2529.6,2408.48,5.0
15,The Gallops,53.261164,-6.206022,9.41,29,No,"Leopardstown, Dublin 18",2024,All bedrooms,Apartment,2094.57,2065.48,1.4
15,The Gallops,53.261164,-6.206022,9.41,29,No,"Leopardstown, Dublin 18",2024,One bed,All property types,1801.16,1635.58,10.1
15,The Gallops,53.261164,-6.206022,9.41,29,No,"Leopardstown, Dublin 18",2024,One bed,Apartment,1801.16,1765.34,2.0
15,The Gallops,53.261164,-6.206022,9.41,29,No,"Leopardstown, Dublin 18",2024,Two bed,All property types,2102.93,2147.33,-2.1
15,The Gallops,53.261164,-6.206022,9.41,29,No,"Leopardstown, Dublin 18",2024,Two bed,Apartment,2098.02,2183.82,-3.9
15,The Gallops,53.261164,-6.206022,9.41,29,No,"Leopardstown, Dublin 18",2024,Three bed,All property types,2558.01,2419.33,5.7
15,The Gallops,53.261164,-6.206022,9.41,29,No,"Leopardstown, Dublin 18",2024,Three bed,Semi detached house,2323.57,2225.17,4.4
15,The Gallops,53.261164,-6.206022,9.41,29,No,"Leopardstown, Dublin 18",2024,Three bed,Apartment,2716.94,2661.4,2.1
15,The Gallops,53.261164,-6.206022,9.41,29,No,"Leopardstown, Dublin 18",2024,1 to 2 bed,All property types,2015.9,1922.48,4.9
15,The Gallops,53.261164,-6.206022,9.41,29,No,"Leopardstown, Dublin 18",2024,1 to 2 bed,Apartment,2011.47,2015.24,-0.2
15,The Gallops,53.261164,-6.206022,9.41,29,No,"Leopardstown, Dublin 18",2024,1 to 3 bed,All property types,2119.83,2002.44,5.9
15,The Gallops,53.261164,-6.206022,9.41,29,No,"Leopardstown, Dublin 18",2024,1 to 3 bed,Semi detached house,2339.51,2146.53,9.0
15,The Gallops,53.261164,-6.206022,9.41,29,No,"Leopardstown, Dublin 18",2024,1 to 3 bed,Apartment,2094.57,2061.49,1.6
16,Leopardstown Valley,53.258247,-6.198361,9.91,31,No,"Leopardstown, Dublin 18",2024,All bedrooms,All property types,2152.09,2068.66,4.0
16,Leopardstown Valley,53.258247,-6.198361,9.91,31,No,"Leopardstown, Dublin 18",2024,All bedrooms,Semi detached house,2529.6,2408.48,5.0
16,Leopardstown Valley,53.258247,-6.198361,9.91,31,No,"Leopardstown, Dublin 18",2024,All bedrooms,Apartment,2094.57,2065.48,1.4
16,Leopardstown Valley,53.258247,-6.198361,9.91,31,No,"Leopardstown, Dublin 18",2024,One bed,All property types,1801.16,1635.58,10.1
16,Leopardstown Valley,53.258247,-6.198361,9.91,31,No,"Leopardstown, Dublin 18",2024,One bed,Apartment,1801.16,1765.34,2.0
16,Leopardstown Valley,53.258247,-6.198361,9.91,31,No,"Leopardstown, Dublin 18",2024,Two bed,All property types,2102.93,2147.33,-2.1
16,Leopardstown Valley,53.258247,-6.198361,9.91,31,No,"Leopardstown, Dublin 18",2024,Two bed,Apartment,2098.02,2183.82,-3.9
16,Leopardstown Valley,53.258247,-6.198361,9.91,31,No,"Leopardstown, Dublin 18",2024,Three bed,All property types,2558.01,2419.33,5.7
16,Leopardstown Valley,53.258247,-6.198361,9.91,31,No,"Leopardstown, Dublin 18",2024,Three bed,Semi detached house,2323.57,2225.17,4.4
16,Leopardstown Valley,53.258247,-6.198361,9.91,31,No,"Leopardstown, Dublin 18",2024,Three bed,Apartment,2716.94,2661.4,2.1
16,Leopardstown Valley,53.258247,-6.198361,9.91,31,No,"Leopardstown, Dublin 18",2024,1 to 2 bed,All property types,2015.9,1922.48,4.9
16,Leopardstown Valley,53.258247,-6.198361,9.91,31,No,"Leopardstown, Dublin 18",2024,1 to 2 bed,Apartment,2011.47,2015.24,-0.2
16,Leopardstown Valley,53.258247,-6.198361,9.91,31,No,"Leopardstown, Dublin 18",2024,1 to 3 bed,All property types,2119.83,2002.44,5.9
16,Leopardstown Valley,53.258247,-6.198361,9.91,31,No,"Leopardstown, Dublin 18",2024,1 to 3 bed,Semi detached house,2339.51,2146.53,9.0
16,Leopardstown Valley,53.258247,-6.198361,9.91,31,No,"Leopardstown, Dublin 18",2024,1 to 3 bed,Apartment,2094.57,2061.49,1.6
17,Ballyogan Wood,53.255047,-6.184475,10.65,33,No,"Carrickmines, Dublin 18",2024,All bedrooms,All property types,2329.83,2068.66,12.6
17,Ballyogan Wood,53.255047,-6.184475,10.65,33,No,"Carrickmines, Dublin 18",2024,All bedrooms,Apartment,1996.81,2065.48,-3.3
17,Ballyogan Wood,53.255047,-6.184475,10.65,33,No,"Carrickmines, Dublin 18",2024,Two bed,All property types,2070.76,2147.33,-3.6
17,Ballyogan Wood,53.255047,-6.184475,10.65,33,No,"Carrickmines, Dublin 18",2024,Two bed,Apartment,2070.76,2183.82,-5.2
17,Ballyogan Wood,53.255047,-6.184475,10.65,33,No,"Carrickmines, Dublin 18",2024,1 to 2 bed,All property types,1970.95,1922.48,2.5
17,Ballyogan Wood,53.255047,-6.184475,10.65,33,No,"Carrickmines, Dublin 18",2024,1 to 2 bed,Apartment,1965.3,2015.24,-2.5
17,Ballyogan Wood,53.255047,-6.184475,10.65,33,No,"Carrickmines, Dublin 18",2024,1 to 3 bed,All property types,2080.15,2002.44,3.9
17,Ballyogan Wood,53.255047,-6.184475,10.65,33,No,"Carrickmines, Dublin 18",2024,1 to 3 bed,Apartment,1986.51,2061.49,-3.6
18,Racecourse,53.255367,-6.175161,10.93,34,No,"Leopardstown, Dublin 18",2024,All bedrooms,All property types,2152.09,2068.66,4.0
18,Racecourse,53.255367,-6.175161,10.93,34,No,"Leopardstown, Dublin 18",2024,All bedrooms,Semi detached house,2529.6,2408.48,5.0
18,Racecourse,53.255367,-6.175161,10.93,34,No,"Leopardstown, Dublin 18",2024,All bedrooms,Apartment,2094.57,2065.48,1.4
18,Racecourse,53.255367,-6.175161,10.93,34,No,"Leopardstown, Dublin 18",2024,One bed,All property types,1801.16,1635.58,10.1
18,Racecourse,53.255367,-6.175161,10.93,34,No,"Leopardstown, Dublin 18",2024,One bed,Apartment,1801.16,1765.34,2.0
18,Racecourse,53.255367,-6.175161,10.93,34,No,"Leopardstown, Dublin 18",2024,Two bed,All property types,2102.93,2147.33,-2.1
18,Racecourse,53.255367,-6.175161,10.93,34,No,"Leopardstown, Dublin 18",2024,Two bed,Apartment,2098.02,2183.82,-3.9
18,Racecourse,53.255367,-6.175161,10.93,34,No,"Leopardstown, Dublin 18",2024,Three bed,All property types,2558.01,2419.33,5.7
18,Racecourse,53.255367,-6.175161,10.93,34,No,"Leopardstown, Dublin 18",2024,Three bed,Semi detached house,2323.57,2225.17,4.4
18,Racecourse,53.255367,-6.175161,10.93,34,No,"Leopardstown, Dublin 18",2024,Three bed,Apartment,2716.94,2661.4,2.1
18,Racecourse,53.255367,-6.175161,10.93,34,No,"Leopardstown, Dublin 18",2024,1 to 2 bed,All property types,2015.9,1922.48,4.9
18,Racecourse,53.255367,-6.175161,10.93,34,No,"Leopardstown, Dublin 18",2024,1 to 2 bed,Apartment,2011.47,2015.24,-0.2
18,Racecourse,53.255367,-6.175161,10.93,34,No,"Leopardstown, Dublin 18",2024,1 to 3 bed,All property types,2119.83,2002.44,5.9
18,Racecourse,53.255367,-6.175161,10.93,34,No,"Leopardstown, Dublin 18",2024,1 to 3 bed,Semi detached house,2339.51,2146.53,9.0
18,Racecourse,53.255367,-6.175161,10.93,34,No,"Leopardstown, Dublin 18",2024,1 to 3 bed,Apartment,2094.57,2061.49,1.6
19,Carrickmines,53.254033,-6.169908,11.24,36,Yes,"Carrickmines, Dublin 18",2024,All bedrooms,All property types,2329.83,2068.66,12.6
19,Carrickmines,53.254033,-6.169908,11.24,36,Yes,"Carrickmines, Dublin 18",2024,All bedrooms,Apartment,1996.81,2065.48,-3.3
19,Carrickmines,53.254033,-6.169908,11.24,36,Yes,"Carrickmines, Dublin 18",2024,Two bed,All property types,2070.76,2147.33,-3.6
19,Carrickmines,53.254033,-6.169908,11.24,36,Yes,"Carrickmines, Dublin 18",2024,Two bed,Apartment,2070.76,2183.82,-5.2
19,Carrickmines,53.254033,-6.169908,11.24,36,Yes,"Carrickmines, Dublin 18",2024,1 to 2 bed,All property types,1970.95,1922.48,2.5
19,Carrickmines,53.254033,-6.169908,11.24,36,Yes,"Carrickmines, Dublin 18",2024,1 to 2 bed,Apartment,1965.3,2015.24,-2.5
19,Carrickmines,53.254033,-6.169908,11.24,36,Yes,"Carrickmines, Dublin 18",2024,1 to 3 bed,All property types,2080.15,2002.44,3.9
19,Carrickmines,53.254033,-6.169908,11.24,36,Yes,"Carrickmines, Dublin 18",2024,1 to 3 bed,Apartment,1986.51,2061.49,-3.6
20,Brennanstown,53.252619,-6.161597,11.68,37,No,"Cabinteely, Dublin 18",2024,All bedrooms,All property types,2113.3,2068.66,2.2
20,Brennanstown,53.252619,-6.161597,11.68,37,No,"Cabinteely, Dublin 18",2024,All bedrooms,Apartment,2003.3,2065.48,-3.0
20,Brennanstown,53.252619,-6.161597,11.68,37,No,"Cabinteely, Dublin 18",2024,Two bed,All property types,1958.73,2147.33,-8.8
20,Brennanstown,53.252619,-6.161597,11.68,37,No,"Cabinteely, Dublin 18",2024,Two bed,Apartment,1968.24,2183.82,-9.9
20,Brennanstown,53.252619,-6.161597,11.68,37,No,"Cabinteely, Dublin 18",2024,Three bed,All property types,2424.87,2419.33,0.2
20,Brennanstown,53.252619,-6.161597,11.68,37,No,"Cabinteely, Dublin 18",2024,1 to 2 bed,All property types,1899.78,1922.48,-1.2
20,Brennanstown,53.252619,-6.161597,11.68,37,No,"Cabinteely, Dublin 18",2024,1 to 2 bed,Apartment,1906.47,2015.24,-5.4
20,Brennanstown,53.252619,-6.161597,11.68,37,No,"Cabinteely, Dublin 18",2024,1 to 3 bed,All property types,2010.32,2002.44,0.4
20,Brennanstown,53.252619,-6.161597,11.68,37,No,"Cabinteely, Dublin 18",2024,1 to 3 bed,Apartment,1974.81,2061.49,-4.2
21,Laughanstown,53.250606,-6.155006,12.11,39,No,"Cabinteely, Dublin 18",2024,All bedrooms,All property types,2113.3,2068.66,2.2
21,Laughanstown,53.250606,-6.155006,12.11,39,No,"Cabinteely, Dublin 18",2024,All bedrooms,Apartment,2003.3,2065.48,-3.0
21,Laughanstown,53.250606,-6.155006,12.11,39,No,"Cabinteely, Dublin 18",2024,Two bed,All property types,1958.73,2147.33,-8.8
21,Laughanstown,53.250606,-6.155006,12.11,39,No,"Cabinteely, Dublin 18",2024,Two bed,Apartment,1968.24,2183.82,-9.9
21,Laughanstown,53.250606,-6.155006,12.11,39,No,"Cabinteely, Dublin 18",2024,Three bed,All property types,2424.87,2419.33,0.2
21,Laughanstown,53.250606,-6.155006,12.11,39,No,"Cabinteely, Dublin 18",2024,1 to 2 bed,All property types,1899.78,1922.48,-1.2
21,Laughanstown,53.250606,-6.155006,12.11,39,No,"Cabinteely, Dublin 18",2024,1 to 2 bed,Apartment,1906.47,2015.24,-5.4
21,Laughanstown,53.250606,-6.155006,12.11,39,No,"Cabinteely, Dublin 18",2024,1 to 3 bed,All property types,2010.32,2002.44,0.4
21,Laughanstown,53.250606,-6.155006,12.11,39,No,"Cabinteely, Dublin 18",2024,1 to 3 bed,Apartment,1974.81,2061.49,-4.2
22,Cherrywood,53.245333,-6.145853,12.94,41,No,"Cabinteely, Dublin 18",2024,All bedrooms,All property types,2113.3,2068.66,2.2
22,Cherrywood,53.245333,-6.145853,12.94,41,No,"Cabinteely, Dublin 18",2024,All bedrooms,Apartment,2003.3,2065.48,-3.0
22,Cherrywood,53.245333,-6.145853,12.94,41,No,"Cabinteely, Dublin 18",2024,Two bed,All property types,1958.73,2147.33,-8.8
22,Cherrywood,53.245333,-6.145853,12.94,41,No,"Cabinteely, Dublin 18",2024,Two bed,Apartment,1968.24,2183.82,-9.9
22,Cherrywood,53.245333,-6.145853,12.94,41,No,"Cabinteely, Dublin 18",2024,Three bed,All property types,2424.87,2419.33,0.2
22,Cherrywood,53.245333,-6.145853,12.94,41,No,"Cabinteely, Dublin 18",2024,1 to 2 bed,All property types,1899.78,1922.48,-1.2
22,Cherrywood,53.245333,-6.145853,12.94,41,No,"Cabinteely, Dublin 18",2024,1 to 2 bed,Apartment,1906.47,2015.24,-5.4
22,Cherrywood,53.245333,-6.145853,12.94,41,No,"Cabinteely, Dublin 18",2024,1 to 3 bed,All property types,2010.32,2002.44,0.4
22,Cherrywood,53.245333,-6.145853,12.94,41,No,"Cabinteely, Dublin 18",2024,1 to 3 bed,Apartment,1974.81,2061.49,-4.2
23,Brides Glen,53.242075,-6.142886,13.35,42,No,"Shankill, Dublin",2024,All bedrooms,All property types,2044.01,2068.66,-1.2
23,Brides Glen,53.242075,-6.142886,13.35,42,No,"Shankill, Dublin",2024,All bedrooms,Semi detached house,2332.81,2408.48,-3.1
23,Brides Glen,53.242075,-6.142886,13.35,42,No,"Shankill, Dublin",2024,All bedrooms,Apartment,1865.78,2065.48,-9.7
23,Brides Glen,53.242075,-6.142886,13.35,42,No,"Shankill, Dublin",2024,Two bed,All property types,1863.12,2147.33,-13.2
23,Brides Glen,53.242075,-6.142886,13.35,42,No,"Shankill, Dublin",2024,Two bed,Apartment,1876.23,2183.82,-14.1
23,Brides Glen,53.242075,-6.142886,13.35,42,No,"Shankill, Dublin",2024,Three bed,All property types,2299.19,2419.33,-5.0
23,Brides Glen,53.242075,-6.142886,13.35,42,No,"Shankill, Dublin",2024,1 to 2 bed,All property types,1762.17,1922.48,-8.3
23,Brides Glen,53.242075,-6.142886,13.35,42,No,"Shankill, Dublin",2024,1 to 2 bed,Apartment,1835.86,2015.24,-8.9
23,Brides Glen,53.242075,-6.142886,13.35,42,No,"Shankill, Dublin",2024,1 to 3 bed,All property types,1960.36,2002.44,-2.1
23,Brides Glen,53.242075,-6.142886,13.35,42,No,"Shankill, Dublin",2024,1 to 3 bed,Apartment,1865.78,2061.49,-9.5
0,St. Stephen's Green,53.339072,-6.261333,0.0,0,No,"Charlemont Street, Dublin 2",2025,All bedrooms,All property types,2226.44,2158.8,3.1
0,St. Stephen's Green,53.339072,-6.261333,0.0,0,No,"Charlemont Street, Dublin 2",2025,All bedrooms,Apartment,2226.44,2151.19,3.5
0,St. Stephen's Green,53.339072,-6.261333,0.0,0,No,"Charlemont Street, Dublin 2",2025,1 to 2 bed,All property types,2118.72,2013.06,5.2
0,St. Stephen's Green,53.339072,-6.261333,0.0,0,No,"Charlemont Street, Dublin 2",2025,1 to 2 bed,Apartment,2118.72,2099.44,0.9
0,St. Stephen's Green,53.339072,-6.261333,0.0,0,No,"Charlemont Street, Dublin 2",2025,1 to 3 bed,All property types,2226.44,2094.44,6.3
0,St. Stephen's Green,53.339072,-6.261333,0.0,0,No,"Charlemont Street, Dublin 2",2025,1 to 3 bed,Apartment,2226.44,2147.36,3.7
1,Harcourt,53.333358,-6.26265,0.64,2,No,"Charlemont Street, Dublin 2",2025,All bedrooms,All property types,2226.44,2158.8,3.1
1,Harcourt,53.333358,-6.26265,0.64,2,No,"Charlemont Street, Dublin 2",2025,All bedrooms,Apartment,2226.44,2151.19,3.5
1,Harcourt,53.333358,-6.26265,0.64,2,No,"Charlemont Street, Dublin 2",2025,1 to 2 bed,All property types,2118.72,2013.06,5.2
1,Harcourt,53.333358,-6.26265,0.64,2,No,"Charlemont Street, Dublin 2",2025,1 to 2 bed,Apartment,2118.72,2099.44,0.9
1,Harcourt,53.333358,-6.26265,0.64,2,No,"Charlemont Street, Dublin 2",2025,1 to 3 bed,All property types,2226.44,2094.44,6.3
1,Harcourt,53.333358,-6.26265,0.64,2,No,"Charlemont Street, Dublin 2",2025,1 to 3 bed,Apartment,2226.44,2147.36,3.7
2,Charlemont,53.330669,-6.258683,0.95,4,No,"Charlemont Street, Dublin 2",2025,All bedrooms,All property types,2226.44,2158.8,3.1
2,Charlemont,53.330669,-6.258683,0.95,4,No,"Charlemont Street, Dublin 2",2025,All bedrooms,Apartment,2226.44,2151.19,3.5
2,Charlemont,53.330669,-6.258683,0.95,4,No,"Charlemont Street, Dublin 2",2025,1 to 2 bed,All property types,2118.72,2013.06,5.2
2,Charlemont,53.330669,-6.258683,0.95,4,No,"Charlemont Street, Dublin 2",2025,1 to 2 bed,Apartment,2118.72,2099.44,0.9
2,Charlemont,53.330669,-6.258683,0.95,4,No,"Charlemont Street, Dublin 2",2025,1 to 3 bed,All property types,2226.44,2094.44,6.3
2,Charlemont,53.330669,-6.258683,0.95,4,No,"Charlemont Street, Dublin 2",2025,1 to 3 bed,Apartment,2226.44,2147.36,3.7
3,Ranelagh,53.326433,-6.256203,1.45,7,No,"Ranelagh, Dublin 6",2025,All bedrooms,All property types,2092.65,2158.8,-3.1
3,Ranelagh,53.326433,-6.256203,1.45,7,No,"Ranelagh, Dublin 6",2025,All bedrooms,Semi detached house,3970.58,2568.85,54.6
3,Ranelagh,53.326433,-6.256203,1.45,7,No,"Ranelagh, Dublin 6",2025,All bedrooms,Terrace house,3320.6,2427.9,36.8
3,Ranelagh,53.326433,-6.256203,1.45,7,No,"Ranelagh, Dublin 6",2025,All bedrooms,Apartment,1955.52,2151.19,-9.1
3,Ranelagh,53.326433,-6.256203,1.45,7,No,"Ranelagh, Dublin 6",2025,All bedrooms,Other flats,1530.24,1427.67,7.2
3,Ranelagh,53.326433,-6.256203,1.45,7,No,"Ranelagh, Dublin 6",2025,One bed,All property types,1585.07,1735.93,-8.7
3,Ranelagh,53.326433,-6.256203,1.45,7,No,"Ranelagh, Dublin 6",2025,One bed,Apartment,1734.22,1859.0,-6.7
3,Ranelagh,53.326433,-6.256203,1.45,7,No,"Ranelagh, Dublin 6",2025,One bed,Other flats,1432.89,1325.59,8.1
3,Ranelagh,53.326433,-6.256203,1.45,7,No,"Ranelagh, Dublin 6",2025,Two bed,All property types,2288.28,2247.17,1.8
3,Ranelagh,53.326433,-6.256203,1.45,7,No,"Ranelagh, Dublin 6",2025,Two bed,Apartment,2252.51,2277.3,-1.1
3,Ranelagh,53.326433,-6.256203,1.45,7,No,"Ranelagh, Dublin 6",2025,Two bed,Other flats,1992.66,1870.17,6.5
3,Ranelagh,53.326433,-6.256203,1.45,7,No,"Ranelagh, Dublin 6",2025,Three bed,All property types,3286.61,2567.01,28.0
3,Ranelagh,53.326433,-6.256203,1.45,7,No,"Ranelagh, Dublin 6",2025,Three bed,Terrace house,3204.78,2474.27,29.5
3,Ranelagh,53.326433,-6.256203,1.45,7,No,"Ranelagh, Dublin 6",2025,1 to 2 bed,All property types,1783.61,2013.06,-11.4
3,Ranelagh,53.326433,-6.256203,1.45,7,No,"Ranelagh, Dublin 6",2025,1 to 2 bed,Terrace house,2513.79,2046.39,22.8
3,Ranelagh,53.326433,-6.256203,1.45,7,No,"Ranelagh, Dublin 6",2025,1 to 2 bed,Apartment,1910.09,2099.44,-9.0
3,Ranelagh,53.326433,-6.256203,1.45,7,No,"Ranelagh, Dublin 6",2025,1 to 2 bed,Other flats,1502.62,1392.65,7.9
3,Ranelagh,53.326433,-6.256203,1.45,7,No,"Ranelagh, Dublin 6",2025,1 to 3 bed,All property types,1955.75,2094.44,-6.6
3,Ranelagh,53.326433,-6.256203,1.45,7,No,"Ranelagh, Dublin 6",2025,1 to 3 bed,Terrace house,2911.11,2261.42,28.7
3,Ranelagh,53.326433,-6.256203,1.45,7,No,"Ranelagh, Dublin 6",2025,1 to 3 bed,Apartment,1943.09,2147.36,-9.5
3,Ranelagh,53.326433,-6.256203,1.45,7,No,"Ranelagh, Dublin 6",2025,1 to 3 bed,Other flats,1530.24,1419.59,7.8
3,Ranelagh,53.326433,-6.256203,1.45,7,No,"Ranelagh, Dublin 6",2025,Four plus bed,All property types,4803.93,3330.44,44.2
4,Beechwood,53.320822,-6.254653,2.08,9,No,"Ranelagh, Dublin 6",2025,All bedrooms,All property types,2092.65,2158.8,-3.1
4,Beechwood,53.320822,-6.254653,2.08,9,No,"Ranelagh, Dublin 6",2025,All bedrooms,Semi detached house,3970.58,2568.85,54.6
4,Beechwood,53.320822,-6.254653,2.08,9,No,"Ranelagh, Dublin 6",2025,All bedrooms,Terrace house,3320.6,2427.9,36.8
4,Beechwood,53.320822,-6.254653,2.08,9,No,"Ranelagh, Dublin 6",2025,All bedrooms,Apartment,1955.52,2151.19,-9.1
4,Beechwood,53.320822,-6.254653,2.08,9,No,"Ranelagh, Dublin 6",2025,All bedrooms,Other flats,1530.24,1427.67,7.2
4,Beechwood,53.320822,-6.254653,2.08,9,No,"Ranelagh, Dublin 6",2025,One bed,All property types,1585.07,1735.93,-8.7
4,Beechwood,53.320822,-6.254653,2.08,9,No,"Ranelagh, Dublin 6",2025,One bed,Apartment,1734.22,1859.0,-6.7
4,Beechwood,53.320822,-6.254653,2.08,9,No,"Ranelagh, Dublin 6",2025,One bed,Other flats,1432.89,1325.59,8.1
4,Beechwood,53.320822,-6.254653,2.08,9,No,"Ranelagh, Dublin 6",2025,Two bed,All property types,2288.28,2247.17,1.8
4,Beechwood,53.320822,-6.254653,2.08,9,No,"Ranelagh, Dublin 6",2025,Two bed,Apartment,2252.51,2277.3,-1.1
4,Beechwood,53.320822,-6.254653,2.08,9,No,"Ranelagh, Dublin 6",2025,Two bed,Other flats,1992.66,1870.17,6.5
4,Beechwood,53.320822,-6.254653,2.08,9,No,"Ranelagh, Dublin 6",2025,Three bed,All property types,3286.61,2567.01,28.0
4,Beechwood,53.320822,-6.254653,2.08,9,No,"Ranelagh, Dublin 6",2025,Three bed,Terrace house,3204.78,2474.27,29.5
4,Beechwood,53.320822,-6.254653,2.08,9,No,"Ranelagh, Dublin 6",2025,1 to 2 bed,All property types,1783.61,2013.06,-11.4
4,Beechwood,53.320822,-6.254653,2.08,9,No,"Ranelagh, Dublin 6",2025,1 to 2 bed,Terrace house,2513.79,2046.39,22.8
4,Beechwood,53.320822,-6.254653,2.08,9,No,"Ranelagh, Dublin 6",2025,1 to 2 bed,Apartment,1910.09,2099.44,-9.0
4,Beechwood,53.320822,-6.254653,2.08,9,No,"Ranelagh, Dublin 6",2025,1 to 2 bed,Other flats,1502.62,1392.65,7.9
4,Beechwood,53.320822,-6.254653,2.08,9,No,"Ranelagh, Dublin 6",2025,1 to 3 bed,All property types,1955.75,2094.44,-6.6
4,Beechwood,53.320822,-6.254653,2.08,9,No,"Ranelagh, Dublin 6",2025,1 to 3 bed,Terrace house,2911.11,2261.42,28.7
4,Beechwood,53.320822,-6.254653,2.08,9,No,"Ranelagh, Dublin 6",2025,1 to 3 bed,Apartment,1943.09,2147.36,-9.5
4,Beechwood,53.320822,-6.254653,2.08,9,No,"Ranelagh, Dublin 6",2025,1 to 3 bed,Other flats,1530.24,1419.59,7.8
4,Beechwood,53.320822,-6.254653,2.08,9,No,"Ranelagh, Dublin 6",2025,Four plus bed,All property types,4803.93,3330.44,44.2
5,Cowper,53.316467,-6.253447,2.57,11,No,"Ranelagh, Dublin 6",2025,All bedrooms,All property types,2092.65,2158.8,-3.1
5,Cowper,53.316467,-6.253447,2.57,11,No,"Ranelagh, Dublin 6",2025,All bedrooms,Semi detached house,3970.58,2568.85,54.6
5,Cowper,53.316467,-6.253447,2.57,11,No,"Ranelagh, Dublin 6",2025,All bedrooms,Terrace house,3320.6,2427.9,36.8
5,Cowper,53.316467,-6.253447,2.57,11,No,"Ranelagh, Dublin 6",2025,All bedrooms,Apartment,1955.52,2151.19,-9.1
5,Cowper,53.316467,-6.253447,2.57,11,No,"Ranelagh, Dublin 6",2025,All bedrooms,Other flats,1530.24,1427.67,7.2
5,Cowper,53.316467,-6.253447,2.57,11,No,"Ranelagh, Dublin 6",2025,One bed,All property types,1585.07,1735.93,-8.7
5,Cowper,53.316467,-6.253447,2.57,11,No,"Ranelagh, Dublin 6",2025,One bed,Apartment,1734.22,1859.0,-6.7
5,Cowper,53.316467,-6.253447,2.57,11,No,"Ranelagh, Dublin 6",2025,One bed,Other flats,1432.89,1325.59,8.1
5,Cowper,53.316467,-6.253447,2.57,11,No,"Ranelagh, Dublin 6",2025,Two bed,All property types,2288.28,2247.17,1.8
5,Cowper,53.316467,-6.253447,2.57,11,No,"Ranelagh, Dublin 6",2025,Two bed,Apartment,2252.51,2277.3,-1.1
5,Cowper,53.316467,-6.253447,2.57,11,No,"Ranelagh, Dublin 6",2025,Two bed,Other flats,1992.66,1870.17,6.5
5,Cowper,53.316467,-6.253447,2.57,11,No,"Ranelagh, Dublin 6",2025,Three bed,All property types,3286.61,2567.01,28.0
5,Cowper,53.316467,-6.253447,2.57,11,No,"Ranelagh, Dublin 6",2025,Three bed,Terrace house,3204.78,2474.27,29.5
5,Cowper,53.316467,-6.253447,2.57,11,No,"Ranelagh, Dublin 6",2025,1 to 2 bed,All property types,1783.61,2013.06,-11.4
5,Cowper,53.316467,-6.253447,2.57,11,No,"Ranelagh, Dublin 6",2025,1 to 2 bed,Terrace house,2513.79,2046.39,22.8
5,Cowper,53.316467,-6.253447,2.57,11,No,"Ranelagh, Dublin 6",2025,1 to 2 bed,Apartment,1910.09,2099.44,-9.0
5,Cowper,53.316467,-6.253447,2.57,11,No,"Ranelagh, Dublin 6",2025,1 to 2 bed,Other flats,1502.62,1392.65,7.9
5,Cowper,53.316467,-6.253447,2.57,11,No,"Ranelagh, Dublin 6",2025,1 to 3 bed,All property types,1955.75,2094.44,-6.6
5,Cowper,53.316467,-6.253447,2.57,11,No,"Ranelagh, Dublin 6",2025,1 to 3 bed,Terrace house,2911.11,2261.42,28.7
5,Cowper,53.316467,-6.253447,2.57,11,No,"Ranelagh, Dublin 6",2025,1 to 3 bed,Apartment,1943.09,2147.36,-9.5
5,Cowper,53.316467,-6.253447,2.57,11,No,"Ranelagh, Dublin 6",2025,1 to 3 bed,Other flats,1530.24,1419.59,7.8
5,Cowper,53.316467,-6.253447,2.57,11,No,"Ranelagh, Dublin 6",2025,Four plus bed,All property types,4803.93,3330.44,44.2
6,Milltown,53.309917,-6.251728,3.3,13,No,"Milltown, Dublin 6",2025,All bedrooms,All property types,2322.26,2158.8,7.6
6,Milltown,53.309917,-6.251728,3.3,13,No,"Milltown, Dublin 6",2025,All bedrooms,Terrace house,2635.72,2427.9,8.6
6,Milltown,53.309917,-6.251728,3.3,13,No,"Milltown, Dublin 6",2025,All bedrooms,Apartment,2221.48,2151.19,3.3
6,Milltown,53.309917,-6.251728,3.3,13,No,"Milltown, Dublin 6",2025,One bed,All property types,1848.6,1735.93,6.5
6,Milltown,53.309917,-6.251728,3.3,13,No,"Milltown, Dublin 6",2025,One bed,Apartment,1863.65,1859.0,0.3
6,Milltown,53.309917,-6.251728,3.3,13,No,"Milltown, Dublin 6",2025,Two bed,All property types,2369.95,2247.17,5.5
6,Milltown,53.309917,-6.251728,3.3,13,No,"Milltown, Dublin 6",2025,Two bed,Apartment,2392.46,2277.3,5.1
6,Milltown,53.309917,-6.251728,3.3,13,No,"Milltown, Dublin 6",2025,Three bed,All property types,2885.24,2567.01,12.4
6,Milltown,53.309917,-6.251728,3.3,13,No,"Milltown, Dublin 6",2025,1 to 2 bed,All property types,2179.16,2013.06,8.3
6,Milltown,53.309917,-6.251728,3.3,13,No,"Milltown, Dublin 6",2025,1 to 2 bed,Apartment,2181.96,2099.44,3.9
6,Milltown,53.309917,-6.251728,3.3,13,No,"Milltown, Dublin 6",2025,1 to 3 bed,All property types,2277.44,2094.44,8.7
6,Milltown,53.309917,-6.251728,3.3,13,No,"Milltown, Dublin 6",2025,1 to 3 bed,Terrace house,2549.53,2261.42,12.7
6,Milltown,53.309917,-6.251728,3.3,13,No,"Milltown, Dublin 6",2025,1 to 3 bed,Apartment,2221.48,2147.36,3.5
7,Windy Arbour,53.301558,-6.250708,4.23,15,No,"Churchtown, Dublin 14",2025,All bedrooms,All property types,2573.47,2158.8,19.2
7,Windy Arbour,53.301558,-6.250708,4.23,15,No,"Churchtown, Dublin 14",2025,All bedrooms,Apartment,2468.26,2151.19,14.7
7,Windy Arbour,53.301558,-6.250708,4.23,15,No,"Churchtown, Dublin 14",2025,One bed,All property types,2014.79,1735.93,16.1
7,Windy Arbour,53.301558,-6.250708,4.23,15,No,"Churchtown, Dublin 14",2025,One bed,Apartment,2027.36,1859.0,9.1
7,Windy Arbour,53.301558,-6.250708,4.23,15,No,"Churchtown, Dublin 14",2025,Two bed,All property types,2567.85,2247.17,14.3
7,Windy Arbour,53.301558,-6.250708,4.23,15,No,"Churchtown, Dublin 14",2025,Two bed,Apartment,2582.99,2277.3,13.4
7,Windy Arbour,53.301558,-6.250708,4.23,15,No,"Churchtown, Dublin 14",2025,Three bed,All property types,2725.84,2567.01,6.2
7,Windy Arbour,53.301558,-6.250708,4.23,15,No,"Churchtown, Dublin 14",2025,1 to 2 bed,All property types,2412.45,2013.06,19.8
7,Windy Arbour,53.301558,-6.250708,4.23,15,No,"Churchtown, Dublin 14",2025,1 to 2 bed,Apartment,2424.92,2099.44,15.5
7,Windy Arbour,53.301558,-6.250708,4.23,15,No,"Churchtown, Dublin 14",2025,1 to 3 bed,All property types,2485.84,2094.44,18.7
7,Windy Arbour,53.301558,-6.250708,4.23,15,No,"Churchtown, Dublin 14",2025,1 to 3 bed,Apartment,2468.26,2147.36,14.9
8,Dundrum,53.292358,-6.245117,5.3,17,No,"Dundrum, Dublin 16",2025,All bedrooms,All property types,2336.13,2158.8,8.2
8,Dundrum,53.292358,-6.245117,5.3,17,No,"Dundrum, Dublin 16",2025,All bedrooms,Semi detached house,2969.27,2568.85,15.6
8,Dundrum,53.292358,-6.245117,5.3,17,No,"Dundrum, Dublin 16",2025,All bedrooms,Terrace house,2562.11,2427.9,5.5
8,Dundrum,53.292358,-6.245117,5.3,17,No,"Dundrum, Dublin 16",2025,All bedrooms,Apartment,2295.08,2151.19,6.7
8,Dundrum,53.292358,-6.245117,5.3,17,No,"Dundrum, Dublin 16",2025,One bed,All property types,2042.05,1735.93,17.6
8,Dundrum,53.292358,-6.245117,5.3,17,No,"Dundrum, Dublin 16",2025,One bed,Apartment,2052.77,1859.0,10.4
8,Dundrum,53.292358,-6.245117,5.3,17,No,"Dundrum, Dublin 16",2025,Two bed,All property types,2338.35,2247.17,4.1
8,Dundrum,53.292358,-6.245117,5.3,17,No,"Dundrum, Dublin 16",2025,Two bed,Apartment,2352.6,2277.3,3.3
8,Dundrum,53.292358,-6.245117,5.3,17,No,"Dundrum, Dublin 16",2025,Three bed,All property types,2933.57,2567.01,14.3
8,Dundrum,53.292358,-6.245117,5.3,17,No,"Dundrum, Dublin 16",2025,Three bed,Apartment,3029.49,2808.18,7.9
8,Dundrum,53.292358,-6.245117,5.3,17,No,"Dundrum, Dublin 16",2025,1 to 2 bed,All property types,2227.28,2013.06,10.6
8,Dundrum,53.292358,-6.245117,5.3,17,No,"Dundrum, Dublin 16",2025,1 to 2 bed,Apartment,2239.1,2099.44,6.7
8,Dundrum,53.292358,-6.245117,5.3,17,No,"Dundrum, Dublin 16",2025,1 to 3 bed,All property types,2302.7,2094.44,9.9
8,Dundrum,53.292358,-6.245117,5.3,17,No,"Dundrum, Dublin 16",2025,1 to 3 bed,Terrace house,2519.9,2261.42,11.4
8,Dundrum,53.292358,-6.245117,5.3,17,No,"Dundrum, Dublin 16",2025,1 to 3 bed,Apartment,2295.08,2147.36,6.9
8,Dundrum,53.292358,-6.245117,5.3,17,No,"Dundrum, Dublin 16",2025,Four plus bed,All property types,3305.45,3330.44,-0.8
9,Balally,53.286106,-6.236772,6.11,19,Yes,"Dundrum, Dublin 16",2025,All bedrooms,All property types,2336.13,2158.8,8.2
9,Balally,53.286106,-6.236772,6.11,19,Yes,"Dundrum, Dublin 16",2025,All bedrooms,Semi detached house,2969.27,2568.85,15.6
9,Balally,53.286106,-6.236772,6.11,19,Yes,"Dundrum, Dublin 16",2025,All bedrooms,Terrace house,2562.11,2427.9,5.5
9,Balally,53.286106,-6.236772,6.11,19,Yes,"Dundrum, Dublin 16",2025,All bedrooms,Apartment,2295.08,2151.19,6.7
9,Balally,53.286106,-6.236772,6.11,19,Yes,"Dundrum, Dublin 16",2025,One bed,All property types,2042.05,1735.93,17.6
9,Balally,53.286106,-6.236772,6.11,19,Yes,"Dundrum, Dublin 16",2025,One bed,Apartment,2052.77,1859.0,10.4
9,Balally,53.286106,-6.236772,6.11,19,Yes,"Dundrum, Dublin 16",2025,Two bed,All property types,2338.35,2247.17,4.1
9,Balally,53.286106,-6.236772,6.11,19,Yes,"Dundrum, Dublin 16",2025,Two bed,Apartment,2352.6,2277.3,3.3
9,Balally,53.286106,-6.236772,6.11,19,Yes,"Dundrum, Dublin 16",2025,Three bed,All property types,2933.57,2567.01,14.3
9,Balally,53.286106,-6.236772,6.11,19,Yes,"Dundrum, Dublin 16",2025,Three bed,Apartment,3029.49,2808.18,7.9
9,Balally,53.286106,-6.236772,6.11,19,Yes,"Dundrum, Dublin 16",2025,1 to 2 bed,All property types,2227.28,2013.06,10.6
9,Balally,53.286106,-6.236772,6.11,19,Yes,"Dundrum, Dublin 16",2025,1 to 2 bed,Apartment,2239.1,2099.44,6.7
9,Balally,53.286106,-6.236772,6.11,19,Yes,"Dundrum, Dublin 16",2025,1 to 3 bed,All property types,2302.7,2094.44,9.9
9,Balally,53.286106,-6.236772,6.11,19,Yes,"Dundrum, Dublin 16",2025,1 to 3 bed,Terrace house,2519.9,2261.42,11.4
9,Balally,53.286106,-6.236772,6.11,19,Yes,"Dundrum, Dublin 16",2025,1 to 3 bed,Apartment,2295.08,2147.36,6.9
9,Balally,53.286106,-6.236772,6.11,19,Yes,"Dundrum, Dublin 16",2025,Four plus bed,All property types,3305.45,3330.44,-0.8
10,Kilmacud,53.283008,-6.223886,6.71,21,No,"Stillorgan, Dublin",2025,All bedrooms,All property types,2406.22,2158.8,11.5
10,Kilmacud,53.283008,-6.223886,6.71,21,No,"Stillorgan, Dublin",2025,All bedrooms,Semi detached house,2981.47,2568.85,16.1
10,Kilmacud,53.283008,-6.223886,6.71,21,No,"Stillorgan, Dublin",2025,All bedrooms,Terrace house,2774.16,2427.9,14.3
10,Kilmacud,53.283008,-6.223886,6.71,21,No,"Stillorgan, Dublin",2025,All bedrooms,Apartment,2318.32,2151.19,7.8
10,Kilmacud,53.283008,-6.223886,6.71,21,No,"Stillorgan, Dublin",2025,One bed,All property types,2085.32,1735.93,20.1
10,Kilmacud,53.283008,-6.223886,6.71,21,No,"Stillorgan, Dublin",2025,One bed,Apartment,2096.88,1859.0,12.8
10,Kilmacud,53.283008,-6.223886,6.71,21,No,"Stillorgan, Dublin",2025,Two bed,All property types,2440.1,2247.17,8.6
10,Kilmacud,53.283008,-6.223886,6.71,21,No,"Stillorgan, Dublin",2025,Two bed,Apartment,2454.66,2277.3,7.8
10,Kilmacud,53.283008,-6.223886,6.71,21,No,"Stillorgan, Dublin",2025,Three bed,All property types,2829.83,2567.01,10.2
10,Kilmacud,53.283008,-6.223886,6.71,21,No,"Stillorgan, Dublin",2025,Three bed,Apartment,2743.91,2808.18,-2.3
10,Kilmacud,53.283008,-6.223886,6.71,21,No,"Stillorgan, Dublin",2025,1 to 2 bed,All property types,2285.54,2013.06,13.5
10,Kilmacud,53.283008,-6.223886,6.71,21,No,"Stillorgan, Dublin",2025,1 to 2 bed,Apartment,2296.92,2099.44,9.4
10,Kilmacud,53.283008,-6.223886,6.71,21,No,"Stillorgan, Dublin",2025,1 to 3 bed,All property types,2335.26,2094.44,11.5
10,Kilmacud,53.283008,-6.223886,6.71,21,No,"Stillorgan, Dublin",2025,1 to 3 bed,Semi detached house,2531.85,2286.89,10.7
10,Kilmacud,53.283008,-6.223886,6.71,21,No,"Stillorgan, Dublin",2025,1 to 3 bed,Apartment,2317.1,2147.36,7.9
10,Kilmacud,53.283008,-6.223886,6.71,21,No,"Stillorgan, Dublin",2025,Four plus bed,All property types,3571.43,3330.44,7.2
10,Kilmacud,53.283008,-6.223886,6.71,21,No,"Stillorgan, Dublin",2025,Four plus bed,Semi detached house,3444.71,3199.03,7.7
11,Stillorgan,53.279311,-6.209919,7.47,22,Yes,"Stillorgan, Dublin",2025,All bedrooms,All property types,2406.22,2158.8,11.5
11,Stillorgan,53.279311,-6.209919,7.47,22,Yes,"Stillorgan, Dublin",2025,All bedrooms,Semi detached house,2981.47,2568.85,16.1
11,Stillorgan,53.279311,-6.209919,7.47,22,Yes,"Stillorgan, Dublin",2025,All bedrooms,Terrace house,2774.16,2427.9,14.3
11,Stillorgan,53.279311,-6.209919,7.47,22,Yes,"Stillorgan, Dublin",2025,All bedrooms,Apartment,2318.32,2151.19,7.8
11,Stillorgan,53.279311,-6.209919,7.47,22,Yes,"Stillorgan, Dublin",2025,One bed,All property types,2085.32,1735.93,20.1
11,Stillorgan,53.279311,-6.209919,7.47,22,Yes,"Stillorgan, Dublin",2025,One bed,Apartment,2096.88,1859.0,12.8
11,Stillorgan,53.279311,-6.209919,7.47,22,Yes,"Stillorgan, Dublin",2025,Two bed,All property types,2440.1,2247.17,8.6
11,Stillorgan,53.279311,-6.209919,7.47,22,Yes,"Stillorgan, Dublin",2025,Two bed,Apartment,2454.66,2277.3,7.8
11,Stillorgan,53.279311,-6.209919,7.47,22,Yes,"Stillorgan, Dublin",2025,Three bed,All property types,2829.83,2567.01,10.2
11,Stillorgan,53.279311,-6.209919,7.47,22,Yes,"Stillorgan, Dublin",2025,Three bed,Apartment,2743.91,2808.18,-2.3
11,Stillorgan,53.279311,-6.209919,7.47,22,Yes,"Stillorgan, Dublin",2025,1 to 2 bed,All property types,2285.54,2013.06,13.5
11,Stillorgan,53.279311,-6.209919,7.47,22,Yes,"Stillorgan, Dublin",2025,1 to 2 bed,Apartment,2296.92,2099.44,9.4
11,Stillorgan,53.279311,-6.209919,7.47,22,Yes,"Stillorgan, Dublin",2025,1 to 3 bed,All property types,2335.26,2094.44,11.5
11,Stillorgan,53.279311,-6.209919,7.47,22,Yes,"Stillorgan, Dublin",2025,1 to 3 bed,Semi detached house,2531.85,2286.89,10.7
11,Stillorgan,53.279311,-6.209919,7.47,22,Yes,"Stillorgan, Dublin",2025,1 to 3 bed,Apartment,2317.1,2147.36,7.9
11,Stillorgan,53.279311,-6.209919,7.47,22,Yes,"Stillorgan, Dublin",2025,Four plus bed,All property types,3571.43,3330.44,7.2
11,Stillorgan,53.279311,-6.209919,7.47,22,Yes,"Stillorgan, Dublin",2025,Four plus bed,Semi detached house,3444.71,3199.03,7.7
12,Sandyford,53.277603,-6.204678,7.8,24,Yes,"Sandyford, Dublin 18",2025,All bedrooms,All property types,2309.65,2158.8,7.0
12,Sandyford,53.277603,-6.204678,7.8,24,Yes,"Sandyford, Dublin 18",2025,All bedrooms,Apartment,2289.15,2151.19,6.4
12,Sandyford,53.277603,-6.204678,7.8,24,Yes,"Sandyford, Dublin 18",2025,One bed,All property types,2034.6,1735.93,17.2
12,Sandyford,53.277603,-6.204678,7.8,24,Yes,"Sandyford, Dublin 18",2025,One bed,Apartment,2042.0,1859.0,9.8
12,Sandyford,53.277603,-6.204678,7.8,24,Yes,"Sandyford, Dublin 18",2025,Two bed,All property types,2390.84,2247.17,6.4
12,Sandyford,53.277603,-6.204678,7.8,24,Yes,"Sandyford, Dublin 18",2025,Two bed,Apartment,2391.76,2277.3,5.0
12,Sandyford,53.277603,-6.204678,7.8,24,Yes,"Sandyford, Dublin 18",2025,Three bed,All property types,2728.15,2567.01,6.3
12,Sandyford,53.277603,-6.204678,7.8,24,Yes,"Sandyford, Dublin 18",2025,Three bed,Apartment,2859.9,2808.18,1.8
12,Sandyford,53.277603,-6.204678,7.8,24,Yes,"Sandyford, Dublin 18",2025,1 to 2 bed,All property types,2252.72,2013.06,11.9
12,Sandyford,53.277603,-6.204678,7.8,24,Yes,"Sandyford, Dublin 18",2025,1 to 2 bed,Apartment,2257.48,2099.44,7.5
12,Sandyford,53.277603,-6.204678,7.8,24,Yes,"Sandyford, Dublin 18",2025,1 to 3 bed,All property types,2292.18,2094.44,9.4
12,Sandyford,53.277603,-6.204678,7.8,24,Yes,"Sandyford, Dublin 18",2025,1 to 3 bed,Apartment,2289.15,2147.36,6.6
13,Central Park,53.27015,-6.203764,8.57,26,No,"Leopardstown, Dublin 18",2025,All bedrooms,All property types,2176.69,2158.8,0.8
13,Central Park,53.27015,-6.203764,8.57,26,No,"Leopardstown, Dublin 18",2025,All bedrooms,Semi detached house,2550.84,2568.85,-0.7
13,Central Park,53.27015,-6.203764,8.57,26,No,"Leopardstown, Dublin 18",2025,All bedrooms,Apartment,2135.05,2151.19,-0.8
13,Central Park,53.27015,-6.203764,8.57,26,No,"Leopardstown, Dublin 18",2025,One bed,All property types,1835.65,1735.93,5.7
13,Central Park,53.27015,-6.203764,8.57,26,No,"Leopardstown, Dublin 18",2025,One bed,Apartment,1842.69,1859.0,-0.9
13,Central Park,53.27015,-6.203764,8.57,26,No,"Leopardstown, Dublin 18",2025,Two bed,All property types,2136.78,2247.17,-4.9
13,Central Park,53.27015,-6.203764,8.57,26,No,"Leopardstown, Dublin 18",2025,Two bed,Apartment,2134.07,2277.3,-6.3
13,Central Park,53.27015,-6.203764,8.57,26,No,"Leopardstown, Dublin 18",2025,Three bed,All property types,2658.63,2567.01,3.6
13,Central Park,53.27015,-6.203764,8.57,26,No,"Leopardstown, Dublin 18",2025,Three bed,Apartment,2778.19,2808.18,-1.1
13,Central Park,53.27015,-6.203764,8.57,26,No,"Leopardstown, Dublin 18",2025,1 to 2 bed,All property types,2049.58,2013.06,1.8
13,Central Park,53.27015,-6.203764,8.57,26,No,"Leopardstown, Dublin 18",2025,1 to 2 bed,Apartment,2049.56,2099.44,-2.4
13,Central Park,53.27015,-6.203764,8.57,26,No,"Leopardstown, Dublin 18",2025,1 to 3 bed,All property types,2158.56,2094.44,3.1
13,Central Park,53.27015,-6.203764,8.57,26,No,"Leopardstown, Dublin 18",2025,1 to 3 bed,Apartment,2135.05,2147.36,-0.6
14,Glencairn,53.266336,-6.209942,8.78,28,No,"Leopardstown, Dublin 18",2025,All bedrooms,All property types,2176.69,2158.8,0.8
14,Glencairn,53.266336,-6.209942,8.78,28,No,"Leopardstown, Dublin 18",2025,All bedrooms,Semi detached house,2550.84,2568.85,-0.7
14,Glencairn,53.266336,-6.209942,8.78,28,No,"Leopardstown, Dublin 18",2025,All bedrooms,Apartment,2135.05,2151.19,-0.8
14,Glencairn,53.266336,-6.209942,8.78,28,No,"Leopardstown, Dublin 18",2025,One bed,All property types,1835.65,1735.93,5.7
14,Glencairn,53.266336,-6.209942,8.78,28,No,"Leopardstown, Dublin 18",2025,One bed,Apartment,1842.69,1859.0,-0.9
14,Glencairn,53.266336,-6.209942,8.78,28,No,"Leopardstown, Dublin 18",2025,Two bed,All property types,2136.78,2247.17,-4.9
14,Glencairn,53.266336,-6.209942,8.78,28,No,"Leopardstown, Dublin 18",2025,Two bed,Apartment,2134.07,2277.3,-6.3
14,Glencairn,53.266336,-6.209942,8.78,28,No,"Leopardstown, Dublin 18",2025,Three bed,All property types,2658.63,2567.01,3.6
14,Glencairn,53.266336,-6.209942,8.78,28,No,"Leopardstown, Dublin 18",2025,Three bed,Apartment,2778.19,2808.18,-1.1
14,Glencairn,53.266336,-6.209942,8.78,28,No,"Leopardstown, Dublin 18",2025,1 to 2 bed,All property types,2049.58,2013.06,1.8
14,Glencairn,53.266336,-6.209942,8.78,28,No,"Leopardstown, Dublin 18",2025,1 to 2 bed,Apartment,2049.56,2099.44,-2.4
14,Glencairn,53.266336,-6.209942,8.78,28,No,"Leopardstown, Dublin 18",2025,1 to 3 bed,All property types,2158.56,2094.44,3.1
14,Glencairn,53.266336,-6.209942,8.78,28,No,"Leopardstown, Dublin 18",2025,1 to 3 bed,Apartment,2135.05,2147.36,-0.6
15,The Gallops,53.261164,-6.206022,9.41,29,No,"Leopardstown, Dublin 18",2025,All bedrooms,All property types,2176.69,2158.8,0.8
15,The Gallops,53.261164,-6.206022,9.41,29,No,"Leopardstown, Dublin 18",2025,All bedrooms,Semi detached house,2550.84,2568.85,-0.7
15,The Gallops,53.261164,-6.206022,9.41,29,No,"Leopardstown, Dublin 18",2025,All bedrooms,Apartment,2135.05,2151.19,-0.8
15,The Gallops,53.261164,-6.206022,9.41,29,No,"Leopardstown, Dublin 18",2025,One bed,All property types,1835.65,1735.93,5.7
15,The Gallops,53.261164,-6.206022,9.41,29,No,"Leopardstown, Dublin 18",2025,One bed,Apartment,1842.69,1859.0,-0.9
15,The Gallops,53.261164,-6.206022,9.41,29,No,"Leopardstown, Dublin 18",2025,Two bed,All property types,2136.78,2247.17,-4.9
15,The Gallops,53.261164,-6.206022,9.41,29,No,"Leopardstown, Dublin 18",2025,Two bed,Apartment,2134.07,2277.3,-6.3
15,The Gallops,53.261164,-6.206022,9.41,29,No,"Leopardstown, Dublin 18",2025,Three bed,All property types,2658.63,2567.01,3.6
15,The Gallops,53.261164,-6.206022,9.41,29,No,"Leopardstown, Dublin 18",2025,Three bed,Apartment,2778.19,2808.18,-1.1
15,The Gallops,53.261164,-6.206022,9.41,29,No,"Leopardstown, Dublin 18",2025,1 to 2 bed,All property types,2049.58,2013.06,1.8
15,The Gallops,53.261164,-6.206022,9.41,29,No,"Leopardstown, Dublin 18",2025,1 to 2 bed,Apartment,2049.56,2099.44,-2.4
15,The Gallops,53.261164,-6.206022,9.41,29,No,"Leopardstown, Dublin 18",2025,1 to 3 bed,All property types,2158.56,2094.44,3.1
15,The Gallops,53.261164,-6.206022,9.41,29,No,"Leopardstown, Dublin 18",2025,1 to 3 bed,Apartment,2135.05,2147.36,-0.6
16,Leopardstown Valley,53.258247,-6.198361,9.91,31,No,"Leopardstown, Dublin 18",2025,All bedrooms,All property types,2176.69,2158.8,0.8
16,Leopardstown Valley,53.258247,-6.198361,9.91,31,No,"Leopardstown, Dublin 18",2025,All bedrooms,Semi detached house,2550.84,2568.85,-0.7
16,Leopardstown Valley,53.258247,-6.198361,9.91,31,No,"Leopardstown, Dublin 18",2025,All bedrooms,Apartment,2135.05,2151.19,-0.8
16,Leopardstown Valley,53.258247,-6.198361,9.91,31,No,"Leopardstown, Dublin 18",2025,One bed,All property types,1835.65,1735.93,5.7
16,Leopardstown Valley,53.258247,-6.198361,9.91,31,No,"Leopardstown, Dublin 18",2025,One bed,Apartment,1842.69,1859.0,-0.9
16,Leopardstown Valley,53.258247,-6.198361,9.91,31,No,"Leopardstown, Dublin 18",2025,Two bed,All property types,2136.78,2247.17,-4.9
16,Leopardstown Valley,53.258247,-6.198361,9.91,31,No,"Leopardstown, Dublin 18",2025,Two bed,Apartment,2134.07,2277.3,-6.3
16,Leopardstown Valley,53.258247,-6.198361,9.91,31,No,"Leopardstown, Dublin 18",2025,Three bed,All property types,2658.63,2567.01,3.6
16,Leopardstown Valley,53.258247,-6.198361,9.91,31,No,"Leopardstown, Dublin 18",2025,Three bed,Apartment,2778.19,2808.18,-1.1
16,Leopardstown Valley,53.258247,-6.198361,9.91,31,No,"Leopardstown, Dublin 18",2025,1 to 2 bed,All property types,2049.58,2013.06,1.8
16,Leopardstown Valley,53.258247,-6.198361,9.91,31,No,"Leopardstown, Dublin 18",2025,1 to 2 bed,Apartment,2049.56,2099.44,-2.4
16,Leopardstown Valley,53.258247,-6.198361,9.91,31,No,"Leopardstown, Dublin 18",2025,1 to 3 bed,All property types,2158.56,2094.44,3.1
16,Leopardstown Valley,53.258247,-6.198361,9.91,31,No,"Leopardstown, Dublin 18",2025,1 to 3 bed,Apartment,2135.05,2147.36,-0.6
17,Ballyogan Wood,53.255047,-6.184475,10.65,33,No,"Carrickmines, Dublin 18",2025,All bedrooms,All property types,2288.27,2158.8,6.0
17,Ballyogan Wood,53.255047,-6.184475,10.65,33,No,"Carrickmines, Dublin 18",2025,All bedrooms,Apartment,2094.37,2151.19,-2.6
17,Ballyogan Wood,53.255047,-6.184475,10.65,33,No,"Carrickmines, Dublin 18",2025,Two bed,All property types,2162.49,2247.17,-3.8
17,Ballyogan Wood,53.255047,-6.184475,10.65,33,No,"Carrickmines, Dublin 18",2025,Two bed,Apartment,2161.77,2277.3,-5.1
17,Ballyogan Wood,53.255047,-6.184475,10.65,33,No,"Carrickmines, Dublin 18",2025,1 to 2 bed,All property types,2031.5,2013.06,0.9
17,Ballyogan Wood,53.255047,-6.184475,10.65,33,No,"Carrickmines, Dublin 18",2025,1 to 2 bed,Apartment,2024.04,2099.44,-3.6
17,Ballyogan Wood,53.255047,-6.184475,10.65,33,No,"Carrickmines, Dublin 18",2025,1 to 3 bed,All property types,2103.8,2094.44,0.4
17,Ballyogan Wood,53.255047,-6.184475,10.65,33,No,"Carrickmines, Dublin 18",2025,1 to 3 bed,Apartment,2056.15,2147.36,-4.2
18,Racecourse,53.255367,-6.175161,10.93,34,No,"Leopardstown, Dublin 18",2025,All bedrooms,All property types,2176.69,2158.8,0.8
18,Racecourse,53.255367,-6.175161,10.93,34,No,"Leopardstown, Dublin 18",2025,All bedrooms,Semi detached house,2550.84,2568.85,-0.7
18,Racecourse,53.255367,-6.175161,10.93,34,No,"Leopardstown, Dublin 18",2025,All bedrooms,Apartment,2135.05,2151.19,-0.8
18,Racecourse,53.255367,-6.175161,10.93,34,No,"Leopardstown, Dublin 18",2025,One bed,All property types,1835.65,1735.93,5.7
18,Racecourse,53.255367,-6.175161,10.93,34,No,"Leopardstown, Dublin 18",2025,One bed,Apartment,1842.69,1859.0,-0.9
18,Racecourse,53.255367,-6.175161,10.93,34,No,"Leopardstown, Dublin 18",2025,Two bed,All property types,2136.78,2247.17,-4.9
18,Racecourse,53.255367,-6.175161,10.93,34,No,"Leopardstown, Dublin 18",2025,Two bed,Apartment,2134.07,2277.3,-6.3
18,Racecourse,53.255367,-6.175161,10.93,34,No,"Leopardstown, Dublin 18",2025,Three bed,All property types,2658.63,2567.01,3.6
18,Racecourse,53.255367,-6.175161,10.93,34,No,"Leopardstown, Dublin 18",2025,Three bed,Apartment,2778.19,2808.18,-1.1
18,Racecourse,53.255367,-6.175161,10.93,34,No,"Leopardstown, Dublin 18",2025,1 to 2 bed,All property types,2049.58,2013.06,1.8
18,Racecourse,53.255367,-6.175161,10.93,34,No,"Leopardstown, Dublin 18",2025,1 to 2 bed,Apartment,2049.56,2099.44,-2.4
18,Racecourse,53.255367,-6.175161,10.93,34,No,"Leopardstown, Dublin 18",2025,1 to 3 bed,All property types,2158.56,2094.44,3.1
18,Racecourse,53.255367,-6.175161,10.93,34,No,"Leopardstown, Dublin 18",2025,1 to 3 bed,Apartment,2135.05,2147.36,-0.6
19,Carrickmines,53.254033,-6.169908,11.24,36,Yes,"Carrickmines, Dublin 18",2025,All bedrooms,All property types,2288.27,2158.8,6.0
19,Carrickmines,53.254033,-6.169908,11.24,36,Yes,"Carrickmines, Dublin 18",2025,All bedrooms,Apartment,2094.37,2151.19,-2.6
19,Carrickmines,53.254033,-6.169908,11.24,36,Yes,"Carrickmines, Dublin 18",2025,Two bed,All property types,2162.49,2247.17,-3.8
19,Carrickmines,53.254033,-6.169908,11.24,36,Yes,"Carrickmines, Dublin 18",2025,Two bed,Apartment,2161.77,2277.3,-5.1
19,Carrickmines,53.254033,-6.169908,11.24,36,Yes,"Carrickmines, Dublin 18",2025,1 to 2 bed,All property types,2031.5,2013.06,0.9
19,Carrickmines,53.254033,-6.169908,11.24,36,Yes,"Carrickmines, Dublin 18",2025,1 to 2 bed,Apartment,2024.04,2099.44,-3.6
19,Carrickmines,53.254033,-6.169908,11.24,36,Yes,"Carrickmines, Dublin 18",2025,1 to 3 bed,All property types,2103.8,2094.44,0.4
19,Carrickmines,53.254033,-6.169908,11.24,36,Yes,"Carrickmines, Dublin 18",2025,1 to 3 bed,Apartment,2056.15,2147.36,-4.2
20,Brennanstown,53.252619,-6.161597,11.68,37,No,"Cabinteely, Dublin 18",2025,All bedrooms,All property types,2323.99,2158.8,7.7
20,Brennanstown,53.252619,-6.161597,11.68,37,No,"Cabinteely, Dublin 18",2025,All bedrooms,Apartment,2167.22,2151.19,0.7
20,Brennanstown,53.252619,-6.161597,11.68,37,No,"Cabinteely, Dublin 18",2025,Two bed,All property types,2087.52,2247.17,-7.1
20,Brennanstown,53.252619,-6.161597,11.68,37,No,"Cabinteely, Dublin 18",2025,Two bed,Apartment,2090.92,2277.3,-8.2
20,Brennanstown,53.252619,-6.161597,11.68,37,No,"Cabinteely, Dublin 18",2025,1 to 2 bed,All property types,2040.64,2013.06,1.4
20,Brennanstown,53.252619,-6.161597,11.68,37,No,"Cabinteely, Dublin 18",2025,1 to 2 bed,Apartment,2042.7,2099.44,-2.7
20,Brennanstown,53.252619,-6.161597,11.68,37,No,"Cabinteely, Dublin 18",2025,1 to 3 bed,All property types,2197.67,2094.44,4.9
20,Brennanstown,53.252619,-6.161597,11.68,37,No,"Cabinteely, Dublin 18",2025,1 to 3 bed,Apartment,2132.87,2147.36,-0.7
21,Laughanstown,53.250606,-6.155006,12.11,39,No,"Cabinteely, Dublin 18",2025,All bedrooms,All property types,2323.99,2158.8,7.7
21,Laughanstown,53.250606,-6.155006,12.11,39,No,"Cabinteely, Dublin 18",2025,All bedrooms,Apartment,2167.22,2151.19,0.7
21,Laughanstown,53.250606,-6.155006,12.11,39,No,"Cabinteely, Dublin 18",2025,Two bed,All property types,2087.52,2247.17,-7.1
21,Laughanstown,53.250606,-6.155006,12.11,39,No,"Cabinteely, Dublin 18",2025,Two bed,Apartment,2090.92,2277.3,-8.2
21,Laughanstown,53.250606,-6.155006,12.11,39,No,"Cabinteely, Dublin 18",2025,1 to 2 bed,All property types,2040.64,2013.06,1.4
21,Laughanstown,53.250606,-6.155006,12.11,39,No,"Cabinteely, Dublin 18",2025,1 to 2 bed,Apartment,2042.7,2099.44,-2.7
21,Laughanstown,53.250606,-6.155006,12.11,39,No,"Cabinteely, Dublin 18",2025,1 to 3 bed,All property types,2197.67,2094.44,4.9
21,Laughanstown,53.250606,-6.155006,12.11,39,No,"Cabinteely, Dublin 18",2025,1 to 3 bed,Apartment,2132.87,2147.36,-0.7
22,Cherrywood,53.245333,-6.145853,12.94,41,No,"Cabinteely, Dublin 18",2025,All bedrooms,All property types,2323.99,2158.8,7.7
22,Cherrywood,53.245333,-6.145853,12.94,41,No,"Cabinteely, Dublin 18",2025,All bedrooms,Apartment,2167.22,2151.19,0.7
22,Cherrywood,53.245333,-6.145853,12.94,41,No,"Cabinteely, Dublin 18",2025,Two bed,All property types,2087.52,2247.17,-7.1
22,Cherrywood,53.245333,-6.145853,12.94,41,No,"Cabinteely, Dublin 18",2025,Two bed,Apartment,2090.92,2277.3,-8.2
22,Cherrywood,53.245333,-6.145853,12.94,41,No,"Cabinteely, Dublin 18",2025,1 to 2 bed,All property types,2040.64,2013.06,1.4
22,Cherrywood,53.245333,-6.145853,12.94,41,No,"Cabinteely, Dublin 18",2025,1 to 2 bed,Apartment,2042.7,2099.44,-2.7
22,Cherrywood,53.245333,-6.145853,12.94,41,No,"Cabinteely, Dublin 18",2025,1 to 3 bed,All property types,2197.67,2094.44,4.9
22,Cherrywood,53.245333,-6.145853,12.94,41,No,"Cabinteely, Dublin 18",2025,1 to 3 bed,Apartment,2132.87,2147.36,-0.7
23,Brides Glen,53.242075,-6.142886,13.35,42,No,"Shankill, Dublin",2025,All bedrooms,All property types,2053.71,2158.8,-4.9
23,Brides Glen,53.242075,-6.142886,13.35,42,No,"Shankill, Dublin",2025,All bedrooms,Apartment,1777.48,2151.19,-17.4
23,Brides Glen,53.242075,-6.142886,13.35,42,No,"Shankill, Dublin",2025,Two bed,All property types,1985.58,2247.17,-11.6
23,Brides Glen,53.242075,-6.142886,13.35,42,No,"Shankill, Dublin",2025,1 to 2 bed,All property types,1772.2,2013.06,-12.0
23,Brides Glen,53.242075,-6.142886,13.35,42,No,"Shankill, Dublin",2025,1 to 2 bed,Apartment,1777.53,2099.44,-15.3
23,Brides Glen,53.242075,-6.142886,13.35,42,No,"Shankill, Dublin",2025,1 to 3 bed,All property types,1950.68,2094.44,-6.9
23,Brides Glen,53.242075,-6.142886,13.35,42,No,"Shankill, Dublin",2025,1 to 3 bed,Apartment,1777.48,2147.36,-17.2
